record_id,description,label,lsr_tags,event_group,split,hse_reviewed,is_synthetic,report_type,site,department,event_timestamp,source,synthesis_notice
SYN-DEMO-0001,"During planned work, At Moran Field, During a pressure test, the relief device was bypassed while personnel remained beside the separator. The task was in its preparation stage. The supervisor was notified and the area was made safe.",1,"[""Bypassing Safety Controls""]",SYNTHETIC-DEMO-EVENT-SYN-DEMO-0001,train,false,true,Unsafe Condition,Moran Field,Production,2025-01-02T08:00:00+05:30,ASCENSION_TEMPLATE_GENERATOR,"SYNTHETIC_DEVELOPMENT_ONLY; not a real incident, HSE label or validation record."
SYN-DEMO-0002,"While the task was under way, At Digboi Refinery, During a pressure test, the relief device was bypassed while personnel remained beside the separator. The task was in its preparation stage. No injury was reported; the exposure pathway was documented for follow-up.",1,"[""Bypassing Safety Controls""]",SYNTHETIC-DEMO-EVENT-SYN-DEMO-0002,calibration,false,true,Unsafe Act,Digboi Refinery,Maintenance,2025-01-03T08:00:00+05:30,ASCENSION_TEMPLATE_GENERATOR,"SYNTHETIC_DEVELOPMENT_ONLY; not a real incident, HSE label or validation record."
SYN-DEMO-0003,"Following a toolbox talk, At Naharkatiya Field, During a pressure test, the relief device was bypassed while personnel remained beside the separator. The task was in its preparation stage. The event was recorded for HSE review and corrective action.",1,"[""Bypassing Safety Controls""]",SYNTHETIC-DEMO-EVENT-SYN-DEMO-0003,train,false,true,Incident,Naharkatiya Field,Projects,2025-01-04T08:00:00+05:30,ASCENSION_TEMPLATE_GENERATOR,"SYNTHETIC_DEVELOPMENT_ONLY; not a real incident, HSE label or validation record."
SYN-DEMO-0004,"During routine operations, At Duliajan Field, During a pressure test, the relief device was bypassed while personnel remained beside the separator. The task was in its preparation stage. The task was stopped and escalated for review.",1,"[""Bypassing Safety Controls""]",SYNTHETIC-DEMO-EVENT-SYN-DEMO-0004,train,false,true,Near Miss,Duliajan Field,Drilling,2025-01-05T08:00:00+05:30,ASCENSION_TEMPLATE_GENERATOR,"SYNTHETIC_DEVELOPMENT_ONLY; not a real incident, HSE label or validation record."
SYN-DEMO-0005,"At the start of the task, At Moran Field, During a pressure test, the relief device was bypassed while personnel remained beside the separator. The task was in its preparation stage. The supervisor was notified and the area was made safe.",1,"[""Bypassing Safety Controls""]",SYNTHETIC-DEMO-EVENT-SYN-DEMO-0005,train,false,true,Unsafe Condition,Moran Field,Production,2025-01-06T08:00:00+05:30,ASCENSION_TEMPLATE_GENERATOR,"SYNTHETIC_DEVELOPMENT_ONLY; not a real incident, HSE label or validation record."
SYN-DEMO-0006,"During the shift handover, At Digboi Refinery, During a pressure test, the relief device was bypassed while personnel remained beside the separator. The task was in its preparation stage. No injury was reported; the exposure pathway was documented for follow-up.",1,"[""Bypassing Safety Controls""]",SYNTHETIC-DEMO-EVENT-SYN-DEMO-0006,train,false,true,Unsafe Act,Digboi Refinery,Maintenance,2025-01-07T08:00:00+05:30,ASCENSION_TEMPLATE_GENERATOR,"SYNTHETIC_DEVELOPMENT_ONLY; not a real incident, HSE label or validation record."
SYN-DEMO-0007,"During planned work, At Naharkatiya Field, During a pressure test, the relief device was bypassed while personnel remained beside the separator. The task was in its preparation stage. The event was recorded for HSE review and corrective action.",1,"[""Bypassing Safety Controls""]",SYNTHETIC-DEMO-EVENT-SYN-DEMO-0007,calibration,false,true,Incident,Naharkatiya Field,Projects,2025-01-08T08:00:00+05:30,ASCENSION_TEMPLATE_GENERATOR,"SYNTHETIC_DEVELOPMENT_ONLY; not a real incident, HSE label or validation record."
SYN-DEMO-0008,"While the task was under way, At Duliajan Field, During a pressure test, the relief device was bypassed while personnel remained beside the separator. The task was in its preparation stage. The task was stopped and escalated for review.",1,"[""Bypassing Safety Controls""]",SYNTHETIC-DEMO-EVENT-SYN-DEMO-0008,validation,false,true,Near Miss,Duliajan Field,Drilling,2025-01-09T08:00:00+05:30,ASCENSION_TEMPLATE_GENERATOR,"SYNTHETIC_DEVELOPMENT_ONLY; not a real incident, HSE label or validation record."
SYN-DEMO-0009,"Following a toolbox talk, At Moran Field, During a pressure test, the relief device was bypassed while personnel remained beside the separator. The task was in its preparation stage. The supervisor was notified and the area was made safe.",1,"[""Bypassing Safety Controls""]",SYNTHETIC-DEMO-EVENT-SYN-DEMO-0009,test,false,true,Unsafe Condition,Moran Field,Production,2025-01-10T08:00:00+05:30,ASCENSION_TEMPLATE_GENERATOR,"SYNTHETIC_DEVELOPMENT_ONLY; not a real incident, HSE label or validation record."
SYN-DEMO-0010,"During routine operations, At Digboi Refinery, During a pressure test, the relief device was bypassed while personnel remained beside the separator. The task was in its preparation stage. No injury was reported; the exposure pathway was documented for follow-up.",1,"[""Bypassing Safety Controls""]",SYNTHETIC-DEMO-EVENT-SYN-DEMO-0010,train,false,true,Unsafe Act,Digboi Refinery,Maintenance,2025-01-11T08:00:00+05:30,ASCENSION_TEMPLATE_GENERATOR,"SYNTHETIC_DEVELOPMENT_ONLY; not a real incident, HSE label or validation record."
SYN-DEMO-0011,"At the start of the task, At Naharkatiya Field, During a pressure test, the relief device was bypassed while personnel remained beside the separator. The task was in its preparation stage. The event was recorded for HSE review and corrective action.",1,"[""Bypassing Safety Controls""]",SYNTHETIC-DEMO-EVENT-SYN-DEMO-0011,train,false,true,Incident,Naharkatiya Field,Projects,2025-01-12T08:00:00+05:30,ASCENSION_TEMPLATE_GENERATOR,"SYNTHETIC_DEVELOPMENT_ONLY; not a real incident, HSE label or validation record."
SYN-DEMO-0012,"During the shift handover, At Duliajan Field, During a pressure test, the relief device was bypassed while personnel remained beside the separator. The task was in its preparation stage. The task was stopped and escalated for review.",1,"[""Bypassing Safety Controls""]",SYNTHETIC-DEMO-EVENT-SYN-DEMO-0012,train,false,true,Near Miss,Duliajan Field,Drilling,2025-01-13T08:00:00+05:30,ASCENSION_TEMPLATE_GENERATOR,"SYNTHETIC_DEVELOPMENT_ONLY; not a real incident, HSE label or validation record."
SYN-DEMO-0013,"During planned work, At Moran Field, During a pressure test, the relief device was bypassed while personnel remained beside the separator. The task was in its positioning stage. The supervisor was notified and the area was made safe.",1,"[""Bypassing Safety Controls""]",SYNTHETIC-DEMO-EVENT-SYN-DEMO-0013,validation,false,true,Unsafe Condition,Moran Field,Production,2025-01-14T08:00:00+05:30,ASCENSION_TEMPLATE_GENERATOR,"SYNTHETIC_DEVELOPMENT_ONLY; not a real incident, HSE label or validation record."
SYN-DEMO-0014,"While the task was under way, At Digboi Refinery, During a pressure test, the relief device was bypassed while personnel remained beside the separator. The task was in its positioning stage. No injury was reported; the exposure pathway was documented for follow-up.",1,"[""Bypassing Safety Controls""]",SYNTHETIC-DEMO-EVENT-SYN-DEMO-0014,train,false,true,Unsafe Act,Digboi Refinery,Maintenance,2025-01-15T08:00:00+05:30,ASCENSION_TEMPLATE_GENERATOR,"SYNTHETIC_DEVELOPMENT_ONLY; not a real incident, HSE label or validation record."
SYN-DEMO-0015,"Following a toolbox talk, At Naharkatiya Field, During a pressure test, the relief device was bypassed while personnel remained beside the separator. The task was in its positioning stage. The event was recorded for HSE review and corrective action.",1,"[""Bypassing Safety Controls""]",SYNTHETIC-DEMO-EVENT-SYN-DEMO-0015,test,false,true,Incident,Naharkatiya Field,Projects,2025-01-16T08:00:00+05:30,ASCENSION_TEMPLATE_GENERATOR,"SYNTHETIC_DEVELOPMENT_ONLY; not a real incident, HSE label or validation record."
SYN-DEMO-0016,"During routine operations, At Duliajan Field, During a pressure test, the relief device was bypassed while personnel remained beside the separator. The task was in its positioning stage. The task was stopped and escalated for review.",1,"[""Bypassing Safety Controls""]",SYNTHETIC-DEMO-EVENT-SYN-DEMO-0016,test,false,true,Near Miss,Duliajan Field,Drilling,2025-01-17T08:00:00+05:30,ASCENSION_TEMPLATE_GENERATOR,"SYNTHETIC_DEVELOPMENT_ONLY; not a real incident, HSE label or validation record."
SYN-DEMO-0017,"At the start of the task, At Moran Field, During a pressure test, the relief device was bypassed while personnel remained beside the separator. The task was in its positioning stage. The supervisor was notified and the area was made safe.",1,"[""Bypassing Safety Controls""]",SYNTHETIC-DEMO-EVENT-SYN-DEMO-0017,test,false,true,Unsafe Condition,Moran Field,Production,2025-01-18T08:00:00+05:30,ASCENSION_TEMPLATE_GENERATOR,"SYNTHETIC_DEVELOPMENT_ONLY; not a real incident, HSE label or validation record."
SYN-DEMO-0018,"During the shift handover, At Digboi Refinery, During a pressure test, the relief device was bypassed while personnel remained beside the separator. The task was in its positioning stage. No injury was reported; the exposure pathway was documented for follow-up.",1,"[""Bypassing Safety Controls""]",SYNTHETIC-DEMO-EVENT-SYN-DEMO-0018,calibration,false,true,Unsafe Act,Digboi Refinery,Maintenance,2025-01-19T08:00:00+05:30,ASCENSION_TEMPLATE_GENERATOR,"SYNTHETIC_DEVELOPMENT_ONLY; not a real incident, HSE label or validation record."
SYN-DEMO-0019,"During planned work, At Naharkatiya Field, During a pressure test, the relief device was bypassed while personnel remained beside the separator. The task was in its positioning stage. The event was recorded for HSE review and corrective action.",1,"[""Bypassing Safety Controls""]",SYNTHETIC-DEMO-EVENT-SYN-DEMO-0019,train,false,true,Incident,Naharkatiya Field,Projects,2025-01-20T08:00:00+05:30,ASCENSION_TEMPLATE_GENERATOR,"SYNTHETIC_DEVELOPMENT_ONLY; not a real incident, HSE label or validation record."
SYN-DEMO-0020,"While the task was under way, At Duliajan Field, During a pressure test, the relief device was bypassed while personnel remained beside the separator. The task was in its positioning stage. The task was stopped and escalated for review.",1,"[""Bypassing Safety Controls""]",SYNTHETIC-DEMO-EVENT-SYN-DEMO-0020,test,false,true,Near Miss,Duliajan Field,Drilling,2025-01-21T08:00:00+05:30,ASCENSION_TEMPLATE_GENERATOR,"SYNTHETIC_DEVELOPMENT_ONLY; not a real incident, HSE label or validation record."
SYN-DEMO-0021,"Following a toolbox talk, At Moran Field, During a pressure test, the relief device was bypassed while personnel remained beside the separator. The task was in its positioning stage. The supervisor was notified and the area was made safe.",1,"[""Bypassing Safety Controls""]",SYNTHETIC-DEMO-EVENT-SYN-DEMO-0021,train,false,true,Unsafe Condition,Moran Field,Production,2025-01-22T08:00:00+05:30,ASCENSION_TEMPLATE_GENERATOR,"SYNTHETIC_DEVELOPMENT_ONLY; not a real incident, HSE label or validation record."
SYN-DEMO-0022,"During routine operations, At Digboi Refinery, During a pressure test, the relief device was bypassed while personnel remained beside the separator. The task was in its positioning stage. No injury was reported; the exposure pathway was documented for follow-up.",1,"[""Bypassing Safety Controls""]",SYNTHETIC-DEMO-EVENT-SYN-DEMO-0022,test,false,true,Unsafe Act,Digboi Refinery,Maintenance,2025-01-23T08:00:00+05:30,ASCENSION_TEMPLATE_GENERATOR,"SYNTHETIC_DEVELOPMENT_ONLY; not a real incident, HSE label or validation record."
SYN-DEMO-0023,"At the start of the task, At Naharkatiya Field, During a pressure test, the relief device was bypassed while personnel remained beside the separator. The task was in its positioning stage. The event was recorded for HSE review and corrective action.",1,"[""Bypassing Safety Controls""]",SYNTHETIC-DEMO-EVENT-SYN-DEMO-0023,train,false,true,Incident,Naharkatiya Field,Projects,2025-01-24T08:00:00+05:30,ASCENSION_TEMPLATE_GENERATOR,"SYNTHETIC_DEVELOPMENT_ONLY; not a real incident, HSE label or validation record."
SYN-DEMO-0024,"During the shift handover, At Duliajan Field, During a pressure test, the relief device was bypassed while personnel remained beside the separator. The task was in its positioning stage. The task was stopped and escalated for review.",1,"[""Bypassing Safety Controls""]",SYNTHETIC-DEMO-EVENT-SYN-DEMO-0024,train,false,true,Near Miss,Duliajan Field,Drilling,2025-01-25T08:00:00+05:30,ASCENSION_TEMPLATE_GENERATOR,"SYNTHETIC_DEVELOPMENT_ONLY; not a real incident, HSE label or validation record."
SYN-DEMO-0025,"During planned work, At Moran Field, During a pressure test, the relief device was bypassed while personnel remained beside the separator. The task was in its execution stage. The supervisor was notified and the area was made safe.",1,"[""Bypassing Safety Controls""]",SYNTHETIC-DEMO-EVENT-SYN-DEMO-0025,train,false,true,Unsafe Condition,Moran Field,Production,2025-01-26T08:00:00+05:30,ASCENSION_TEMPLATE_GENERATOR,"SYNTHETIC_DEVELOPMENT_ONLY; not a real incident, HSE label or validation record."
SYN-DEMO-0026,"While the task was under way, At Digboi Refinery, During a pressure test, the relief device was bypassed while personnel remained beside the separator. The task was in its execution stage. No injury was reported; the exposure pathway was documented for follow-up.",1,"[""Bypassing Safety Controls""]",SYNTHETIC-DEMO-EVENT-SYN-DEMO-0026,train,false,true,Unsafe Act,Digboi Refinery,Maintenance,2025-01-27T08:00:00+05:30,ASCENSION_TEMPLATE_GENERATOR,"SYNTHETIC_DEVELOPMENT_ONLY; not a real incident, HSE label or validation record."
SYN-DEMO-0027,"Following a toolbox talk, At Naharkatiya Field, During a pressure test, the relief device was bypassed while personnel remained beside the separator. The task was in its execution stage. The event was recorded for HSE review and corrective action.",1,"[""Bypassing Safety Controls""]",SYNTHETIC-DEMO-EVENT-SYN-DEMO-0027,validation,false,true,Incident,Naharkatiya Field,Projects,2025-01-28T08:00:00+05:30,ASCENSION_TEMPLATE_GENERATOR,"SYNTHETIC_DEVELOPMENT_ONLY; not a real incident, HSE label or validation record."
SYN-DEMO-0028,"During routine operations, At Duliajan Field, During a pressure test, the relief device was bypassed while personnel remained beside the separator. The task was in its execution stage. The task was stopped and escalated for review.",1,"[""Bypassing Safety Controls""]",SYNTHETIC-DEMO-EVENT-SYN-DEMO-0028,train,false,true,Near Miss,Duliajan Field,Drilling,2025-01-29T08:00:00+05:30,ASCENSION_TEMPLATE_GENERATOR,"SYNTHETIC_DEVELOPMENT_ONLY; not a real incident, HSE label or validation record."
SYN-DEMO-0029,"At the start of the task, At Moran Field, During a pressure test, the relief device was bypassed while personnel remained beside the separator. The task was in its execution stage. The supervisor was notified and the area was made safe.",1,"[""Bypassing Safety Controls""]",SYNTHETIC-DEMO-EVENT-SYN-DEMO-0029,validation,false,true,Unsafe Condition,Moran Field,Production,2025-01-30T08:00:00+05:30,ASCENSION_TEMPLATE_GENERATOR,"SYNTHETIC_DEVELOPMENT_ONLY; not a real incident, HSE label or validation record."
SYN-DEMO-0030,"During the shift handover, At Digboi Refinery, During a pressure test, the relief device was bypassed while personnel remained beside the separator. The task was in its execution stage. No injury was reported; the exposure pathway was documented for follow-up.",1,"[""Bypassing Safety Controls""]",SYNTHETIC-DEMO-EVENT-SYN-DEMO-0030,train,false,true,Unsafe Act,Digboi Refinery,Maintenance,2025-01-31T08:00:00+05:30,ASCENSION_TEMPLATE_GENERATOR,"SYNTHETIC_DEVELOPMENT_ONLY; not a real incident, HSE label or validation record."
SYN-DEMO-0031,"During planned work, At Naharkatiya Field, During a pressure test, the relief device was bypassed while personnel remained beside the separator. The task was in its execution stage. The event was recorded for HSE review and corrective action.",1,"[""Bypassing Safety Controls""]",SYNTHETIC-DEMO-EVENT-SYN-DEMO-0031,calibration,false,true,Incident,Naharkatiya Field,Projects,2025-02-01T08:00:00+05:30,ASCENSION_TEMPLATE_GENERATOR,"SYNTHETIC_DEVELOPMENT_ONLY; not a real incident, HSE label or validation record."
SYN-DEMO-0032,"While the task was under way, At Duliajan Field, During a pressure test, the relief device was bypassed while personnel remained beside the separator. The task was in its execution stage. The task was stopped and escalated for review.",1,"[""Bypassing Safety Controls""]",SYNTHETIC-DEMO-EVENT-SYN-DEMO-0032,validation,false,true,Near Miss,Duliajan Field,Drilling,2025-02-02T08:00:00+05:30,ASCENSION_TEMPLATE_GENERATOR,"SYNTHETIC_DEVELOPMENT_ONLY; not a real incident, HSE label or validation record."
SYN-DEMO-0033,"During planned work, At Moran Field, During a pressure test, the relief device was verified in service and personnel remained outside the exclusion area. The task was in its preparation stage. The task was stopped and escalated for review.",0,"[""Bypassing Safety Controls""]",SYNTHETIC-DEMO-EVENT-SYN-DEMO-0033,train,false,true,Unsafe Condition,Moran Field,Production,2025-01-02T08:00:00+05:30,ASCENSION_TEMPLATE_GENERATOR,"SYNTHETIC_DEVELOPMENT_ONLY; not a real incident, HSE label or validation record."
SYN-DEMO-0034,"While the task was under way, At Digboi Refinery, During a pressure test, the relief device was verified in service and personnel remained outside the exclusion area. The task was in its preparation stage. The supervisor was notified and the area was made safe.",0,"[""Bypassing Safety Controls""]",SYNTHETIC-DEMO-EVENT-SYN-DEMO-0034,train,false,true,Unsafe Act,Digboi Refinery,Maintenance,2025-01-03T08:00:00+05:30,ASCENSION_TEMPLATE_GENERATOR,"SYNTHETIC_DEVELOPMENT_ONLY; not a real incident, HSE label or validation record."
SYN-DEMO-0035,"Following a toolbox talk, At Naharkatiya Field, During a pressure test, the relief device was verified in service and personnel remained outside the exclusion area. The task was in its preparation stage. No injury was reported; the exposure pathway was documented for follow-up.",0,"[""Bypassing Safety Controls""]",SYNTHETIC-DEMO-EVENT-SYN-DEMO-0035,train,false,true,Incident,Naharkatiya Field,Projects,2025-01-04T08:00:00+05:30,ASCENSION_TEMPLATE_GENERATOR,"SYNTHETIC_DEVELOPMENT_ONLY; not a real incident, HSE label or validation record."
SYN-DEMO-0036,"During routine operations, At Duliajan Field, During a pressure test, the relief device was verified in service and personnel remained outside the exclusion area. The task was in its preparation stage. The event was recorded for HSE review and corrective action.",0,"[""Bypassing Safety Controls""]",SYNTHETIC-DEMO-EVENT-SYN-DEMO-0036,train,false,true,Near Miss,Duliajan Field,Drilling,2025-01-05T08:00:00+05:30,ASCENSION_TEMPLATE_GENERATOR,"SYNTHETIC_DEVELOPMENT_ONLY; not a real incident, HSE label or validation record."
SYN-DEMO-0037,"At the start of the task, At Moran Field, During a pressure test, the relief device was verified in service and personnel remained outside the exclusion area. The task was in its preparation stage. The task was stopped and escalated for review.",0,"[""Bypassing Safety Controls""]",SYNTHETIC-DEMO-EVENT-SYN-DEMO-0037,train,false,true,Unsafe Condition,Moran Field,Production,2025-01-06T08:00:00+05:30,ASCENSION_TEMPLATE_GENERATOR,"SYNTHETIC_DEVELOPMENT_ONLY; not a real incident, HSE label or validation record."
SYN-DEMO-0038,"During the shift handover, At Digboi Refinery, During a pressure test, the relief device was verified in service and personnel remained outside the exclusion area. The task was in its preparation stage. The supervisor was notified and the area was made safe.",0,"[""Bypassing Safety Controls""]",SYNTHETIC-DEMO-EVENT-SYN-DEMO-0038,train,false,true,Unsafe Act,Digboi Refinery,Maintenance,2025-01-07T08:00:00+05:30,ASCENSION_TEMPLATE_GENERATOR,"SYNTHETIC_DEVELOPMENT_ONLY; not a real incident, HSE label or validation record."
SYN-DEMO-0039,"During planned work, At Naharkatiya Field, During a pressure test, the relief device was verified in service and personnel remained outside the exclusion area. The task was in its preparation stage. No injury was reported; the exposure pathway was documented for follow-up.",0,"[""Bypassing Safety Controls""]",SYNTHETIC-DEMO-EVENT-SYN-DEMO-0039,train,false,true,Incident,Naharkatiya Field,Projects,2025-01-08T08:00:00+05:30,ASCENSION_TEMPLATE_GENERATOR,"SYNTHETIC_DEVELOPMENT_ONLY; not a real incident, HSE label or validation record."
SYN-DEMO-0040,"While the task was under way, At Duliajan Field, During a pressure test, the relief device was verified in service and personnel remained outside the exclusion area. The task was in its preparation stage. The event was recorded for HSE review and corrective action.",0,"[""Bypassing Safety Controls""]",SYNTHETIC-DEMO-EVENT-SYN-DEMO-0040,train,false,true,Near Miss,Duliajan Field,Drilling,2025-01-09T08:00:00+05:30,ASCENSION_TEMPLATE_GENERATOR,"SYNTHETIC_DEVELOPMENT_ONLY; not a real incident, HSE label or validation record."
SYN-DEMO-0041,"Following a toolbox talk, At Moran Field, During a pressure test, the relief device was verified in service and personnel remained outside the exclusion area. The task was in its preparation stage. The task was stopped and escalated for review.",0,"[""Bypassing Safety Controls""]",SYNTHETIC-DEMO-EVENT-SYN-DEMO-0041,train,false,true,Unsafe Condition,Moran Field,Production,2025-01-10T08:00:00+05:30,ASCENSION_TEMPLATE_GENERATOR,"SYNTHETIC_DEVELOPMENT_ONLY; not a real incident, HSE label or validation record."
SYN-DEMO-0042,"During routine operations, At Digboi Refinery, During a pressure test, the relief device was verified in service and personnel remained outside the exclusion area. The task was in its preparation stage. The supervisor was notified and the area was made safe.",0,"[""Bypassing Safety Controls""]",SYNTHETIC-DEMO-EVENT-SYN-DEMO-0042,calibration,false,true,Unsafe Act,Digboi Refinery,Maintenance,2025-01-11T08:00:00+05:30,ASCENSION_TEMPLATE_GENERATOR,"SYNTHETIC_DEVELOPMENT_ONLY; not a real incident, HSE label or validation record."
SYN-DEMO-0043,"At the start of the task, At Naharkatiya Field, During a pressure test, the relief device was verified in service and personnel remained outside the exclusion area. The task was in its preparation stage. No injury was reported; the exposure pathway was documented for follow-up.",0,"[""Bypassing Safety Controls""]",SYNTHETIC-DEMO-EVENT-SYN-DEMO-0043,train,false,true,Incident,Naharkatiya Field,Projects,2025-01-12T08:00:00+05:30,ASCENSION_TEMPLATE_GENERATOR,"SYNTHETIC_DEVELOPMENT_ONLY; not a real incident, HSE label or validation record."
SYN-DEMO-0044,"During the shift handover, At Duliajan Field, During a pressure test, the relief device was verified in service and personnel remained outside the exclusion area. The task was in its preparation stage. The event was recorded for HSE review and corrective action.",0,"[""Bypassing Safety Controls""]",SYNTHETIC-DEMO-EVENT-SYN-DEMO-0044,train,false,true,Near Miss,Duliajan Field,Drilling,2025-01-13T08:00:00+05:30,ASCENSION_TEMPLATE_GENERATOR,"SYNTHETIC_DEVELOPMENT_ONLY; not a real incident, HSE label or validation record."
SYN-DEMO-0045,"During planned work, At Moran Field, During a pressure test, the relief device was verified in service and personnel remained outside the exclusion area. The task was in its positioning stage. The task was stopped and escalated for review.",0,"[""Bypassing Safety Controls""]",SYNTHETIC-DEMO-EVENT-SYN-DEMO-0045,train,false,true,Unsafe Condition,Moran Field,Production,2025-01-14T08:00:00+05:30,ASCENSION_TEMPLATE_GENERATOR,"SYNTHETIC_DEVELOPMENT_ONLY; not a real incident, HSE label or validation record."
SYN-DEMO-0046,"While the task was under way, At Digboi Refinery, During a pressure test, the relief device was verified in service and personnel remained outside the exclusion area. The task was in its positioning stage. The supervisor was notified and the area was made safe.",0,"[""Bypassing Safety Controls""]",SYNTHETIC-DEMO-EVENT-SYN-DEMO-0046,test,false,true,Unsafe Act,Digboi Refinery,Maintenance,2025-01-15T08:00:00+05:30,ASCENSION_TEMPLATE_GENERATOR,"SYNTHETIC_DEVELOPMENT_ONLY; not a real incident, HSE label or validation record."
SYN-DEMO-0047,"Following a toolbox talk, At Naharkatiya Field, During a pressure test, the relief device was verified in service and personnel remained outside the exclusion area. The task was in its positioning stage. No injury was reported; the exposure pathway was documented for follow-up.",0,"[""Bypassing Safety Controls""]",SYNTHETIC-DEMO-EVENT-SYN-DEMO-0047,train,false,true,Incident,Naharkatiya Field,Projects,2025-01-16T08:00:00+05:30,ASCENSION_TEMPLATE_GENERATOR,"SYNTHETIC_DEVELOPMENT_ONLY; not a real incident, HSE label or validation record."
SYN-DEMO-0048,"During routine operations, At Duliajan Field, During a pressure test, the relief device was verified in service and personnel remained outside the exclusion area. The task was in its positioning stage. The event was recorded for HSE review and corrective action.",0,"[""Bypassing Safety Controls""]",SYNTHETIC-DEMO-EVENT-SYN-DEMO-0048,train,false,true,Near Miss,Duliajan Field,Drilling,2025-01-17T08:00:00+05:30,ASCENSION_TEMPLATE_GENERATOR,"SYNTHETIC_DEVELOPMENT_ONLY; not a real incident, HSE label or validation record."
SYN-DEMO-0049,"At the start of the task, At Moran Field, During a pressure test, the relief device was verified in service and personnel remained outside the exclusion area. The task was in its positioning stage. The task was stopped and escalated for review.",0,"[""Bypassing Safety Controls""]",SYNTHETIC-DEMO-EVENT-SYN-DEMO-0049,calibration,false,true,Unsafe Condition,Moran Field,Production,2025-01-18T08:00:00+05:30,ASCENSION_TEMPLATE_GENERATOR,"SYNTHETIC_DEVELOPMENT_ONLY; not a real incident, HSE label or validation record."
SYN-DEMO-0050,"During the shift handover, At Digboi Refinery, During a pressure test, the relief device was verified in service and personnel remained outside the exclusion area. The task was in its positioning stage. The supervisor was notified and the area was made safe.",0,"[""Bypassing Safety Controls""]",SYNTHETIC-DEMO-EVENT-SYN-DEMO-0050,calibration,false,true,Unsafe Act,Digboi Refinery,Maintenance,2025-01-19T08:00:00+05:30,ASCENSION_TEMPLATE_GENERATOR,"SYNTHETIC_DEVELOPMENT_ONLY; not a real incident, HSE label or validation record."
SYN-DEMO-0051,"During planned work, At Naharkatiya Field, During a pressure test, the relief device was verified in service and personnel remained outside the exclusion area. The task was in its positioning stage. No injury was reported; the exposure pathway was documented for follow-up.",0,"[""Bypassing Safety Controls""]",SYNTHETIC-DEMO-EVENT-SYN-DEMO-0051,train,false,true,Incident,Naharkatiya Field,Projects,2025-01-20T08:00:00+05:30,ASCENSION_TEMPLATE_GENERATOR,"SYNTHETIC_DEVELOPMENT_ONLY; not a real incident, HSE label or validation record."
SYN-DEMO-0052,"While the task was under way, At Duliajan Field, During a pressure test, the relief device was verified in service and personnel remained outside the exclusion area. The task was in its positioning stage. The event was recorded for HSE review and corrective action.",0,"[""Bypassing Safety Controls""]",SYNTHETIC-DEMO-EVENT-SYN-DEMO-0052,test,false,true,Near Miss,Duliajan Field,Drilling,2025-01-21T08:00:00+05:30,ASCENSION_TEMPLATE_GENERATOR,"SYNTHETIC_DEVELOPMENT_ONLY; not a real incident, HSE label or validation record."
SYN-DEMO-0053,"Following a toolbox talk, At Moran Field, During a pressure test, the relief device was verified in service and personnel remained outside the exclusion area. The task was in its positioning stage. The task was stopped and escalated for review.",0,"[""Bypassing Safety Controls""]",SYNTHETIC-DEMO-EVENT-SYN-DEMO-0053,train,false,true,Unsafe Condition,Moran Field,Production,2025-01-22T08:00:00+05:30,ASCENSION_TEMPLATE_GENERATOR,"SYNTHETIC_DEVELOPMENT_ONLY; not a real incident, HSE label or validation record."
SYN-DEMO-0054,"During routine operations, At Digboi Refinery, During a pressure test, the relief device was verified in service and personnel remained outside the exclusion area. The task was in its positioning stage. The supervisor was notified and the area was made safe.",0,"[""Bypassing Safety Controls""]",SYNTHETIC-DEMO-EVENT-SYN-DEMO-0054,train,false,true,Unsafe Act,Digboi Refinery,Maintenance,2025-01-23T08:00:00+05:30,ASCENSION_TEMPLATE_GENERATOR,"SYNTHETIC_DEVELOPMENT_ONLY; not a real incident, HSE label or validation record."
SYN-DEMO-0055,"At the start of the task, At Naharkatiya Field, During a pressure test, the relief device was verified in service and personnel remained outside the exclusion area. The task was in its positioning stage. No injury was reported; the exposure pathway was documented for follow-up.",0,"[""Bypassing Safety Controls""]",SYNTHETIC-DEMO-EVENT-SYN-DEMO-0055,train,false,true,Incident,Naharkatiya Field,Projects,2025-01-24T08:00:00+05:30,ASCENSION_TEMPLATE_GENERATOR,"SYNTHETIC_DEVELOPMENT_ONLY; not a real incident, HSE label or validation record."
SYN-DEMO-0056,"During the shift handover, At Duliajan Field, During a pressure test, the relief device was verified in service and personnel remained outside the exclusion area. The task was in its positioning stage. The event was recorded for HSE review and corrective action.",0,"[""Bypassing Safety Controls""]",SYNTHETIC-DEMO-EVENT-SYN-DEMO-0056,train,false,true,Near Miss,Duliajan Field,Drilling,2025-01-25T08:00:00+05:30,ASCENSION_TEMPLATE_GENERATOR,"SYNTHETIC_DEVELOPMENT_ONLY; not a real incident, HSE label or validation record."
SYN-DEMO-0057,"During planned work, At Moran Field, During a pressure test, the relief device was verified in service and personnel remained outside the exclusion area. The task was in its execution stage. The task was stopped and escalated for review.",0,"[""Bypassing Safety Controls""]",SYNTHETIC-DEMO-EVENT-SYN-DEMO-0057,calibration,false,true,Unsafe Condition,Moran Field,Production,2025-01-26T08:00:00+05:30,ASCENSION_TEMPLATE_GENERATOR,"SYNTHETIC_DEVELOPMENT_ONLY; not a real incident, HSE label or validation record."
SYN-DEMO-0058,"While the task was under way, At Digboi Refinery, During a pressure test, the relief device was verified in service and personnel remained outside the exclusion area. The task was in its execution stage. The supervisor was notified and the area was made safe.",0,"[""Bypassing Safety Controls""]",SYNTHETIC-DEMO-EVENT-SYN-DEMO-0058,train,false,true,Unsafe Act,Digboi Refinery,Maintenance,2025-01-27T08:00:00+05:30,ASCENSION_TEMPLATE_GENERATOR,"SYNTHETIC_DEVELOPMENT_ONLY; not a real incident, HSE label or validation record."
SYN-DEMO-0059,"Following a toolbox talk, At Naharkatiya Field, During a pressure test, the relief device was verified in service and personnel remained outside the exclusion area. The task was in its execution stage. No injury was reported; the exposure pathway was documented for follow-up.",0,"[""Bypassing Safety Controls""]",SYNTHETIC-DEMO-EVENT-SYN-DEMO-0059,validation,false,true,Incident,Naharkatiya Field,Projects,2025-01-28T08:00:00+05:30,ASCENSION_TEMPLATE_GENERATOR,"SYNTHETIC_DEVELOPMENT_ONLY; not a real incident, HSE label or validation record."
SYN-DEMO-0060,"During routine operations, At Duliajan Field, During a pressure test, the relief device was verified in service and personnel remained outside the exclusion area. The task was in its execution stage. The event was recorded for HSE review and corrective action.",0,"[""Bypassing Safety Controls""]",SYNTHETIC-DEMO-EVENT-SYN-DEMO-0060,train,false,true,Near Miss,Duliajan Field,Drilling,2025-01-29T08:00:00+05:30,ASCENSION_TEMPLATE_GENERATOR,"SYNTHETIC_DEVELOPMENT_ONLY; not a real incident, HSE label or validation record."
SYN-DEMO-0061,"At the start of the task, At Moran Field, During a pressure test, the relief device was verified in service and personnel remained outside the exclusion area. The task was in its execution stage. The task was stopped and escalated for review.",0,"[""Bypassing Safety Controls""]",SYNTHETIC-DEMO-EVENT-SYN-DEMO-0061,test,false,true,Unsafe Condition,Moran Field,Production,2025-01-30T08:00:00+05:30,ASCENSION_TEMPLATE_GENERATOR,"SYNTHETIC_DEVELOPMENT_ONLY; not a real incident, HSE label or validation record."
SYN-DEMO-0062,"During the shift handover, At Digboi Refinery, During a pressure test, the relief device was verified in service and personnel remained outside the exclusion area. The task was in its execution stage. The supervisor was notified and the area was made safe.",0,"[""Bypassing Safety Controls""]",SYNTHETIC-DEMO-EVENT-SYN-DEMO-0062,train,false,true,Unsafe Act,Digboi Refinery,Maintenance,2025-01-31T08:00:00+05:30,ASCENSION_TEMPLATE_GENERATOR,"SYNTHETIC_DEVELOPMENT_ONLY; not a real incident, HSE label or validation record."
SYN-DEMO-0063,"During planned work, At Naharkatiya Field, During a pressure test, the relief device was verified in service and personnel remained outside the exclusion area. The task was in its execution stage. No injury was reported; the exposure pathway was documented for follow-up.",0,"[""Bypassing Safety Controls""]",SYNTHETIC-DEMO-EVENT-SYN-DEMO-0063,train,false,true,Incident,Naharkatiya Field,Projects,2025-02-01T08:00:00+05:30,ASCENSION_TEMPLATE_GENERATOR,"SYNTHETIC_DEVELOPMENT_ONLY; not a real incident, HSE label or validation record."
SYN-DEMO-0064,"While the task was under way, At Duliajan Field, During a pressure test, the relief device was verified in service and personnel remained outside the exclusion area. The task was in its execution stage. The event was recorded for HSE review and corrective action.",0,"[""Bypassing Safety Controls""]",SYNTHETIC-DEMO-EVENT-SYN-DEMO-0064,train,false,true,Near Miss,Duliajan Field,Drilling,2025-02-02T08:00:00+05:30,ASCENSION_TEMPLATE_GENERATOR,"SYNTHETIC_DEVELOPMENT_ONLY; not a real incident, HSE label or validation record."
SYN-DEMO-0065,"While the task was under way, At Digboi Refinery, A technician entered a vessel before atmosphere testing was completed and without a documented entry permit. The task was in its preparation stage. The supervisor was notified and the area was made safe.",1,"[""Confined Space""]",SYNTHETIC-DEMO-EVENT-SYN-DEMO-0065,calibration,false,true,Unsafe Condition,Moran Field,Production,2025-01-02T08:00:00+05:30,ASCENSION_TEMPLATE_GENERATOR,"SYNTHETIC_DEVELOPMENT_ONLY; not a real incident, HSE label or validation record."
SYN-DEMO-0066,"Following a toolbox talk, At Naharkatiya Field, A technician entered a vessel before atmosphere testing was completed and without a documented entry permit. The task was in its preparation stage. No injury was reported; the exposure pathway was documented for follow-up.",1,"[""Confined Space""]",SYNTHETIC-DEMO-EVENT-SYN-DEMO-0066,calibration,false,true,Unsafe Act,Digboi Refinery,Maintenance,2025-01-03T08:00:00+05:30,ASCENSION_TEMPLATE_GENERATOR,"SYNTHETIC_DEVELOPMENT_ONLY; not a real incident, HSE label or validation record."
SYN-DEMO-0067,"During routine operations, At Duliajan Field, A technician entered a vessel before atmosphere testing was completed and without a documented entry permit. The task was in its preparation stage. The event was recorded for HSE review and corrective action.",1,"[""Confined Space""]",SYNTHETIC-DEMO-EVENT-SYN-DEMO-0067,calibration,false,true,Incident,Naharkatiya Field,Projects,2025-01-04T08:00:00+05:30,ASCENSION_TEMPLATE_GENERATOR,"SYNTHETIC_DEVELOPMENT_ONLY; not a real incident, HSE label or validation record."
SYN-DEMO-0068,"At the start of the task, At Moran Field, A technician entered a vessel before atmosphere testing was completed and without a documented entry permit. The task was in its preparation stage. The task was stopped and escalated for review.",1,"[""Confined Space""]",SYNTHETIC-DEMO-EVENT-SYN-DEMO-0068,train,false,true,Near Miss,Duliajan Field,Drilling,2025-01-05T08:00:00+05:30,ASCENSION_TEMPLATE_GENERATOR,"SYNTHETIC_DEVELOPMENT_ONLY; not a real incident, HSE label or validation record."
SYN-DEMO-0069,"During the shift handover, At Digboi Refinery, A technician entered a vessel before atmosphere testing was completed and without a documented entry permit. The task was in its preparation stage. The supervisor was notified and the area was made safe.",1,"[""Confined Space""]",SYNTHETIC-DEMO-EVENT-SYN-DEMO-0069,calibration,false,true,Unsafe Condition,Moran Field,Production,2025-01-06T08:00:00+05:30,ASCENSION_TEMPLATE_GENERATOR,"SYNTHETIC_DEVELOPMENT_ONLY; not a real incident, HSE label or validation record."
SYN-DEMO-0070,"During planned work, At Naharkatiya Field, A technician entered a vessel before atmosphere testing was completed and without a documented entry permit. The task was in its preparation stage. No injury was reported; the exposure pathway was documented for follow-up.",1,"[""Confined Space""]",SYNTHETIC-DEMO-EVENT-SYN-DEMO-0070,train,false,true,Unsafe Act,Digboi Refinery,Maintenance,2025-01-07T08:00:00+05:30,ASCENSION_TEMPLATE_GENERATOR,"SYNTHETIC_DEVELOPMENT_ONLY; not a real incident, HSE label or validation record."
SYN-DEMO-0071,"While the task was under way, At Duliajan Field, A technician entered a vessel before atmosphere testing was completed and without a documented entry permit. The task was in its preparation stage. The event was recorded for HSE review and corrective action.",1,"[""Confined Space""]",SYNTHETIC-DEMO-EVENT-SYN-DEMO-0071,validation,false,true,Incident,Naharkatiya Field,Projects,2025-01-08T08:00:00+05:30,ASCENSION_TEMPLATE_GENERATOR,"SYNTHETIC_DEVELOPMENT_ONLY; not a real incident, HSE label or validation record."
SYN-DEMO-0072,"Following a toolbox talk, At Moran Field, A technician entered a vessel before atmosphere testing was completed and without a documented entry permit. The task was in its preparation stage. The task was stopped and escalated for review.",1,"[""Confined Space""]",SYNTHETIC-DEMO-EVENT-SYN-DEMO-0072,validation,false,true,Near Miss,Duliajan Field,Drilling,2025-01-09T08:00:00+05:30,ASCENSION_TEMPLATE_GENERATOR,"SYNTHETIC_DEVELOPMENT_ONLY; not a real incident, HSE label or validation record."
SYN-DEMO-0073,"During routine operations, At Digboi Refinery, A technician entered a vessel before atmosphere testing was completed and without a documented entry permit. The task was in its preparation stage. The supervisor was notified and the area was made safe.",1,"[""Confined Space""]",SYNTHETIC-DEMO-EVENT-SYN-DEMO-0073,calibration,false,true,Unsafe Condition,Moran Field,Production,2025-01-10T08:00:00+05:30,ASCENSION_TEMPLATE_GENERATOR,"SYNTHETIC_DEVELOPMENT_ONLY; not a real incident, HSE label or validation record."
SYN-DEMO-0074,"At the start of the task, At Naharkatiya Field, A technician entered a vessel before atmosphere testing was completed and without a documented entry permit. The task was in its preparation stage. No injury was reported; the exposure pathway was documented for follow-up.",1,"[""Confined Space""]",SYNTHETIC-DEMO-EVENT-SYN-DEMO-0074,validation,false,true,Unsafe Act,Digboi Refinery,Maintenance,2025-01-11T08:00:00+05:30,ASCENSION_TEMPLATE_GENERATOR,"SYNTHETIC_DEVELOPMENT_ONLY; not a real incident, HSE label or validation record."
SYN-DEMO-0075,"During the shift handover, At Duliajan Field, A technician entered a vessel before atmosphere testing was completed and without a documented entry permit. The task was in its preparation stage. The event was recorded for HSE review and corrective action.",1,"[""Confined Space""]",SYNTHETIC-DEMO-EVENT-SYN-DEMO-0075,train,false,true,Incident,Naharkatiya Field,Projects,2025-01-12T08:00:00+05:30,ASCENSION_TEMPLATE_GENERATOR,"SYNTHETIC_DEVELOPMENT_ONLY; not a real incident, HSE label or validation record."
SYN-DEMO-0076,"During planned work, At Moran Field, A technician entered a vessel before atmosphere testing was completed and without a documented entry permit. The task was in its preparation stage. The task was stopped and escalated for review.",1,"[""Confined Space""]",SYNTHETIC-DEMO-EVENT-SYN-DEMO-0076,train,false,true,Near Miss,Duliajan Field,Drilling,2025-01-13T08:00:00+05:30,ASCENSION_TEMPLATE_GENERATOR,"SYNTHETIC_DEVELOPMENT_ONLY; not a real incident, HSE label or validation record."
SYN-DEMO-0077,"While the task was under way, At Digboi Refinery, A technician entered a vessel before atmosphere testing was completed and without a documented entry permit. The task was in its positioning stage. The supervisor was notified and the area was made safe.",1,"[""Confined Space""]",SYNTHETIC-DEMO-EVENT-SYN-DEMO-0077,test,false,true,Unsafe Condition,Moran Field,Production,2025-01-14T08:00:00+05:30,ASCENSION_TEMPLATE_GENERATOR,"SYNTHETIC_DEVELOPMENT_ONLY; not a real incident, HSE label or validation record."
SYN-DEMO-0078,"Following a toolbox talk, At Naharkatiya Field, A technician entered a vessel before atmosphere testing was completed and without a documented entry permit. The task was in its positioning stage. No injury was reported; the exposure pathway was documented for follow-up.",1,"[""Confined Space""]",SYNTHETIC-DEMO-EVENT-SYN-DEMO-0078,calibration,false,true,Unsafe Act,Digboi Refinery,Maintenance,2025-01-15T08:00:00+05:30,ASCENSION_TEMPLATE_GENERATOR,"SYNTHETIC_DEVELOPMENT_ONLY; not a real incident, HSE label or validation record."
SYN-DEMO-0079,"During routine operations, At Duliajan Field, A technician entered a vessel before atmosphere testing was completed and without a documented entry permit. The task was in its positioning stage. The event was recorded for HSE review and corrective action.",1,"[""Confined Space""]",SYNTHETIC-DEMO-EVENT-SYN-DEMO-0079,test,false,true,Incident,Naharkatiya Field,Projects,2025-01-16T08:00:00+05:30,ASCENSION_TEMPLATE_GENERATOR,"SYNTHETIC_DEVELOPMENT_ONLY; not a real incident, HSE label or validation record."
SYN-DEMO-0080,"At the start of the task, At Moran Field, A technician entered a vessel before atmosphere testing was completed and without a documented entry permit. The task was in its positioning stage. The task was stopped and escalated for review.",1,"[""Confined Space""]",SYNTHETIC-DEMO-EVENT-SYN-DEMO-0080,train,false,true,Near Miss,Duliajan Field,Drilling,2025-01-17T08:00:00+05:30,ASCENSION_TEMPLATE_GENERATOR,"SYNTHETIC_DEVELOPMENT_ONLY; not a real incident, HSE label or validation record."
SYN-DEMO-0081,"During the shift handover, At Digboi Refinery, A technician entered a vessel before atmosphere testing was completed and without a documented entry permit. The task was in its positioning stage. The supervisor was notified and the area was made safe.",1,"[""Confined Space""]",SYNTHETIC-DEMO-EVENT-SYN-DEMO-0081,validation,false,true,Unsafe Condition,Moran Field,Production,2025-01-18T08:00:00+05:30,ASCENSION_TEMPLATE_GENERATOR,"SYNTHETIC_DEVELOPMENT_ONLY; not a real incident, HSE label or validation record."
SYN-DEMO-0082,"During planned work, At Naharkatiya Field, A technician entered a vessel before atmosphere testing was completed and without a documented entry permit. The task was in its positioning stage. No injury was reported; the exposure pathway was documented for follow-up.",1,"[""Confined Space""]",SYNTHETIC-DEMO-EVENT-SYN-DEMO-0082,validation,false,true,Unsafe Act,Digboi Refinery,Maintenance,2025-01-19T08:00:00+05:30,ASCENSION_TEMPLATE_GENERATOR,"SYNTHETIC_DEVELOPMENT_ONLY; not a real incident, HSE label or validation record."
SYN-DEMO-0083,"While the task was under way, At Duliajan Field, A technician entered a vessel before atmosphere testing was completed and without a documented entry permit. The task was in its positioning stage. The event was recorded for HSE review and corrective action.",1,"[""Confined Space""]",SYNTHETIC-DEMO-EVENT-SYN-DEMO-0083,train,false,true,Incident,Naharkatiya Field,Projects,2025-01-20T08:00:00+05:30,ASCENSION_TEMPLATE_GENERATOR,"SYNTHETIC_DEVELOPMENT_ONLY; not a real incident, HSE label or validation record."
SYN-DEMO-0084,"Following a toolbox talk, At Moran Field, A technician entered a vessel before atmosphere testing was completed and without a documented entry permit. The task was in its positioning stage. The task was stopped and escalated for review.",1,"[""Confined Space""]",SYNTHETIC-DEMO-EVENT-SYN-DEMO-0084,train,false,true,Near Miss,Duliajan Field,Drilling,2025-01-21T08:00:00+05:30,ASCENSION_TEMPLATE_GENERATOR,"SYNTHETIC_DEVELOPMENT_ONLY; not a real incident, HSE label or validation record."
SYN-DEMO-0085,"During routine operations, At Digboi Refinery, A technician entered a vessel before atmosphere testing was completed and without a documented entry permit. The task was in its positioning stage. The supervisor was notified and the area was made safe.",1,"[""Confined Space""]",SYNTHETIC-DEMO-EVENT-SYN-DEMO-0085,train,false,true,Unsafe Condition,Moran Field,Production,2025-01-22T08:00:00+05:30,ASCENSION_TEMPLATE_GENERATOR,"SYNTHETIC_DEVELOPMENT_ONLY; not a real incident, HSE label or validation record."
SYN-DEMO-0086,"At the start of the task, At Naharkatiya Field, A technician entered a vessel before atmosphere testing was completed and without a documented entry permit. The task was in its positioning stage. No injury was reported; the exposure pathway was documented for follow-up.",1,"[""Confined Space""]",SYNTHETIC-DEMO-EVENT-SYN-DEMO-0086,calibration,false,true,Unsafe Act,Digboi Refinery,Maintenance,2025-01-23T08:00:00+05:30,ASCENSION_TEMPLATE_GENERATOR,"SYNTHETIC_DEVELOPMENT_ONLY; not a real incident, HSE label or validation record."
SYN-DEMO-0087,"During the shift handover, At Duliajan Field, A technician entered a vessel before atmosphere testing was completed and without a documented entry permit. The task was in its positioning stage. The event was recorded for HSE review and corrective action.",1,"[""Confined Space""]",SYNTHETIC-DEMO-EVENT-SYN-DEMO-0087,calibration,false,true,Incident,Naharkatiya Field,Projects,2025-01-24T08:00:00+05:30,ASCENSION_TEMPLATE_GENERATOR,"SYNTHETIC_DEVELOPMENT_ONLY; not a real incident, HSE label or validation record."
SYN-DEMO-0088,"During planned work, At Moran Field, A technician entered a vessel before atmosphere testing was completed and without a documented entry permit. The task was in its positioning stage. The task was stopped and escalated for review.",1,"[""Confined Space""]",SYNTHETIC-DEMO-EVENT-SYN-DEMO-0088,test,false,true,Near Miss,Duliajan Field,Drilling,2025-01-25T08:00:00+05:30,ASCENSION_TEMPLATE_GENERATOR,"SYNTHETIC_DEVELOPMENT_ONLY; not a real incident, HSE label or validation record."
SYN-DEMO-0089,"While the task was under way, At Digboi Refinery, A technician entered a vessel before atmosphere testing was completed and without a documented entry permit. The task was in its execution stage. The supervisor was notified and the area was made safe.",1,"[""Confined Space""]",SYNTHETIC-DEMO-EVENT-SYN-DEMO-0089,train,false,true,Unsafe Condition,Moran Field,Production,2025-01-26T08:00:00+05:30,ASCENSION_TEMPLATE_GENERATOR,"SYNTHETIC_DEVELOPMENT_ONLY; not a real incident, HSE label or validation record."
SYN-DEMO-0090,"Following a toolbox talk, At Naharkatiya Field, A technician entered a vessel before atmosphere testing was completed and without a documented entry permit. The task was in its execution stage. No injury was reported; the exposure pathway was documented for follow-up.",1,"[""Confined Space""]",SYNTHETIC-DEMO-EVENT-SYN-DEMO-0090,train,false,true,Unsafe Act,Digboi Refinery,Maintenance,2025-01-27T08:00:00+05:30,ASCENSION_TEMPLATE_GENERATOR,"SYNTHETIC_DEVELOPMENT_ONLY; not a real incident, HSE label or validation record."
SYN-DEMO-0091,"During routine operations, At Duliajan Field, A technician entered a vessel before atmosphere testing was completed and without a documented entry permit. The task was in its execution stage. The event was recorded for HSE review and corrective action.",1,"[""Confined Space""]",SYNTHETIC-DEMO-EVENT-SYN-DEMO-0091,test,false,true,Incident,Naharkatiya Field,Projects,2025-01-28T08:00:00+05:30,ASCENSION_TEMPLATE_GENERATOR,"SYNTHETIC_DEVELOPMENT_ONLY; not a real incident, HSE label or validation record."
SYN-DEMO-0092,"At the start of the task, At Moran Field, A technician entered a vessel before atmosphere testing was completed and without a documented entry permit. The task was in its execution stage. The task was stopped and escalated for review.",1,"[""Confined Space""]",SYNTHETIC-DEMO-EVENT-SYN-DEMO-0092,calibration,false,true,Near Miss,Duliajan Field,Drilling,2025-01-29T08:00:00+05:30,ASCENSION_TEMPLATE_GENERATOR,"SYNTHETIC_DEVELOPMENT_ONLY; not a real incident, HSE label or validation record."
SYN-DEMO-0093,"During the shift handover, At Digboi Refinery, A technician entered a vessel before atmosphere testing was completed and without a documented entry permit. The task was in its execution stage. The supervisor was notified and the area was made safe.",1,"[""Confined Space""]",SYNTHETIC-DEMO-EVENT-SYN-DEMO-0093,train,false,true,Unsafe Condition,Moran Field,Production,2025-01-30T08:00:00+05:30,ASCENSION_TEMPLATE_GENERATOR,"SYNTHETIC_DEVELOPMENT_ONLY; not a real incident, HSE label or validation record."
SYN-DEMO-0094,"During planned work, At Naharkatiya Field, A technician entered a vessel before atmosphere testing was completed and without a documented entry permit. The task was in its execution stage. No injury was reported; the exposure pathway was documented for follow-up.",1,"[""Confined Space""]",SYNTHETIC-DEMO-EVENT-SYN-DEMO-0094,test,false,true,Unsafe Act,Digboi Refinery,Maintenance,2025-01-31T08:00:00+05:30,ASCENSION_TEMPLATE_GENERATOR,"SYNTHETIC_DEVELOPMENT_ONLY; not a real incident, HSE label or validation record."
SYN-DEMO-0095,"While the task was under way, At Duliajan Field, A technician entered a vessel before atmosphere testing was completed and without a documented entry permit. The task was in its execution stage. The event was recorded for HSE review and corrective action.",1,"[""Confined Space""]",SYNTHETIC-DEMO-EVENT-SYN-DEMO-0095,train,false,true,Incident,Naharkatiya Field,Projects,2025-02-01T08:00:00+05:30,ASCENSION_TEMPLATE_GENERATOR,"SYNTHETIC_DEVELOPMENT_ONLY; not a real incident, HSE label or validation record."
SYN-DEMO-0096,"Following a toolbox talk, At Moran Field, A technician entered a vessel before atmosphere testing was completed and without a documented entry permit. The task was in its execution stage. The task was stopped and escalated for review.",1,"[""Confined Space""]",SYNTHETIC-DEMO-EVENT-SYN-DEMO-0096,train,false,true,Near Miss,Duliajan Field,Drilling,2025-02-02T08:00:00+05:30,ASCENSION_TEMPLATE_GENERATOR,"SYNTHETIC_DEVELOPMENT_ONLY; not a real incident, HSE label or validation record."
SYN-DEMO-0097,"While the task was under way, At Digboi Refinery, A technician entered the vessel after atmosphere testing, an entry permit and a standby attendant were confirmed. The task was in its preparation stage. The task was stopped and escalated for review.",0,"[""Confined Space""]",SYNTHETIC-DEMO-EVENT-SYN-DEMO-0097,test,false,true,Unsafe Condition,Moran Field,Production,2025-01-02T08:00:00+05:30,ASCENSION_TEMPLATE_GENERATOR,"SYNTHETIC_DEVELOPMENT_ONLY; not a real incident, HSE label or validation record."
SYN-DEMO-0098,"Following a toolbox talk, At Naharkatiya Field, A technician entered the vessel after atmosphere testing, an entry permit and a standby attendant were confirmed. The task was in its preparation stage. The supervisor was notified and the area was made safe.",0,"[""Confined Space""]",SYNTHETIC-DEMO-EVENT-SYN-DEMO-0098,validation,false,true,Unsafe Act,Digboi Refinery,Maintenance,2025-01-03T08:00:00+05:30,ASCENSION_TEMPLATE_GENERATOR,"SYNTHETIC_DEVELOPMENT_ONLY; not a real incident, HSE label or validation record."
SYN-DEMO-0099,"During routine operations, At Duliajan Field, A technician entered the vessel after atmosphere testing, an entry permit and a standby attendant were confirmed. The task was in its preparation stage. No injury was reported; the exposure pathway was documented for follow-up.",0,"[""Confined Space""]",SYNTHETIC-DEMO-EVENT-SYN-DEMO-0099,train,false,true,Incident,Naharkatiya Field,Projects,2025-01-04T08:00:00+05:30,ASCENSION_TEMPLATE_GENERATOR,"SYNTHETIC_DEVELOPMENT_ONLY; not a real incident, HSE label or validation record."
SYN-DEMO-0100,"At the start of the task, At Moran Field, A technician entered the vessel after atmosphere testing, an entry permit and a standby attendant were confirmed. The task was in its preparation stage. The event was recorded for HSE review and corrective action.",0,"[""Confined Space""]",SYNTHETIC-DEMO-EVENT-SYN-DEMO-0100,calibration,false,true,Near Miss,Duliajan Field,Drilling,2025-01-05T08:00:00+05:30,ASCENSION_TEMPLATE_GENERATOR,"SYNTHETIC_DEVELOPMENT_ONLY; not a real incident, HSE label or validation record."
SYN-DEMO-0101,"During the shift handover, At Digboi Refinery, A technician entered the vessel after atmosphere testing, an entry permit and a standby attendant were confirmed. The task was in its preparation stage. The task was stopped and escalated for review.",0,"[""Confined Space""]",SYNTHETIC-DEMO-EVENT-SYN-DEMO-0101,calibration,false,true,Unsafe Condition,Moran Field,Production,2025-01-06T08:00:00+05:30,ASCENSION_TEMPLATE_GENERATOR,"SYNTHETIC_DEVELOPMENT_ONLY; not a real incident, HSE label or validation record."
SYN-DEMO-0102,"During planned work, At Naharkatiya Field, A technician entered the vessel after atmosphere testing, an entry permit and a standby attendant were confirmed. The task was in its preparation stage. The supervisor was notified and the area was made safe.",0,"[""Confined Space""]",SYNTHETIC-DEMO-EVENT-SYN-DEMO-0102,train,false,true,Unsafe Act,Digboi Refinery,Maintenance,2025-01-07T08:00:00+05:30,ASCENSION_TEMPLATE_GENERATOR,"SYNTHETIC_DEVELOPMENT_ONLY; not a real incident, HSE label or validation record."
SYN-DEMO-0103,"While the task was under way, At Duliajan Field, A technician entered the vessel after atmosphere testing, an entry permit and a standby attendant were confirmed. The task was in its preparation stage. No injury was reported; the exposure pathway was documented for follow-up.",0,"[""Confined Space""]",SYNTHETIC-DEMO-EVENT-SYN-DEMO-0103,validation,false,true,Incident,Naharkatiya Field,Projects,2025-01-08T08:00:00+05:30,ASCENSION_TEMPLATE_GENERATOR,"SYNTHETIC_DEVELOPMENT_ONLY; not a real incident, HSE label or validation record."
SYN-DEMO-0104,"Following a toolbox talk, At Moran Field, A technician entered the vessel after atmosphere testing, an entry permit and a standby attendant were confirmed. The task was in its preparation stage. The event was recorded for HSE review and corrective action.",0,"[""Confined Space""]",SYNTHETIC-DEMO-EVENT-SYN-DEMO-0104,train,false,true,Near Miss,Duliajan Field,Drilling,2025-01-09T08:00:00+05:30,ASCENSION_TEMPLATE_GENERATOR,"SYNTHETIC_DEVELOPMENT_ONLY; not a real incident, HSE label or validation record."
SYN-DEMO-0105,"During routine operations, At Digboi Refinery, A technician entered the vessel after atmosphere testing, an entry permit and a standby attendant were confirmed. The task was in its preparation stage. The task was stopped and escalated for review.",0,"[""Confined Space""]",SYNTHETIC-DEMO-EVENT-SYN-DEMO-0105,calibration,false,true,Unsafe Condition,Moran Field,Production,2025-01-10T08:00:00+05:30,ASCENSION_TEMPLATE_GENERATOR,"SYNTHETIC_DEVELOPMENT_ONLY; not a real incident, HSE label or validation record."
SYN-DEMO-0106,"At the start of the task, At Naharkatiya Field, A technician entered the vessel after atmosphere testing, an entry permit and a standby attendant were confirmed. The task was in its preparation stage. The supervisor was notified and the area was made safe.",0,"[""Confined Space""]",SYNTHETIC-DEMO-EVENT-SYN-DEMO-0106,validation,false,true,Unsafe Act,Digboi Refinery,Maintenance,2025-01-11T08:00:00+05:30,ASCENSION_TEMPLATE_GENERATOR,"SYNTHETIC_DEVELOPMENT_ONLY; not a real incident, HSE label or validation record."
SYN-DEMO-0107,"During the shift handover, At Duliajan Field, A technician entered the vessel after atmosphere testing, an entry permit and a standby attendant were confirmed. The task was in its preparation stage. No injury was reported; the exposure pathway was documented for follow-up.",0,"[""Confined Space""]",SYNTHETIC-DEMO-EVENT-SYN-DEMO-0107,train,false,true,Incident,Naharkatiya Field,Projects,2025-01-12T08:00:00+05:30,ASCENSION_TEMPLATE_GENERATOR,"SYNTHETIC_DEVELOPMENT_ONLY; not a real incident, HSE label or validation record."
SYN-DEMO-0108,"During planned work, At Moran Field, A technician entered the vessel after atmosphere testing, an entry permit and a standby attendant were confirmed. The task was in its preparation stage. The event was recorded for HSE review and corrective action.",0,"[""Confined Space""]",SYNTHETIC-DEMO-EVENT-SYN-DEMO-0108,calibration,false,true,Near Miss,Duliajan Field,Drilling,2025-01-13T08:00:00+05:30,ASCENSION_TEMPLATE_GENERATOR,"SYNTHETIC_DEVELOPMENT_ONLY; not a real incident, HSE label or validation record."
SYN-DEMO-0109,"While the task was under way, At Digboi Refinery, A technician entered the vessel after atmosphere testing, an entry permit and a standby attendant were confirmed. The task was in its positioning stage. The task was stopped and escalated for review.",0,"[""Confined Space""]",SYNTHETIC-DEMO-EVENT-SYN-DEMO-0109,train,false,true,Unsafe Condition,Moran Field,Production,2025-01-14T08:00:00+05:30,ASCENSION_TEMPLATE_GENERATOR,"SYNTHETIC_DEVELOPMENT_ONLY; not a real incident, HSE label or validation record."
SYN-DEMO-0110,"Following a toolbox talk, At Naharkatiya Field, A technician entered the vessel after atmosphere testing, an entry permit and a standby attendant were confirmed. The task was in its positioning stage. The supervisor was notified and the area was made safe.",0,"[""Confined Space""]",SYNTHETIC-DEMO-EVENT-SYN-DEMO-0110,train,false,true,Unsafe Act,Digboi Refinery,Maintenance,2025-01-15T08:00:00+05:30,ASCENSION_TEMPLATE_GENERATOR,"SYNTHETIC_DEVELOPMENT_ONLY; not a real incident, HSE label or validation record."
SYN-DEMO-0111,"During routine operations, At Duliajan Field, A technician entered the vessel after atmosphere testing, an entry permit and a standby attendant were confirmed. The task was in its positioning stage. No injury was reported; the exposure pathway was documented for follow-up.",0,"[""Confined Space""]",SYNTHETIC-DEMO-EVENT-SYN-DEMO-0111,validation,false,true,Incident,Naharkatiya Field,Projects,2025-01-16T08:00:00+05:30,ASCENSION_TEMPLATE_GENERATOR,"SYNTHETIC_DEVELOPMENT_ONLY; not a real incident, HSE label or validation record."
SYN-DEMO-0112,"At the start of the task, At Moran Field, A technician entered the vessel after atmosphere testing, an entry permit and a standby attendant were confirmed. The task was in its positioning stage. The event was recorded for HSE review and corrective action.",0,"[""Confined Space""]",SYNTHETIC-DEMO-EVENT-SYN-DEMO-0112,train,false,true,Near Miss,Duliajan Field,Drilling,2025-01-17T08:00:00+05:30,ASCENSION_TEMPLATE_GENERATOR,"SYNTHETIC_DEVELOPMENT_ONLY; not a real incident, HSE label or validation record."
SYN-DEMO-0113,"During the shift handover, At Digboi Refinery, A technician entered the vessel after atmosphere testing, an entry permit and a standby attendant were confirmed. The task was in its positioning stage. The task was stopped and escalated for review.",0,"[""Confined Space""]",SYNTHETIC-DEMO-EVENT-SYN-DEMO-0113,calibration,false,true,Unsafe Condition,Moran Field,Production,2025-01-18T08:00:00+05:30,ASCENSION_TEMPLATE_GENERATOR,"SYNTHETIC_DEVELOPMENT_ONLY; not a real incident, HSE label or validation record."
SYN-DEMO-0114,"During planned work, At Naharkatiya Field, A technician entered the vessel after atmosphere testing, an entry permit and a standby attendant were confirmed. The task was in its positioning stage. The supervisor was notified and the area was made safe.",0,"[""Confined Space""]",SYNTHETIC-DEMO-EVENT-SYN-DEMO-0114,train,false,true,Unsafe Act,Digboi Refinery,Maintenance,2025-01-19T08:00:00+05:30,ASCENSION_TEMPLATE_GENERATOR,"SYNTHETIC_DEVELOPMENT_ONLY; not a real incident, HSE label or validation record."
SYN-DEMO-0115,"While the task was under way, At Duliajan Field, A technician entered the vessel after atmosphere testing, an entry permit and a standby attendant were confirmed. The task was in its positioning stage. No injury was reported; the exposure pathway was documented for follow-up.",0,"[""Confined Space""]",SYNTHETIC-DEMO-EVENT-SYN-DEMO-0115,train,false,true,Incident,Naharkatiya Field,Projects,2025-01-20T08:00:00+05:30,ASCENSION_TEMPLATE_GENERATOR,"SYNTHETIC_DEVELOPMENT_ONLY; not a real incident, HSE label or validation record."
SYN-DEMO-0116,"Following a toolbox talk, At Moran Field, A technician entered the vessel after atmosphere testing, an entry permit and a standby attendant were confirmed. The task was in its positioning stage. The event was recorded for HSE review and corrective action.",0,"[""Confined Space""]",SYNTHETIC-DEMO-EVENT-SYN-DEMO-0116,train,false,true,Near Miss,Duliajan Field,Drilling,2025-01-21T08:00:00+05:30,ASCENSION_TEMPLATE_GENERATOR,"SYNTHETIC_DEVELOPMENT_ONLY; not a real incident, HSE label or validation record."
SYN-DEMO-0117,"During routine operations, At Digboi Refinery, A technician entered the vessel after atmosphere testing, an entry permit and a standby attendant were confirmed. The task was in its positioning stage. The task was stopped and escalated for review.",0,"[""Confined Space""]",SYNTHETIC-DEMO-EVENT-SYN-DEMO-0117,train,false,true,Unsafe Condition,Moran Field,Production,2025-01-22T08:00:00+05:30,ASCENSION_TEMPLATE_GENERATOR,"SYNTHETIC_DEVELOPMENT_ONLY; not a real incident, HSE label or validation record."
SYN-DEMO-0118,"At the start of the task, At Naharkatiya Field, A technician entered the vessel after atmosphere testing, an entry permit and a standby attendant were confirmed. The task was in its positioning stage. The supervisor was notified and the area was made safe.",0,"[""Confined Space""]",SYNTHETIC-DEMO-EVENT-SYN-DEMO-0118,validation,false,true,Unsafe Act,Digboi Refinery,Maintenance,2025-01-23T08:00:00+05:30,ASCENSION_TEMPLATE_GENERATOR,"SYNTHETIC_DEVELOPMENT_ONLY; not a real incident, HSE label or validation record."
SYN-DEMO-0119,"During the shift handover, At Duliajan Field, A technician entered the vessel after atmosphere testing, an entry permit and a standby attendant were confirmed. The task was in its positioning stage. No injury was reported; the exposure pathway was documented for follow-up.",0,"[""Confined Space""]",SYNTHETIC-DEMO-EVENT-SYN-DEMO-0119,train,false,true,Incident,Naharkatiya Field,Projects,2025-01-24T08:00:00+05:30,ASCENSION_TEMPLATE_GENERATOR,"SYNTHETIC_DEVELOPMENT_ONLY; not a real incident, HSE label or validation record."
SYN-DEMO-0120,"During planned work, At Moran Field, A technician entered the vessel after atmosphere testing, an entry permit and a standby attendant were confirmed. The task was in its positioning stage. The event was recorded for HSE review and corrective action.",0,"[""Confined Space""]",SYNTHETIC-DEMO-EVENT-SYN-DEMO-0120,train,false,true,Near Miss,Duliajan Field,Drilling,2025-01-25T08:00:00+05:30,ASCENSION_TEMPLATE_GENERATOR,"SYNTHETIC_DEVELOPMENT_ONLY; not a real incident, HSE label or validation record."
SYN-DEMO-0121,"While the task was under way, At Digboi Refinery, A technician entered the vessel after atmosphere testing, an entry permit and a standby attendant were confirmed. The task was in its execution stage. The task was stopped and escalated for review.",0,"[""Confined Space""]",SYNTHETIC-DEMO-EVENT-SYN-DEMO-0121,validation,false,true,Unsafe Condition,Moran Field,Production,2025-01-26T08:00:00+05:30,ASCENSION_TEMPLATE_GENERATOR,"SYNTHETIC_DEVELOPMENT_ONLY; not a real incident, HSE label or validation record."
SYN-DEMO-0122,"Following a toolbox talk, At Naharkatiya Field, A technician entered the vessel after atmosphere testing, an entry permit and a standby attendant were confirmed. The task was in its execution stage. The supervisor was notified and the area was made safe.",0,"[""Confined Space""]",SYNTHETIC-DEMO-EVENT-SYN-DEMO-0122,train,false,true,Unsafe Act,Digboi Refinery,Maintenance,2025-01-27T08:00:00+05:30,ASCENSION_TEMPLATE_GENERATOR,"SYNTHETIC_DEVELOPMENT_ONLY; not a real incident, HSE label or validation record."
SYN-DEMO-0123,"During routine operations, At Duliajan Field, A technician entered the vessel after atmosphere testing, an entry permit and a standby attendant were confirmed. The task was in its execution stage. No injury was reported; the exposure pathway was documented for follow-up.",0,"[""Confined Space""]",SYNTHETIC-DEMO-EVENT-SYN-DEMO-0123,train,false,true,Incident,Naharkatiya Field,Projects,2025-01-28T08:00:00+05:30,ASCENSION_TEMPLATE_GENERATOR,"SYNTHETIC_DEVELOPMENT_ONLY; not a real incident, HSE label or validation record."
SYN-DEMO-0124,"At the start of the task, At Moran Field, A technician entered the vessel after atmosphere testing, an entry permit and a standby attendant were confirmed. The task was in its execution stage. The event was recorded for HSE review and corrective action.",0,"[""Confined Space""]",SYNTHETIC-DEMO-EVENT-SYN-DEMO-0124,test,false,true,Near Miss,Duliajan Field,Drilling,2025-01-29T08:00:00+05:30,ASCENSION_TEMPLATE_GENERATOR,"SYNTHETIC_DEVELOPMENT_ONLY; not a real incident, HSE label or validation record."
SYN-DEMO-0125,"During the shift handover, At Digboi Refinery, A technician entered the vessel after atmosphere testing, an entry permit and a standby attendant were confirmed. The task was in its execution stage. The task was stopped and escalated for review.",0,"[""Confined Space""]",SYNTHETIC-DEMO-EVENT-SYN-DEMO-0125,train,false,true,Unsafe Condition,Moran Field,Production,2025-01-30T08:00:00+05:30,ASCENSION_TEMPLATE_GENERATOR,"SYNTHETIC_DEVELOPMENT_ONLY; not a real incident, HSE label or validation record."
SYN-DEMO-0126,"During planned work, At Naharkatiya Field, A technician entered the vessel after atmosphere testing, an entry permit and a standby attendant were confirmed. The task was in its execution stage. The supervisor was notified and the area was made safe.",0,"[""Confined Space""]",SYNTHETIC-DEMO-EVENT-SYN-DEMO-0126,calibration,false,true,Unsafe Act,Digboi Refinery,Maintenance,2025-01-31T08:00:00+05:30,ASCENSION_TEMPLATE_GENERATOR,"SYNTHETIC_DEVELOPMENT_ONLY; not a real incident, HSE label or validation record."
SYN-DEMO-0127,"While the task was under way, At Duliajan Field, A technician entered the vessel after atmosphere testing, an entry permit and a standby attendant were confirmed. The task was in its execution stage. No injury was reported; the exposure pathway was documented for follow-up.",0,"[""Confined Space""]",SYNTHETIC-DEMO-EVENT-SYN-DEMO-0127,train,false,true,Incident,Naharkatiya Field,Projects,2025-02-01T08:00:00+05:30,ASCENSION_TEMPLATE_GENERATOR,"SYNTHETIC_DEVELOPMENT_ONLY; not a real incident, HSE label or validation record."
SYN-DEMO-0128,"Following a toolbox talk, At Moran Field, A technician entered the vessel after atmosphere testing, an entry permit and a standby attendant were confirmed. The task was in its execution stage. The event was recorded for HSE review and corrective action.",0,"[""Confined Space""]",SYNTHETIC-DEMO-EVENT-SYN-DEMO-0128,train,false,true,Near Miss,Duliajan Field,Drilling,2025-02-02T08:00:00+05:30,ASCENSION_TEMPLATE_GENERATOR,"SYNTHETIC_DEVELOPMENT_ONLY; not a real incident, HSE label or validation record."
SYN-DEMO-0129,"Following a toolbox talk, At Naharkatiya Field, A reversing service vehicle moved through a pedestrian work area without a spotter or separation barrier. The task was in its preparation stage. The supervisor was notified and the area was made safe.",1,"[""Driving""]",SYNTHETIC-DEMO-EVENT-SYN-DEMO-0129,calibration,false,true,Unsafe Condition,Moran Field,Production,2025-01-02T08:00:00+05:30,ASCENSION_TEMPLATE_GENERATOR,"SYNTHETIC_DEVELOPMENT_ONLY; not a real incident, HSE label or validation record."
SYN-DEMO-0130,"During routine operations, At Duliajan Field, A reversing service vehicle moved through a pedestrian work area without a spotter or separation barrier. The task was in its preparation stage. No injury was reported; the exposure pathway was documented for follow-up.",1,"[""Driving""]",SYNTHETIC-DEMO-EVENT-SYN-DEMO-0130,test,false,true,Unsafe Act,Digboi Refinery,Maintenance,2025-01-03T08:00:00+05:30,ASCENSION_TEMPLATE_GENERATOR,"SYNTHETIC_DEVELOPMENT_ONLY; not a real incident, HSE label or validation record."
SYN-DEMO-0131,"At the start of the task, At Moran Field, A reversing service vehicle moved through a pedestrian work area without a spotter or separation barrier. The task was in its preparation stage. The event was recorded for HSE review and corrective action.",1,"[""Driving""]",SYNTHETIC-DEMO-EVENT-SYN-DEMO-0131,test,false,true,Incident,Naharkatiya Field,Projects,2025-01-04T08:00:00+05:30,ASCENSION_TEMPLATE_GENERATOR,"SYNTHETIC_DEVELOPMENT_ONLY; not a real incident, HSE label or validation record."
SYN-DEMO-0132,"During the shift handover, At Digboi Refinery, A reversing service vehicle moved through a pedestrian work area without a spotter or separation barrier. The task was in its preparation stage. The task was stopped and escalated for review.",1,"[""Driving""]",SYNTHETIC-DEMO-EVENT-SYN-DEMO-0132,train,false,true,Near Miss,Duliajan Field,Drilling,2025-01-05T08:00:00+05:30,ASCENSION_TEMPLATE_GENERATOR,"SYNTHETIC_DEVELOPMENT_ONLY; not a real incident, HSE label or validation record."
SYN-DEMO-0133,"During planned work, At Naharkatiya Field, A reversing service vehicle moved through a pedestrian work area without a spotter or separation barrier. The task was in its preparation stage. The supervisor was notified and the area was made safe.",1,"[""Driving""]",SYNTHETIC-DEMO-EVENT-SYN-DEMO-0133,validation,false,true,Unsafe Condition,Moran Field,Production,2025-01-06T08:00:00+05:30,ASCENSION_TEMPLATE_GENERATOR,"SYNTHETIC_DEVELOPMENT_ONLY; not a real incident, HSE label or validation record."
SYN-DEMO-0134,"While the task was under way, At Duliajan Field, A reversing service vehicle moved through a pedestrian work area without a spotter or separation barrier. The task was in its preparation stage. No injury was reported; the exposure pathway was documented for follow-up.",1,"[""Driving""]",SYNTHETIC-DEMO-EVENT-SYN-DEMO-0134,train,false,true,Unsafe Act,Digboi Refinery,Maintenance,2025-01-07T08:00:00+05:30,ASCENSION_TEMPLATE_GENERATOR,"SYNTHETIC_DEVELOPMENT_ONLY; not a real incident, HSE label or validation record."
SYN-DEMO-0135,"Following a toolbox talk, At Moran Field, A reversing service vehicle moved through a pedestrian work area without a spotter or separation barrier. The task was in its preparation stage. The event was recorded for HSE review and corrective action.",1,"[""Driving""]",SYNTHETIC-DEMO-EVENT-SYN-DEMO-0135,train,false,true,Incident,Naharkatiya Field,Projects,2025-01-08T08:00:00+05:30,ASCENSION_TEMPLATE_GENERATOR,"SYNTHETIC_DEVELOPMENT_ONLY; not a real incident, HSE label or validation record."
SYN-DEMO-0136,"During routine operations, At Digboi Refinery, A reversing service vehicle moved through a pedestrian work area without a spotter or separation barrier. The task was in its preparation stage. The task was stopped and escalated for review.",1,"[""Driving""]",SYNTHETIC-DEMO-EVENT-SYN-DEMO-0136,validation,false,true,Near Miss,Duliajan Field,Drilling,2025-01-09T08:00:00+05:30,ASCENSION_TEMPLATE_GENERATOR,"SYNTHETIC_DEVELOPMENT_ONLY; not a real incident, HSE label or validation record."
SYN-DEMO-0137,"At the start of the task, At Naharkatiya Field, A reversing service vehicle moved through a pedestrian work area without a spotter or separation barrier. The task was in its preparation stage. The supervisor was notified and the area was made safe.",1,"[""Driving""]",SYNTHETIC-DEMO-EVENT-SYN-DEMO-0137,validation,false,true,Unsafe Condition,Moran Field,Production,2025-01-10T08:00:00+05:30,ASCENSION_TEMPLATE_GENERATOR,"SYNTHETIC_DEVELOPMENT_ONLY; not a real incident, HSE label or validation record."
SYN-DEMO-0138,"During the shift handover, At Duliajan Field, A reversing service vehicle moved through a pedestrian work area without a spotter or separation barrier. The task was in its preparation stage. No injury was reported; the exposure pathway was documented for follow-up.",1,"[""Driving""]",SYNTHETIC-DEMO-EVENT-SYN-DEMO-0138,train,false,true,Unsafe Act,Digboi Refinery,Maintenance,2025-01-11T08:00:00+05:30,ASCENSION_TEMPLATE_GENERATOR,"SYNTHETIC_DEVELOPMENT_ONLY; not a real incident, HSE label or validation record."
SYN-DEMO-0139,"During planned work, At Moran Field, A reversing service vehicle moved through a pedestrian work area without a spotter or separation barrier. The task was in its preparation stage. The event was recorded for HSE review and corrective action.",1,"[""Driving""]",SYNTHETIC-DEMO-EVENT-SYN-DEMO-0139,train,false,true,Incident,Naharkatiya Field,Projects,2025-01-12T08:00:00+05:30,ASCENSION_TEMPLATE_GENERATOR,"SYNTHETIC_DEVELOPMENT_ONLY; not a real incident, HSE label or validation record."
SYN-DEMO-0140,"While the task was under way, At Digboi Refinery, A reversing service vehicle moved through a pedestrian work area without a spotter or separation barrier. The task was in its preparation stage. The task was stopped and escalated for review.",1,"[""Driving""]",SYNTHETIC-DEMO-EVENT-SYN-DEMO-0140,train,false,true,Near Miss,Duliajan Field,Drilling,2025-01-13T08:00:00+05:30,ASCENSION_TEMPLATE_GENERATOR,"SYNTHETIC_DEVELOPMENT_ONLY; not a real incident, HSE label or validation record."
SYN-DEMO-0141,"Following a toolbox talk, At Naharkatiya Field, A reversing service vehicle moved through a pedestrian work area without a spotter or separation barrier. The task was in its positioning stage. The supervisor was notified and the area was made safe.",1,"[""Driving""]",SYNTHETIC-DEMO-EVENT-SYN-DEMO-0141,calibration,false,true,Unsafe Condition,Moran Field,Production,2025-01-14T08:00:00+05:30,ASCENSION_TEMPLATE_GENERATOR,"SYNTHETIC_DEVELOPMENT_ONLY; not a real incident, HSE label or validation record."
SYN-DEMO-0142,"During routine operations, At Duliajan Field, A reversing service vehicle moved through a pedestrian work area without a spotter or separation barrier. The task was in its positioning stage. No injury was reported; the exposure pathway was documented for follow-up.",1,"[""Driving""]",SYNTHETIC-DEMO-EVENT-SYN-DEMO-0142,train,false,true,Unsafe Act,Digboi Refinery,Maintenance,2025-01-15T08:00:00+05:30,ASCENSION_TEMPLATE_GENERATOR,"SYNTHETIC_DEVELOPMENT_ONLY; not a real incident, HSE label or validation record."
SYN-DEMO-0143,"At the start of the task, At Moran Field, A reversing service vehicle moved through a pedestrian work area without a spotter or separation barrier. The task was in its positioning stage. The event was recorded for HSE review and corrective action.",1,"[""Driving""]",SYNTHETIC-DEMO-EVENT-SYN-DEMO-0143,train,false,true,Incident,Naharkatiya Field,Projects,2025-01-16T08:00:00+05:30,ASCENSION_TEMPLATE_GENERATOR,"SYNTHETIC_DEVELOPMENT_ONLY; not a real incident, HSE label or validation record."
SYN-DEMO-0144,"During the shift handover, At Digboi Refinery, A reversing service vehicle moved through a pedestrian work area without a spotter or separation barrier. The task was in its positioning stage. The task was stopped and escalated for review.",1,"[""Driving""]",SYNTHETIC-DEMO-EVENT-SYN-DEMO-0144,train,false,true,Near Miss,Duliajan Field,Drilling,2025-01-17T08:00:00+05:30,ASCENSION_TEMPLATE_GENERATOR,"SYNTHETIC_DEVELOPMENT_ONLY; not a real incident, HSE label or validation record."
SYN-DEMO-0145,"During planned work, At Naharkatiya Field, A reversing service vehicle moved through a pedestrian work area without a spotter or separation barrier. The task was in its positioning stage. The supervisor was notified and the area was made safe.",1,"[""Driving""]",SYNTHETIC-DEMO-EVENT-SYN-DEMO-0145,train,false,true,Unsafe Condition,Moran Field,Production,2025-01-18T08:00:00+05:30,ASCENSION_TEMPLATE_GENERATOR,"SYNTHETIC_DEVELOPMENT_ONLY; not a real incident, HSE label or validation record."
SYN-DEMO-0146,"While the task was under way, At Duliajan Field, A reversing service vehicle moved through a pedestrian work area without a spotter or separation barrier. The task was in its positioning stage. No injury was reported; the exposure pathway was documented for follow-up.",1,"[""Driving""]",SYNTHETIC-DEMO-EVENT-SYN-DEMO-0146,train,false,true,Unsafe Act,Digboi Refinery,Maintenance,2025-01-19T08:00:00+05:30,ASCENSION_TEMPLATE_GENERATOR,"SYNTHETIC_DEVELOPMENT_ONLY; not a real incident, HSE label or validation record."
SYN-DEMO-0147,"Following a toolbox talk, At Moran Field, A reversing service vehicle moved through a pedestrian work area without a spotter or separation barrier. The task was in its positioning stage. The event was recorded for HSE review and corrective action.",1,"[""Driving""]",SYNTHETIC-DEMO-EVENT-SYN-DEMO-0147,validation,false,true,Incident,Naharkatiya Field,Projects,2025-01-20T08:00:00+05:30,ASCENSION_TEMPLATE_GENERATOR,"SYNTHETIC_DEVELOPMENT_ONLY; not a real incident, HSE label or validation record."
SYN-DEMO-0148,"During routine operations, At Digboi Refinery, A reversing service vehicle moved through a pedestrian work area without a spotter or separation barrier. The task was in its positioning stage. The task was stopped and escalated for review.",1,"[""Driving""]",SYNTHETIC-DEMO-EVENT-SYN-DEMO-0148,train,false,true,Near Miss,Duliajan Field,Drilling,2025-01-21T08:00:00+05:30,ASCENSION_TEMPLATE_GENERATOR,"SYNTHETIC_DEVELOPMENT_ONLY; not a real incident, HSE label or validation record."
SYN-DEMO-0149,"At the start of the task, At Naharkatiya Field, A reversing service vehicle moved through a pedestrian work area without a spotter or separation barrier. The task was in its positioning stage. The supervisor was notified and the area was made safe.",1,"[""Driving""]",SYNTHETIC-DEMO-EVENT-SYN-DEMO-0149,train,false,true,Unsafe Condition,Moran Field,Production,2025-01-22T08:00:00+05:30,ASCENSION_TEMPLATE_GENERATOR,"SYNTHETIC_DEVELOPMENT_ONLY; not a real incident, HSE label or validation record."
SYN-DEMO-0150,"During the shift handover, At Duliajan Field, A reversing service vehicle moved through a pedestrian work area without a spotter or separation barrier. The task was in its positioning stage. No injury was reported; the exposure pathway was documented for follow-up.",1,"[""Driving""]",SYNTHETIC-DEMO-EVENT-SYN-DEMO-0150,validation,false,true,Unsafe Act,Digboi Refinery,Maintenance,2025-01-23T08:00:00+05:30,ASCENSION_TEMPLATE_GENERATOR,"SYNTHETIC_DEVELOPMENT_ONLY; not a real incident, HSE label or validation record."
SYN-DEMO-0151,"During planned work, At Moran Field, A reversing service vehicle moved through a pedestrian work area without a spotter or separation barrier. The task was in its positioning stage. The event was recorded for HSE review and corrective action.",1,"[""Driving""]",SYNTHETIC-DEMO-EVENT-SYN-DEMO-0151,train,false,true,Incident,Naharkatiya Field,Projects,2025-01-24T08:00:00+05:30,ASCENSION_TEMPLATE_GENERATOR,"SYNTHETIC_DEVELOPMENT_ONLY; not a real incident, HSE label or validation record."
SYN-DEMO-0152,"While the task was under way, At Digboi Refinery, A reversing service vehicle moved through a pedestrian work area without a spotter or separation barrier. The task was in its positioning stage. The task was stopped and escalated for review.",1,"[""Driving""]",SYNTHETIC-DEMO-EVENT-SYN-DEMO-0152,train,false,true,Near Miss,Duliajan Field,Drilling,2025-01-25T08:00:00+05:30,ASCENSION_TEMPLATE_GENERATOR,"SYNTHETIC_DEVELOPMENT_ONLY; not a real incident, HSE label or validation record."
SYN-DEMO-0153,"Following a toolbox talk, At Naharkatiya Field, A reversing service vehicle moved through a pedestrian work area without a spotter or separation barrier. The task was in its execution stage. The supervisor was notified and the area was made safe.",1,"[""Driving""]",SYNTHETIC-DEMO-EVENT-SYN-DEMO-0153,validation,false,true,Unsafe Condition,Moran Field,Production,2025-01-26T08:00:00+05:30,ASCENSION_TEMPLATE_GENERATOR,"SYNTHETIC_DEVELOPMENT_ONLY; not a real incident, HSE label or validation record."
SYN-DEMO-0154,"During routine operations, At Duliajan Field, A reversing service vehicle moved through a pedestrian work area without a spotter or separation barrier. The task was in its execution stage. No injury was reported; the exposure pathway was documented for follow-up.",1,"[""Driving""]",SYNTHETIC-DEMO-EVENT-SYN-DEMO-0154,train,false,true,Unsafe Act,Digboi Refinery,Maintenance,2025-01-27T08:00:00+05:30,ASCENSION_TEMPLATE_GENERATOR,"SYNTHETIC_DEVELOPMENT_ONLY; not a real incident, HSE label or validation record."
SYN-DEMO-0155,"At the start of the task, At Moran Field, A reversing service vehicle moved through a pedestrian work area without a spotter or separation barrier. The task was in its execution stage. The event was recorded for HSE review and corrective action.",1,"[""Driving""]",SYNTHETIC-DEMO-EVENT-SYN-DEMO-0155,train,false,true,Incident,Naharkatiya Field,Projects,2025-01-28T08:00:00+05:30,ASCENSION_TEMPLATE_GENERATOR,"SYNTHETIC_DEVELOPMENT_ONLY; not a real incident, HSE label or validation record."
SYN-DEMO-0156,"During the shift handover, At Digboi Refinery, A reversing service vehicle moved through a pedestrian work area without a spotter or separation barrier. The task was in its execution stage. The task was stopped and escalated for review.",1,"[""Driving""]",SYNTHETIC-DEMO-EVENT-SYN-DEMO-0156,train,false,true,Near Miss,Duliajan Field,Drilling,2025-01-29T08:00:00+05:30,ASCENSION_TEMPLATE_GENERATOR,"SYNTHETIC_DEVELOPMENT_ONLY; not a real incident, HSE label or validation record."
SYN-DEMO-0157,"During planned work, At Naharkatiya Field, A reversing service vehicle moved through a pedestrian work area without a spotter or separation barrier. The task was in its execution stage. The supervisor was notified and the area was made safe.",1,"[""Driving""]",SYNTHETIC-DEMO-EVENT-SYN-DEMO-0157,train,false,true,Unsafe Condition,Moran Field,Production,2025-01-30T08:00:00+05:30,ASCENSION_TEMPLATE_GENERATOR,"SYNTHETIC_DEVELOPMENT_ONLY; not a real incident, HSE label or validation record."
SYN-DEMO-0158,"While the task was under way, At Duliajan Field, A reversing service vehicle moved through a pedestrian work area without a spotter or separation barrier. The task was in its execution stage. No injury was reported; the exposure pathway was documented for follow-up.",1,"[""Driving""]",SYNTHETIC-DEMO-EVENT-SYN-DEMO-0158,calibration,false,true,Unsafe Act,Digboi Refinery,Maintenance,2025-01-31T08:00:00+05:30,ASCENSION_TEMPLATE_GENERATOR,"SYNTHETIC_DEVELOPMENT_ONLY; not a real incident, HSE label or validation record."
SYN-DEMO-0159,"Following a toolbox talk, At Moran Field, A reversing service vehicle moved through a pedestrian work area without a spotter or separation barrier. The task was in its execution stage. The event was recorded for HSE review and corrective action.",1,"[""Driving""]",SYNTHETIC-DEMO-EVENT-SYN-DEMO-0159,train,false,true,Incident,Naharkatiya Field,Projects,2025-02-01T08:00:00+05:30,ASCENSION_TEMPLATE_GENERATOR,"SYNTHETIC_DEVELOPMENT_ONLY; not a real incident, HSE label or validation record."
SYN-DEMO-0160,"During routine operations, At Digboi Refinery, A reversing service vehicle moved through a pedestrian work area without a spotter or separation barrier. The task was in its execution stage. The task was stopped and escalated for review.",1,"[""Driving""]",SYNTHETIC-DEMO-EVENT-SYN-DEMO-0160,train,false,true,Near Miss,Duliajan Field,Drilling,2025-02-02T08:00:00+05:30,ASCENSION_TEMPLATE_GENERATOR,"SYNTHETIC_DEVELOPMENT_ONLY; not a real incident, HSE label or validation record."
SYN-DEMO-0161,"Following a toolbox talk, At Naharkatiya Field, A reversing service vehicle used a spotter and the pedestrian route was segregated before movement began. The task was in its preparation stage. The task was stopped and escalated for review.",0,"[""Driving""]",SYNTHETIC-DEMO-EVENT-SYN-DEMO-0161,train,false,true,Unsafe Condition,Moran Field,Production,2025-01-02T08:00:00+05:30,ASCENSION_TEMPLATE_GENERATOR,"SYNTHETIC_DEVELOPMENT_ONLY; not a real incident, HSE label or validation record."
SYN-DEMO-0162,"During routine operations, At Duliajan Field, A reversing service vehicle used a spotter and the pedestrian route was segregated before movement began. The task was in its preparation stage. The supervisor was notified and the area was made safe.",0,"[""Driving""]",SYNTHETIC-DEMO-EVENT-SYN-DEMO-0162,train,false,true,Unsafe Act,Digboi Refinery,Maintenance,2025-01-03T08:00:00+05:30,ASCENSION_TEMPLATE_GENERATOR,"SYNTHETIC_DEVELOPMENT_ONLY; not a real incident, HSE label or validation record."
SYN-DEMO-0163,"At the start of the task, At Moran Field, A reversing service vehicle used a spotter and the pedestrian route was segregated before movement began. The task was in its preparation stage. No injury was reported; the exposure pathway was documented for follow-up.",0,"[""Driving""]",SYNTHETIC-DEMO-EVENT-SYN-DEMO-0163,test,false,true,Incident,Naharkatiya Field,Projects,2025-01-04T08:00:00+05:30,ASCENSION_TEMPLATE_GENERATOR,"SYNTHETIC_DEVELOPMENT_ONLY; not a real incident, HSE label or validation record."
SYN-DEMO-0164,"During the shift handover, At Digboi Refinery, A reversing service vehicle used a spotter and the pedestrian route was segregated before movement began. The task was in its preparation stage. The event was recorded for HSE review and corrective action.",0,"[""Driving""]",SYNTHETIC-DEMO-EVENT-SYN-DEMO-0164,calibration,false,true,Near Miss,Duliajan Field,Drilling,2025-01-05T08:00:00+05:30,ASCENSION_TEMPLATE_GENERATOR,"SYNTHETIC_DEVELOPMENT_ONLY; not a real incident, HSE label or validation record."
SYN-DEMO-0165,"During planned work, At Naharkatiya Field, A reversing service vehicle used a spotter and the pedestrian route was segregated before movement began. The task was in its preparation stage. The task was stopped and escalated for review.",0,"[""Driving""]",SYNTHETIC-DEMO-EVENT-SYN-DEMO-0165,validation,false,true,Unsafe Condition,Moran Field,Production,2025-01-06T08:00:00+05:30,ASCENSION_TEMPLATE_GENERATOR,"SYNTHETIC_DEVELOPMENT_ONLY; not a real incident, HSE label or validation record."
SYN-DEMO-0166,"While the task was under way, At Duliajan Field, A reversing service vehicle used a spotter and the pedestrian route was segregated before movement began. The task was in its preparation stage. The supervisor was notified and the area was made safe.",0,"[""Driving""]",SYNTHETIC-DEMO-EVENT-SYN-DEMO-0166,validation,false,true,Unsafe Act,Digboi Refinery,Maintenance,2025-01-07T08:00:00+05:30,ASCENSION_TEMPLATE_GENERATOR,"SYNTHETIC_DEVELOPMENT_ONLY; not a real incident, HSE label or validation record."
SYN-DEMO-0167,"Following a toolbox talk, At Moran Field, A reversing service vehicle used a spotter and the pedestrian route was segregated before movement began. The task was in its preparation stage. No injury was reported; the exposure pathway was documented for follow-up.",0,"[""Driving""]",SYNTHETIC-DEMO-EVENT-SYN-DEMO-0167,train,false,true,Incident,Naharkatiya Field,Projects,2025-01-08T08:00:00+05:30,ASCENSION_TEMPLATE_GENERATOR,"SYNTHETIC_DEVELOPMENT_ONLY; not a real incident, HSE label or validation record."
SYN-DEMO-0168,"During routine operations, At Digboi Refinery, A reversing service vehicle used a spotter and the pedestrian route was segregated before movement began. The task was in its preparation stage. The event was recorded for HSE review and corrective action.",0,"[""Driving""]",SYNTHETIC-DEMO-EVENT-SYN-DEMO-0168,train,false,true,Near Miss,Duliajan Field,Drilling,2025-01-09T08:00:00+05:30,ASCENSION_TEMPLATE_GENERATOR,"SYNTHETIC_DEVELOPMENT_ONLY; not a real incident, HSE label or validation record."
SYN-DEMO-0169,"At the start of the task, At Naharkatiya Field, A reversing service vehicle used a spotter and the pedestrian route was segregated before movement began. The task was in its preparation stage. The task was stopped and escalated for review.",0,"[""Driving""]",SYNTHETIC-DEMO-EVENT-SYN-DEMO-0169,test,false,true,Unsafe Condition,Moran Field,Production,2025-01-10T08:00:00+05:30,ASCENSION_TEMPLATE_GENERATOR,"SYNTHETIC_DEVELOPMENT_ONLY; not a real incident, HSE label or validation record."
SYN-DEMO-0170,"During the shift handover, At Duliajan Field, A reversing service vehicle used a spotter and the pedestrian route was segregated before movement began. The task was in its preparation stage. The supervisor was notified and the area was made safe.",0,"[""Driving""]",SYNTHETIC-DEMO-EVENT-SYN-DEMO-0170,calibration,false,true,Unsafe Act,Digboi Refinery,Maintenance,2025-01-11T08:00:00+05:30,ASCENSION_TEMPLATE_GENERATOR,"SYNTHETIC_DEVELOPMENT_ONLY; not a real incident, HSE label or validation record."
SYN-DEMO-0171,"During planned work, At Moran Field, A reversing service vehicle used a spotter and the pedestrian route was segregated before movement began. The task was in its preparation stage. No injury was reported; the exposure pathway was documented for follow-up.",0,"[""Driving""]",SYNTHETIC-DEMO-EVENT-SYN-DEMO-0171,train,false,true,Incident,Naharkatiya Field,Projects,2025-01-12T08:00:00+05:30,ASCENSION_TEMPLATE_GENERATOR,"SYNTHETIC_DEVELOPMENT_ONLY; not a real incident, HSE label or validation record."
SYN-DEMO-0172,"While the task was under way, At Digboi Refinery, A reversing service vehicle used a spotter and the pedestrian route was segregated before movement began. The task was in its preparation stage. The event was recorded for HSE review and corrective action.",0,"[""Driving""]",SYNTHETIC-DEMO-EVENT-SYN-DEMO-0172,train,false,true,Near Miss,Duliajan Field,Drilling,2025-01-13T08:00:00+05:30,ASCENSION_TEMPLATE_GENERATOR,"SYNTHETIC_DEVELOPMENT_ONLY; not a real incident, HSE label or validation record."
SYN-DEMO-0173,"Following a toolbox talk, At Naharkatiya Field, A reversing service vehicle used a spotter and the pedestrian route was segregated before movement began. The task was in its positioning stage. The task was stopped and escalated for review.",0,"[""Driving""]",SYNTHETIC-DEMO-EVENT-SYN-DEMO-0173,validation,false,true,Unsafe Condition,Moran Field,Production,2025-01-14T08:00:00+05:30,ASCENSION_TEMPLATE_GENERATOR,"SYNTHETIC_DEVELOPMENT_ONLY; not a real incident, HSE label or validation record."
SYN-DEMO-0174,"During routine operations, At Duliajan Field, A reversing service vehicle used a spotter and the pedestrian route was segregated before movement began. The task was in its positioning stage. The supervisor was notified and the area was made safe.",0,"[""Driving""]",SYNTHETIC-DEMO-EVENT-SYN-DEMO-0174,validation,false,true,Unsafe Act,Digboi Refinery,Maintenance,2025-01-15T08:00:00+05:30,ASCENSION_TEMPLATE_GENERATOR,"SYNTHETIC_DEVELOPMENT_ONLY; not a real incident, HSE label or validation record."
SYN-DEMO-0175,"At the start of the task, At Moran Field, A reversing service vehicle used a spotter and the pedestrian route was segregated before movement began. The task was in its positioning stage. No injury was reported; the exposure pathway was documented for follow-up.",0,"[""Driving""]",SYNTHETIC-DEMO-EVENT-SYN-DEMO-0175,train,false,true,Incident,Naharkatiya Field,Projects,2025-01-16T08:00:00+05:30,ASCENSION_TEMPLATE_GENERATOR,"SYNTHETIC_DEVELOPMENT_ONLY; not a real incident, HSE label or validation record."
SYN-DEMO-0176,"During the shift handover, At Digboi Refinery, A reversing service vehicle used a spotter and the pedestrian route was segregated before movement began. The task was in its positioning stage. The event was recorded for HSE review and corrective action.",0,"[""Driving""]",SYNTHETIC-DEMO-EVENT-SYN-DEMO-0176,calibration,false,true,Near Miss,Duliajan Field,Drilling,2025-01-17T08:00:00+05:30,ASCENSION_TEMPLATE_GENERATOR,"SYNTHETIC_DEVELOPMENT_ONLY; not a real incident, HSE label or validation record."
SYN-DEMO-0177,"During planned work, At Naharkatiya Field, A reversing service vehicle used a spotter and the pedestrian route was segregated before movement began. The task was in its positioning stage. The task was stopped and escalated for review.",0,"[""Driving""]",SYNTHETIC-DEMO-EVENT-SYN-DEMO-0177,train,false,true,Unsafe Condition,Moran Field,Production,2025-01-18T08:00:00+05:30,ASCENSION_TEMPLATE_GENERATOR,"SYNTHETIC_DEVELOPMENT_ONLY; not a real incident, HSE label or validation record."
SYN-DEMO-0178,"While the task was under way, At Duliajan Field, A reversing service vehicle used a spotter and the pedestrian route was segregated before movement began. The task was in its positioning stage. The supervisor was notified and the area was made safe.",0,"[""Driving""]",SYNTHETIC-DEMO-EVENT-SYN-DEMO-0178,train,false,true,Unsafe Act,Digboi Refinery,Maintenance,2025-01-19T08:00:00+05:30,ASCENSION_TEMPLATE_GENERATOR,"SYNTHETIC_DEVELOPMENT_ONLY; not a real incident, HSE label or validation record."
SYN-DEMO-0179,"Following a toolbox talk, At Moran Field, A reversing service vehicle used a spotter and the pedestrian route was segregated before movement began. The task was in its positioning stage. No injury was reported; the exposure pathway was documented for follow-up.",0,"[""Driving""]",SYNTHETIC-DEMO-EVENT-SYN-DEMO-0179,train,false,true,Incident,Naharkatiya Field,Projects,2025-01-20T08:00:00+05:30,ASCENSION_TEMPLATE_GENERATOR,"SYNTHETIC_DEVELOPMENT_ONLY; not a real incident, HSE label or validation record."
SYN-DEMO-0180,"During routine operations, At Digboi Refinery, A reversing service vehicle used a spotter and the pedestrian route was segregated before movement began. The task was in its positioning stage. The event was recorded for HSE review and corrective action.",0,"[""Driving""]",SYNTHETIC-DEMO-EVENT-SYN-DEMO-0180,train,false,true,Near Miss,Duliajan Field,Drilling,2025-01-21T08:00:00+05:30,ASCENSION_TEMPLATE_GENERATOR,"SYNTHETIC_DEVELOPMENT_ONLY; not a real incident, HSE label or validation record."
SYN-DEMO-0181,"At the start of the task, At Naharkatiya Field, A reversing service vehicle used a spotter and the pedestrian route was segregated before movement began. The task was in its positioning stage. The task was stopped and escalated for review.",0,"[""Driving""]",SYNTHETIC-DEMO-EVENT-SYN-DEMO-0181,train,false,true,Unsafe Condition,Moran Field,Production,2025-01-22T08:00:00+05:30,ASCENSION_TEMPLATE_GENERATOR,"SYNTHETIC_DEVELOPMENT_ONLY; not a real incident, HSE label or validation record."
SYN-DEMO-0182,"During the shift handover, At Duliajan Field, A reversing service vehicle used a spotter and the pedestrian route was segregated before movement began. The task was in its positioning stage. The supervisor was notified and the area was made safe.",0,"[""Driving""]",SYNTHETIC-DEMO-EVENT-SYN-DEMO-0182,train,false,true,Unsafe Act,Digboi Refinery,Maintenance,2025-01-23T08:00:00+05:30,ASCENSION_TEMPLATE_GENERATOR,"SYNTHETIC_DEVELOPMENT_ONLY; not a real incident, HSE label or validation record."
SYN-DEMO-0183,"During planned work, At Moran Field, A reversing service vehicle used a spotter and the pedestrian route was segregated before movement began. The task was in its positioning stage. No injury was reported; the exposure pathway was documented for follow-up.",0,"[""Driving""]",SYNTHETIC-DEMO-EVENT-SYN-DEMO-0183,train,false,true,Incident,Naharkatiya Field,Projects,2025-01-24T08:00:00+05:30,ASCENSION_TEMPLATE_GENERATOR,"SYNTHETIC_DEVELOPMENT_ONLY; not a real incident, HSE label or validation record."
SYN-DEMO-0184,"While the task was under way, At Digboi Refinery, A reversing service vehicle used a spotter and the pedestrian route was segregated before movement began. The task was in its positioning stage. The event was recorded for HSE review and corrective action.",0,"[""Driving""]",SYNTHETIC-DEMO-EVENT-SYN-DEMO-0184,train,false,true,Near Miss,Duliajan Field,Drilling,2025-01-25T08:00:00+05:30,ASCENSION_TEMPLATE_GENERATOR,"SYNTHETIC_DEVELOPMENT_ONLY; not a real incident, HSE label or validation record."
SYN-DEMO-0185,"Following a toolbox talk, At Naharkatiya Field, A reversing service vehicle used a spotter and the pedestrian route was segregated before movement began. The task was in its execution stage. The task was stopped and escalated for review.",0,"[""Driving""]",SYNTHETIC-DEMO-EVENT-SYN-DEMO-0185,train,false,true,Unsafe Condition,Moran Field,Production,2025-01-26T08:00:00+05:30,ASCENSION_TEMPLATE_GENERATOR,"SYNTHETIC_DEVELOPMENT_ONLY; not a real incident, HSE label or validation record."
SYN-DEMO-0186,"During routine operations, At Duliajan Field, A reversing service vehicle used a spotter and the pedestrian route was segregated before movement began. The task was in its execution stage. The supervisor was notified and the area was made safe.",0,"[""Driving""]",SYNTHETIC-DEMO-EVENT-SYN-DEMO-0186,train,false,true,Unsafe Act,Digboi Refinery,Maintenance,2025-01-27T08:00:00+05:30,ASCENSION_TEMPLATE_GENERATOR,"SYNTHETIC_DEVELOPMENT_ONLY; not a real incident, HSE label or validation record."
SYN-DEMO-0187,"At the start of the task, At Moran Field, A reversing service vehicle used a spotter and the pedestrian route was segregated before movement began. The task was in its execution stage. No injury was reported; the exposure pathway was documented for follow-up.",0,"[""Driving""]",SYNTHETIC-DEMO-EVENT-SYN-DEMO-0187,test,false,true,Incident,Naharkatiya Field,Projects,2025-01-28T08:00:00+05:30,ASCENSION_TEMPLATE_GENERATOR,"SYNTHETIC_DEVELOPMENT_ONLY; not a real incident, HSE label or validation record."
SYN-DEMO-0188,"During the shift handover, At Digboi Refinery, A reversing service vehicle used a spotter and the pedestrian route was segregated before movement began. The task was in its execution stage. The event was recorded for HSE review and corrective action.",0,"[""Driving""]",SYNTHETIC-DEMO-EVENT-SYN-DEMO-0188,train,false,true,Near Miss,Duliajan Field,Drilling,2025-01-29T08:00:00+05:30,ASCENSION_TEMPLATE_GENERATOR,"SYNTHETIC_DEVELOPMENT_ONLY; not a real incident, HSE label or validation record."
SYN-DEMO-0189,"During planned work, At Naharkatiya Field, A reversing service vehicle used a spotter and the pedestrian route was segregated before movement began. The task was in its execution stage. The task was stopped and escalated for review.",0,"[""Driving""]",SYNTHETIC-DEMO-EVENT-SYN-DEMO-0189,calibration,false,true,Unsafe Condition,Moran Field,Production,2025-01-30T08:00:00+05:30,ASCENSION_TEMPLATE_GENERATOR,"SYNTHETIC_DEVELOPMENT_ONLY; not a real incident, HSE label or validation record."
SYN-DEMO-0190,"While the task was under way, At Duliajan Field, A reversing service vehicle used a spotter and the pedestrian route was segregated before movement began. The task was in its execution stage. The supervisor was notified and the area was made safe.",0,"[""Driving""]",SYNTHETIC-DEMO-EVENT-SYN-DEMO-0190,train,false,true,Unsafe Act,Digboi Refinery,Maintenance,2025-01-31T08:00:00+05:30,ASCENSION_TEMPLATE_GENERATOR,"SYNTHETIC_DEVELOPMENT_ONLY; not a real incident, HSE label or validation record."
SYN-DEMO-0191,"Following a toolbox talk, At Moran Field, A reversing service vehicle used a spotter and the pedestrian route was segregated before movement began. The task was in its execution stage. No injury was reported; the exposure pathway was documented for follow-up.",0,"[""Driving""]",SYNTHETIC-DEMO-EVENT-SYN-DEMO-0191,train,false,true,Incident,Naharkatiya Field,Projects,2025-02-01T08:00:00+05:30,ASCENSION_TEMPLATE_GENERATOR,"SYNTHETIC_DEVELOPMENT_ONLY; not a real incident, HSE label or validation record."
SYN-DEMO-0192,"During routine operations, At Digboi Refinery, A reversing service vehicle used a spotter and the pedestrian route was segregated before movement began. The task was in its execution stage. The event was recorded for HSE review and corrective action.",0,"[""Driving""]",SYNTHETIC-DEMO-EVENT-SYN-DEMO-0192,calibration,false,true,Near Miss,Duliajan Field,Drilling,2025-02-02T08:00:00+05:30,ASCENSION_TEMPLATE_GENERATOR,"SYNTHETIC_DEVELOPMENT_ONLY; not a real incident, HSE label or validation record."
SYN-DEMO-0193,"During routine operations, At Duliajan Field, Maintenance started on a pump after an isolation was removed, exposing the mechanic to unexpected energisation. The task was in its preparation stage. The supervisor was notified and the area was made safe.",1,"[""Energy Isolation""]",SYNTHETIC-DEMO-EVENT-SYN-DEMO-0193,validation,false,true,Unsafe Condition,Moran Field,Production,2025-01-02T08:00:00+05:30,ASCENSION_TEMPLATE_GENERATOR,"SYNTHETIC_DEVELOPMENT_ONLY; not a real incident, HSE label or validation record."
SYN-DEMO-0194,"At the start of the task, At Moran Field, Maintenance started on a pump after an isolation was removed, exposing the mechanic to unexpected energisation. The task was in its preparation stage. No injury was reported; the exposure pathway was documented for follow-up.",1,"[""Energy Isolation""]",SYNTHETIC-DEMO-EVENT-SYN-DEMO-0194,train,false,true,Unsafe Act,Digboi Refinery,Maintenance,2025-01-03T08:00:00+05:30,ASCENSION_TEMPLATE_GENERATOR,"SYNTHETIC_DEVELOPMENT_ONLY; not a real incident, HSE label or validation record."
SYN-DEMO-0195,"During the shift handover, At Digboi Refinery, Maintenance started on a pump after an isolation was removed, exposing the mechanic to unexpected energisation. The task was in its preparation stage. The event was recorded for HSE review and corrective action.",1,"[""Energy Isolation""]",SYNTHETIC-DEMO-EVENT-SYN-DEMO-0195,train,false,true,Incident,Naharkatiya Field,Projects,2025-01-04T08:00:00+05:30,ASCENSION_TEMPLATE_GENERATOR,"SYNTHETIC_DEVELOPMENT_ONLY; not a real incident, HSE label or validation record."
SYN-DEMO-0196,"During planned work, At Naharkatiya Field, Maintenance started on a pump after an isolation was removed, exposing the mechanic to unexpected energisation. The task was in its preparation stage. The task was stopped and escalated for review.",1,"[""Energy Isolation""]",SYNTHETIC-DEMO-EVENT-SYN-DEMO-0196,train,false,true,Near Miss,Duliajan Field,Drilling,2025-01-05T08:00:00+05:30,ASCENSION_TEMPLATE_GENERATOR,"SYNTHETIC_DEVELOPMENT_ONLY; not a real incident, HSE label or validation record."
SYN-DEMO-0197,"While the task was under way, At Duliajan Field, Maintenance started on a pump after an isolation was removed, exposing the mechanic to unexpected energisation. The task was in its preparation stage. The supervisor was notified and the area was made safe.",1,"[""Energy Isolation""]",SYNTHETIC-DEMO-EVENT-SYN-DEMO-0197,validation,false,true,Unsafe Condition,Moran Field,Production,2025-01-06T08:00:00+05:30,ASCENSION_TEMPLATE_GENERATOR,"SYNTHETIC_DEVELOPMENT_ONLY; not a real incident, HSE label or validation record."
SYN-DEMO-0198,"Following a toolbox talk, At Moran Field, Maintenance started on a pump after an isolation was removed, exposing the mechanic to unexpected energisation. The task was in its preparation stage. No injury was reported; the exposure pathway was documented for follow-up.",1,"[""Energy Isolation""]",SYNTHETIC-DEMO-EVENT-SYN-DEMO-0198,train,false,true,Unsafe Act,Digboi Refinery,Maintenance,2025-01-07T08:00:00+05:30,ASCENSION_TEMPLATE_GENERATOR,"SYNTHETIC_DEVELOPMENT_ONLY; not a real incident, HSE label or validation record."
SYN-DEMO-0199,"During routine operations, At Digboi Refinery, Maintenance started on a pump after an isolation was removed, exposing the mechanic to unexpected energisation. The task was in its preparation stage. The event was recorded for HSE review and corrective action.",1,"[""Energy Isolation""]",SYNTHETIC-DEMO-EVENT-SYN-DEMO-0199,test,false,true,Incident,Naharkatiya Field,Projects,2025-01-08T08:00:00+05:30,ASCENSION_TEMPLATE_GENERATOR,"SYNTHETIC_DEVELOPMENT_ONLY; not a real incident, HSE label or validation record."
SYN-DEMO-0200,"At the start of the task, At Naharkatiya Field, Maintenance started on a pump after an isolation was removed, exposing the mechanic to unexpected energisation. The task was in its preparation stage. The task was stopped and escalated for review.",1,"[""Energy Isolation""]",SYNTHETIC-DEMO-EVENT-SYN-DEMO-0200,calibration,false,true,Near Miss,Duliajan Field,Drilling,2025-01-09T08:00:00+05:30,ASCENSION_TEMPLATE_GENERATOR,"SYNTHETIC_DEVELOPMENT_ONLY; not a real incident, HSE label or validation record."
SYN-DEMO-0201,"During the shift handover, At Duliajan Field, Maintenance started on a pump after an isolation was removed, exposing the mechanic to unexpected energisation. The task was in its preparation stage. The supervisor was notified and the area was made safe.",1,"[""Energy Isolation""]",SYNTHETIC-DEMO-EVENT-SYN-DEMO-0201,train,false,true,Unsafe Condition,Moran Field,Production,2025-01-10T08:00:00+05:30,ASCENSION_TEMPLATE_GENERATOR,"SYNTHETIC_DEVELOPMENT_ONLY; not a real incident, HSE label or validation record."
SYN-DEMO-0202,"During planned work, At Moran Field, Maintenance started on a pump after an isolation was removed, exposing the mechanic to unexpected energisation. The task was in its preparation stage. No injury was reported; the exposure pathway was documented for follow-up.",1,"[""Energy Isolation""]",SYNTHETIC-DEMO-EVENT-SYN-DEMO-0202,train,false,true,Unsafe Act,Digboi Refinery,Maintenance,2025-01-11T08:00:00+05:30,ASCENSION_TEMPLATE_GENERATOR,"SYNTHETIC_DEVELOPMENT_ONLY; not a real incident, HSE label or validation record."
SYN-DEMO-0203,"While the task was under way, At Digboi Refinery, Maintenance started on a pump after an isolation was removed, exposing the mechanic to unexpected energisation. The task was in its preparation stage. The event was recorded for HSE review and corrective action.",1,"[""Energy Isolation""]",SYNTHETIC-DEMO-EVENT-SYN-DEMO-0203,train,false,true,Incident,Naharkatiya Field,Projects,2025-01-12T08:00:00+05:30,ASCENSION_TEMPLATE_GENERATOR,"SYNTHETIC_DEVELOPMENT_ONLY; not a real incident, HSE label or validation record."
SYN-DEMO-0204,"Following a toolbox talk, At Naharkatiya Field, Maintenance started on a pump after an isolation was removed, exposing the mechanic to unexpected energisation. The task was in its preparation stage. The task was stopped and escalated for review.",1,"[""Energy Isolation""]",SYNTHETIC-DEMO-EVENT-SYN-DEMO-0204,train,false,true,Near Miss,Duliajan Field,Drilling,2025-01-13T08:00:00+05:30,ASCENSION_TEMPLATE_GENERATOR,"SYNTHETIC_DEVELOPMENT_ONLY; not a real incident, HSE label or validation record."
SYN-DEMO-0205,"During routine operations, At Duliajan Field, Maintenance started on a pump after an isolation was removed, exposing the mechanic to unexpected energisation. The task was in its positioning stage. The supervisor was notified and the area was made safe.",1,"[""Energy Isolation""]",SYNTHETIC-DEMO-EVENT-SYN-DEMO-0205,validation,false,true,Unsafe Condition,Moran Field,Production,2025-01-14T08:00:00+05:30,ASCENSION_TEMPLATE_GENERATOR,"SYNTHETIC_DEVELOPMENT_ONLY; not a real incident, HSE label or validation record."
SYN-DEMO-0206,"At the start of the task, At Moran Field, Maintenance started on a pump after an isolation was removed, exposing the mechanic to unexpected energisation. The task was in its positioning stage. No injury was reported; the exposure pathway was documented for follow-up.",1,"[""Energy Isolation""]",SYNTHETIC-DEMO-EVENT-SYN-DEMO-0206,train,false,true,Unsafe Act,Digboi Refinery,Maintenance,2025-01-15T08:00:00+05:30,ASCENSION_TEMPLATE_GENERATOR,"SYNTHETIC_DEVELOPMENT_ONLY; not a real incident, HSE label or validation record."
SYN-DEMO-0207,"During the shift handover, At Digboi Refinery, Maintenance started on a pump after an isolation was removed, exposing the mechanic to unexpected energisation. The task was in its positioning stage. The event was recorded for HSE review and corrective action.",1,"[""Energy Isolation""]",SYNTHETIC-DEMO-EVENT-SYN-DEMO-0207,train,false,true,Incident,Naharkatiya Field,Projects,2025-01-16T08:00:00+05:30,ASCENSION_TEMPLATE_GENERATOR,"SYNTHETIC_DEVELOPMENT_ONLY; not a real incident, HSE label or validation record."
SYN-DEMO-0208,"During planned work, At Naharkatiya Field, Maintenance started on a pump after an isolation was removed, exposing the mechanic to unexpected energisation. The task was in its positioning stage. The task was stopped and escalated for review.",1,"[""Energy Isolation""]",SYNTHETIC-DEMO-EVENT-SYN-DEMO-0208,test,false,true,Near Miss,Duliajan Field,Drilling,2025-01-17T08:00:00+05:30,ASCENSION_TEMPLATE_GENERATOR,"SYNTHETIC_DEVELOPMENT_ONLY; not a real incident, HSE label or validation record."
SYN-DEMO-0209,"While the task was under way, At Duliajan Field, Maintenance started on a pump after an isolation was removed, exposing the mechanic to unexpected energisation. The task was in its positioning stage. The supervisor was notified and the area was made safe.",1,"[""Energy Isolation""]",SYNTHETIC-DEMO-EVENT-SYN-DEMO-0209,validation,false,true,Unsafe Condition,Moran Field,Production,2025-01-18T08:00:00+05:30,ASCENSION_TEMPLATE_GENERATOR,"SYNTHETIC_DEVELOPMENT_ONLY; not a real incident, HSE label or validation record."
SYN-DEMO-0210,"Following a toolbox talk, At Moran Field, Maintenance started on a pump after an isolation was removed, exposing the mechanic to unexpected energisation. The task was in its positioning stage. No injury was reported; the exposure pathway was documented for follow-up.",1,"[""Energy Isolation""]",SYNTHETIC-DEMO-EVENT-SYN-DEMO-0210,test,false,true,Unsafe Act,Digboi Refinery,Maintenance,2025-01-19T08:00:00+05:30,ASCENSION_TEMPLATE_GENERATOR,"SYNTHETIC_DEVELOPMENT_ONLY; not a real incident, HSE label or validation record."
SYN-DEMO-0211,"During routine operations, At Digboi Refinery, Maintenance started on a pump after an isolation was removed, exposing the mechanic to unexpected energisation. The task was in its positioning stage. The event was recorded for HSE review and corrective action.",1,"[""Energy Isolation""]",SYNTHETIC-DEMO-EVENT-SYN-DEMO-0211,test,false,true,Incident,Naharkatiya Field,Projects,2025-01-20T08:00:00+05:30,ASCENSION_TEMPLATE_GENERATOR,"SYNTHETIC_DEVELOPMENT_ONLY; not a real incident, HSE label or validation record."
SYN-DEMO-0212,"At the start of the task, At Naharkatiya Field, Maintenance started on a pump after an isolation was removed, exposing the mechanic to unexpected energisation. The task was in its positioning stage. The task was stopped and escalated for review.",1,"[""Energy Isolation""]",SYNTHETIC-DEMO-EVENT-SYN-DEMO-0212,test,false,true,Near Miss,Duliajan Field,Drilling,2025-01-21T08:00:00+05:30,ASCENSION_TEMPLATE_GENERATOR,"SYNTHETIC_DEVELOPMENT_ONLY; not a real incident, HSE label or validation record."
SYN-DEMO-0213,"During the shift handover, At Duliajan Field, Maintenance started on a pump after an isolation was removed, exposing the mechanic to unexpected energisation. The task was in its positioning stage. The supervisor was notified and the area was made safe.",1,"[""Energy Isolation""]",SYNTHETIC-DEMO-EVENT-SYN-DEMO-0213,train,false,true,Unsafe Condition,Moran Field,Production,2025-01-22T08:00:00+05:30,ASCENSION_TEMPLATE_GENERATOR,"SYNTHETIC_DEVELOPMENT_ONLY; not a real incident, HSE label or validation record."
SYN-DEMO-0214,"During planned work, At Moran Field, Maintenance started on a pump after an isolation was removed, exposing the mechanic to unexpected energisation. The task was in its positioning stage. No injury was reported; the exposure pathway was documented for follow-up.",1,"[""Energy Isolation""]",SYNTHETIC-DEMO-EVENT-SYN-DEMO-0214,train,false,true,Unsafe Act,Digboi Refinery,Maintenance,2025-01-23T08:00:00+05:30,ASCENSION_TEMPLATE_GENERATOR,"SYNTHETIC_DEVELOPMENT_ONLY; not a real incident, HSE label or validation record."
SYN-DEMO-0215,"While the task was under way, At Digboi Refinery, Maintenance started on a pump after an isolation was removed, exposing the mechanic to unexpected energisation. The task was in its positioning stage. The event was recorded for HSE review and corrective action.",1,"[""Energy Isolation""]",SYNTHETIC-DEMO-EVENT-SYN-DEMO-0215,validation,false,true,Incident,Naharkatiya Field,Projects,2025-01-24T08:00:00+05:30,ASCENSION_TEMPLATE_GENERATOR,"SYNTHETIC_DEVELOPMENT_ONLY; not a real incident, HSE label or validation record."
SYN-DEMO-0216,"Following a toolbox talk, At Naharkatiya Field, Maintenance started on a pump after an isolation was removed, exposing the mechanic to unexpected energisation. The task was in its positioning stage. The task was stopped and escalated for review.",1,"[""Energy Isolation""]",SYNTHETIC-DEMO-EVENT-SYN-DEMO-0216,train,false,true,Near Miss,Duliajan Field,Drilling,2025-01-25T08:00:00+05:30,ASCENSION_TEMPLATE_GENERATOR,"SYNTHETIC_DEVELOPMENT_ONLY; not a real incident, HSE label or validation record."
SYN-DEMO-0217,"During routine operations, At Duliajan Field, Maintenance started on a pump after an isolation was removed, exposing the mechanic to unexpected energisation. The task was in its execution stage. The supervisor was notified and the area was made safe.",1,"[""Energy Isolation""]",SYNTHETIC-DEMO-EVENT-SYN-DEMO-0217,validation,false,true,Unsafe Condition,Moran Field,Production,2025-01-26T08:00:00+05:30,ASCENSION_TEMPLATE_GENERATOR,"SYNTHETIC_DEVELOPMENT_ONLY; not a real incident, HSE label or validation record."
SYN-DEMO-0218,"At the start of the task, At Moran Field, Maintenance started on a pump after an isolation was removed, exposing the mechanic to unexpected energisation. The task was in its execution stage. No injury was reported; the exposure pathway was documented for follow-up.",1,"[""Energy Isolation""]",SYNTHETIC-DEMO-EVENT-SYN-DEMO-0218,validation,false,true,Unsafe Act,Digboi Refinery,Maintenance,2025-01-27T08:00:00+05:30,ASCENSION_TEMPLATE_GENERATOR,"SYNTHETIC_DEVELOPMENT_ONLY; not a real incident, HSE label or validation record."
SYN-DEMO-0219,"During the shift handover, At Digboi Refinery, Maintenance started on a pump after an isolation was removed, exposing the mechanic to unexpected energisation. The task was in its execution stage. The event was recorded for HSE review and corrective action.",1,"[""Energy Isolation""]",SYNTHETIC-DEMO-EVENT-SYN-DEMO-0219,validation,false,true,Incident,Naharkatiya Field,Projects,2025-01-28T08:00:00+05:30,ASCENSION_TEMPLATE_GENERATOR,"SYNTHETIC_DEVELOPMENT_ONLY; not a real incident, HSE label or validation record."
SYN-DEMO-0220,"During planned work, At Naharkatiya Field, Maintenance started on a pump after an isolation was removed, exposing the mechanic to unexpected energisation. The task was in its execution stage. The task was stopped and escalated for review.",1,"[""Energy Isolation""]",SYNTHETIC-DEMO-EVENT-SYN-DEMO-0220,train,false,true,Near Miss,Duliajan Field,Drilling,2025-01-29T08:00:00+05:30,ASCENSION_TEMPLATE_GENERATOR,"SYNTHETIC_DEVELOPMENT_ONLY; not a real incident, HSE label or validation record."
SYN-DEMO-0221,"While the task was under way, At Duliajan Field, Maintenance started on a pump after an isolation was removed, exposing the mechanic to unexpected energisation. The task was in its execution stage. The supervisor was notified and the area was made safe.",1,"[""Energy Isolation""]",SYNTHETIC-DEMO-EVENT-SYN-DEMO-0221,train,false,true,Unsafe Condition,Moran Field,Production,2025-01-30T08:00:00+05:30,ASCENSION_TEMPLATE_GENERATOR,"SYNTHETIC_DEVELOPMENT_ONLY; not a real incident, HSE label or validation record."
SYN-DEMO-0222,"Following a toolbox talk, At Moran Field, Maintenance started on a pump after an isolation was removed, exposing the mechanic to unexpected energisation. The task was in its execution stage. No injury was reported; the exposure pathway was documented for follow-up.",1,"[""Energy Isolation""]",SYNTHETIC-DEMO-EVENT-SYN-DEMO-0222,test,false,true,Unsafe Act,Digboi Refinery,Maintenance,2025-01-31T08:00:00+05:30,ASCENSION_TEMPLATE_GENERATOR,"SYNTHETIC_DEVELOPMENT_ONLY; not a real incident, HSE label or validation record."
SYN-DEMO-0223,"During routine operations, At Digboi Refinery, Maintenance started on a pump after an isolation was removed, exposing the mechanic to unexpected energisation. The task was in its execution stage. The event was recorded for HSE review and corrective action.",1,"[""Energy Isolation""]",SYNTHETIC-DEMO-EVENT-SYN-DEMO-0223,train,false,true,Incident,Naharkatiya Field,Projects,2025-02-01T08:00:00+05:30,ASCENSION_TEMPLATE_GENERATOR,"SYNTHETIC_DEVELOPMENT_ONLY; not a real incident, HSE label or validation record."
SYN-DEMO-0224,"At the start of the task, At Naharkatiya Field, Maintenance started on a pump after an isolation was removed, exposing the mechanic to unexpected energisation. The task was in its execution stage. The task was stopped and escalated for review.",1,"[""Energy Isolation""]",SYNTHETIC-DEMO-EVENT-SYN-DEMO-0224,train,false,true,Near Miss,Duliajan Field,Drilling,2025-02-02T08:00:00+05:30,ASCENSION_TEMPLATE_GENERATOR,"SYNTHETIC_DEVELOPMENT_ONLY; not a real incident, HSE label or validation record."
SYN-DEMO-0225,"During routine operations, At Duliajan Field, Maintenance on the pump started only after lockout, tags and zero-energy verification were completed. The task was in its preparation stage. The task was stopped and escalated for review.",0,"[""Energy Isolation""]",SYNTHETIC-DEMO-EVENT-SYN-DEMO-0225,calibration,false,true,Unsafe Condition,Moran Field,Production,2025-01-02T08:00:00+05:30,ASCENSION_TEMPLATE_GENERATOR,"SYNTHETIC_DEVELOPMENT_ONLY; not a real incident, HSE label or validation record."
SYN-DEMO-0226,"At the start of the task, At Moran Field, Maintenance on the pump started only after lockout, tags and zero-energy verification were completed. The task was in its preparation stage. The supervisor was notified and the area was made safe.",0,"[""Energy Isolation""]",SYNTHETIC-DEMO-EVENT-SYN-DEMO-0226,train,false,true,Unsafe Act,Digboi Refinery,Maintenance,2025-01-03T08:00:00+05:30,ASCENSION_TEMPLATE_GENERATOR,"SYNTHETIC_DEVELOPMENT_ONLY; not a real incident, HSE label or validation record."
SYN-DEMO-0227,"During the shift handover, At Digboi Refinery, Maintenance on the pump started only after lockout, tags and zero-energy verification were completed. The task was in its preparation stage. No injury was reported; the exposure pathway was documented for follow-up.",0,"[""Energy Isolation""]",SYNTHETIC-DEMO-EVENT-SYN-DEMO-0227,calibration,false,true,Incident,Naharkatiya Field,Projects,2025-01-04T08:00:00+05:30,ASCENSION_TEMPLATE_GENERATOR,"SYNTHETIC_DEVELOPMENT_ONLY; not a real incident, HSE label or validation record."
SYN-DEMO-0228,"During planned work, At Naharkatiya Field, Maintenance on the pump started only after lockout, tags and zero-energy verification were completed. The task was in its preparation stage. The event was recorded for HSE review and corrective action.",0,"[""Energy Isolation""]",SYNTHETIC-DEMO-EVENT-SYN-DEMO-0228,train,false,true,Near Miss,Duliajan Field,Drilling,2025-01-05T08:00:00+05:30,ASCENSION_TEMPLATE_GENERATOR,"SYNTHETIC_DEVELOPMENT_ONLY; not a real incident, HSE label or validation record."
SYN-DEMO-0229,"While the task was under way, At Duliajan Field, Maintenance on the pump started only after lockout, tags and zero-energy verification were completed. The task was in its preparation stage. The task was stopped and escalated for review.",0,"[""Energy Isolation""]",SYNTHETIC-DEMO-EVENT-SYN-DEMO-0229,train,false,true,Unsafe Condition,Moran Field,Production,2025-01-06T08:00:00+05:30,ASCENSION_TEMPLATE_GENERATOR,"SYNTHETIC_DEVELOPMENT_ONLY; not a real incident, HSE label or validation record."
SYN-DEMO-0230,"Following a toolbox talk, At Moran Field, Maintenance on the pump started only after lockout, tags and zero-energy verification were completed. The task was in its preparation stage. The supervisor was notified and the area was made safe.",0,"[""Energy Isolation""]",SYNTHETIC-DEMO-EVENT-SYN-DEMO-0230,train,false,true,Unsafe Act,Digboi Refinery,Maintenance,2025-01-07T08:00:00+05:30,ASCENSION_TEMPLATE_GENERATOR,"SYNTHETIC_DEVELOPMENT_ONLY; not a real incident, HSE label or validation record."
SYN-DEMO-0231,"During routine operations, At Digboi Refinery, Maintenance on the pump started only after lockout, tags and zero-energy verification were completed. The task was in its preparation stage. No injury was reported; the exposure pathway was documented for follow-up.",0,"[""Energy Isolation""]",SYNTHETIC-DEMO-EVENT-SYN-DEMO-0231,test,false,true,Incident,Naharkatiya Field,Projects,2025-01-08T08:00:00+05:30,ASCENSION_TEMPLATE_GENERATOR,"SYNTHETIC_DEVELOPMENT_ONLY; not a real incident, HSE label or validation record."
SYN-DEMO-0232,"At the start of the task, At Naharkatiya Field, Maintenance on the pump started only after lockout, tags and zero-energy verification were completed. The task was in its preparation stage. The event was recorded for HSE review and corrective action.",0,"[""Energy Isolation""]",SYNTHETIC-DEMO-EVENT-SYN-DEMO-0232,test,false,true,Near Miss,Duliajan Field,Drilling,2025-01-09T08:00:00+05:30,ASCENSION_TEMPLATE_GENERATOR,"SYNTHETIC_DEVELOPMENT_ONLY; not a real incident, HSE label or validation record."
SYN-DEMO-0233,"During the shift handover, At Duliajan Field, Maintenance on the pump started only after lockout, tags and zero-energy verification were completed. The task was in its preparation stage. The task was stopped and escalated for review.",0,"[""Energy Isolation""]",SYNTHETIC-DEMO-EVENT-SYN-DEMO-0233,train,false,true,Unsafe Condition,Moran Field,Production,2025-01-10T08:00:00+05:30,ASCENSION_TEMPLATE_GENERATOR,"SYNTHETIC_DEVELOPMENT_ONLY; not a real incident, HSE label or validation record."
SYN-DEMO-0234,"During planned work, At Moran Field, Maintenance on the pump started only after lockout, tags and zero-energy verification were completed. The task was in its preparation stage. The supervisor was notified and the area was made safe.",0,"[""Energy Isolation""]",SYNTHETIC-DEMO-EVENT-SYN-DEMO-0234,train,false,true,Unsafe Act,Digboi Refinery,Maintenance,2025-01-11T08:00:00+05:30,ASCENSION_TEMPLATE_GENERATOR,"SYNTHETIC_DEVELOPMENT_ONLY; not a real incident, HSE label or validation record."
SYN-DEMO-0235,"While the task was under way, At Digboi Refinery, Maintenance on the pump started only after lockout, tags and zero-energy verification were completed. The task was in its preparation stage. No injury was reported; the exposure pathway was documented for follow-up.",0,"[""Energy Isolation""]",SYNTHETIC-DEMO-EVENT-SYN-DEMO-0235,train,false,true,Incident,Naharkatiya Field,Projects,2025-01-12T08:00:00+05:30,ASCENSION_TEMPLATE_GENERATOR,"SYNTHETIC_DEVELOPMENT_ONLY; not a real incident, HSE label or validation record."
SYN-DEMO-0236,"Following a toolbox talk, At Naharkatiya Field, Maintenance on the pump started only after lockout, tags and zero-energy verification were completed. The task was in its preparation stage. The event was recorded for HSE review and corrective action.",0,"[""Energy Isolation""]",SYNTHETIC-DEMO-EVENT-SYN-DEMO-0236,train,false,true,Near Miss,Duliajan Field,Drilling,2025-01-13T08:00:00+05:30,ASCENSION_TEMPLATE_GENERATOR,"SYNTHETIC_DEVELOPMENT_ONLY; not a real incident, HSE label or validation record."
SYN-DEMO-0237,"During routine operations, At Duliajan Field, Maintenance on the pump started only after lockout, tags and zero-energy verification were completed. The task was in its positioning stage. The task was stopped and escalated for review.",0,"[""Energy Isolation""]",SYNTHETIC-DEMO-EVENT-SYN-DEMO-0237,validation,false,true,Unsafe Condition,Moran Field,Production,2025-01-14T08:00:00+05:30,ASCENSION_TEMPLATE_GENERATOR,"SYNTHETIC_DEVELOPMENT_ONLY; not a real incident, HSE label or validation record."
SYN-DEMO-0238,"At the start of the task, At Moran Field, Maintenance on the pump started only after lockout, tags and zero-energy verification were completed. The task was in its positioning stage. The supervisor was notified and the area was made safe.",0,"[""Energy Isolation""]",SYNTHETIC-DEMO-EVENT-SYN-DEMO-0238,calibration,false,true,Unsafe Act,Digboi Refinery,Maintenance,2025-01-15T08:00:00+05:30,ASCENSION_TEMPLATE_GENERATOR,"SYNTHETIC_DEVELOPMENT_ONLY; not a real incident, HSE label or validation record."
SYN-DEMO-0239,"During the shift handover, At Digboi Refinery, Maintenance on the pump started only after lockout, tags and zero-energy verification were completed. The task was in its positioning stage. No injury was reported; the exposure pathway was documented for follow-up.",0,"[""Energy Isolation""]",SYNTHETIC-DEMO-EVENT-SYN-DEMO-0239,calibration,false,true,Incident,Naharkatiya Field,Projects,2025-01-16T08:00:00+05:30,ASCENSION_TEMPLATE_GENERATOR,"SYNTHETIC_DEVELOPMENT_ONLY; not a real incident, HSE label or validation record."
SYN-DEMO-0240,"During planned work, At Naharkatiya Field, Maintenance on the pump started only after lockout, tags and zero-energy verification were completed. The task was in its positioning stage. The event was recorded for HSE review and corrective action.",0,"[""Energy Isolation""]",SYNTHETIC-DEMO-EVENT-SYN-DEMO-0240,train,false,true,Near Miss,Duliajan Field,Drilling,2025-01-17T08:00:00+05:30,ASCENSION_TEMPLATE_GENERATOR,"SYNTHETIC_DEVELOPMENT_ONLY; not a real incident, HSE label or validation record."
SYN-DEMO-0241,"While the task was under way, At Duliajan Field, Maintenance on the pump started only after lockout, tags and zero-energy verification were completed. The task was in its positioning stage. The task was stopped and escalated for review.",0,"[""Energy Isolation""]",SYNTHETIC-DEMO-EVENT-SYN-DEMO-0241,test,false,true,Unsafe Condition,Moran Field,Production,2025-01-18T08:00:00+05:30,ASCENSION_TEMPLATE_GENERATOR,"SYNTHETIC_DEVELOPMENT_ONLY; not a real incident, HSE label or validation record."
SYN-DEMO-0242,"Following a toolbox talk, At Moran Field, Maintenance on the pump started only after lockout, tags and zero-energy verification were completed. The task was in its positioning stage. The supervisor was notified and the area was made safe.",0,"[""Energy Isolation""]",SYNTHETIC-DEMO-EVENT-SYN-DEMO-0242,train,false,true,Unsafe Act,Digboi Refinery,Maintenance,2025-01-19T08:00:00+05:30,ASCENSION_TEMPLATE_GENERATOR,"SYNTHETIC_DEVELOPMENT_ONLY; not a real incident, HSE label or validation record."
SYN-DEMO-0243,"During routine operations, At Digboi Refinery, Maintenance on the pump started only after lockout, tags and zero-energy verification were completed. The task was in its positioning stage. No injury was reported; the exposure pathway was documented for follow-up.",0,"[""Energy Isolation""]",SYNTHETIC-DEMO-EVENT-SYN-DEMO-0243,train,false,true,Incident,Naharkatiya Field,Projects,2025-01-20T08:00:00+05:30,ASCENSION_TEMPLATE_GENERATOR,"SYNTHETIC_DEVELOPMENT_ONLY; not a real incident, HSE label or validation record."
SYN-DEMO-0244,"At the start of the task, At Naharkatiya Field, Maintenance on the pump started only after lockout, tags and zero-energy verification were completed. The task was in its positioning stage. The event was recorded for HSE review and corrective action.",0,"[""Energy Isolation""]",SYNTHETIC-DEMO-EVENT-SYN-DEMO-0244,train,false,true,Near Miss,Duliajan Field,Drilling,2025-01-21T08:00:00+05:30,ASCENSION_TEMPLATE_GENERATOR,"SYNTHETIC_DEVELOPMENT_ONLY; not a real incident, HSE label or validation record."
SYN-DEMO-0245,"During the shift handover, At Duliajan Field, Maintenance on the pump started only after lockout, tags and zero-energy verification were completed. The task was in its positioning stage. The task was stopped and escalated for review.",0,"[""Energy Isolation""]",SYNTHETIC-DEMO-EVENT-SYN-DEMO-0245,train,false,true,Unsafe Condition,Moran Field,Production,2025-01-22T08:00:00+05:30,ASCENSION_TEMPLATE_GENERATOR,"SYNTHETIC_DEVELOPMENT_ONLY; not a real incident, HSE label or validation record."
SYN-DEMO-0246,"During planned work, At Moran Field, Maintenance on the pump started only after lockout, tags and zero-energy verification were completed. The task was in its positioning stage. The supervisor was notified and the area was made safe.",0,"[""Energy Isolation""]",SYNTHETIC-DEMO-EVENT-SYN-DEMO-0246,train,false,true,Unsafe Act,Digboi Refinery,Maintenance,2025-01-23T08:00:00+05:30,ASCENSION_TEMPLATE_GENERATOR,"SYNTHETIC_DEVELOPMENT_ONLY; not a real incident, HSE label or validation record."
SYN-DEMO-0247,"While the task was under way, At Digboi Refinery, Maintenance on the pump started only after lockout, tags and zero-energy verification were completed. The task was in its positioning stage. No injury was reported; the exposure pathway was documented for follow-up.",0,"[""Energy Isolation""]",SYNTHETIC-DEMO-EVENT-SYN-DEMO-0247,train,false,true,Incident,Naharkatiya Field,Projects,2025-01-24T08:00:00+05:30,ASCENSION_TEMPLATE_GENERATOR,"SYNTHETIC_DEVELOPMENT_ONLY; not a real incident, HSE label or validation record."
SYN-DEMO-0248,"Following a toolbox talk, At Naharkatiya Field, Maintenance on the pump started only after lockout, tags and zero-energy verification were completed. The task was in its positioning stage. The event was recorded for HSE review and corrective action.",0,"[""Energy Isolation""]",SYNTHETIC-DEMO-EVENT-SYN-DEMO-0248,train,false,true,Near Miss,Duliajan Field,Drilling,2025-01-25T08:00:00+05:30,ASCENSION_TEMPLATE_GENERATOR,"SYNTHETIC_DEVELOPMENT_ONLY; not a real incident, HSE label or validation record."
SYN-DEMO-0249,"During routine operations, At Duliajan Field, Maintenance on the pump started only after lockout, tags and zero-energy verification were completed. The task was in its execution stage. The task was stopped and escalated for review.",0,"[""Energy Isolation""]",SYNTHETIC-DEMO-EVENT-SYN-DEMO-0249,calibration,false,true,Unsafe Condition,Moran Field,Production,2025-01-26T08:00:00+05:30,ASCENSION_TEMPLATE_GENERATOR,"SYNTHETIC_DEVELOPMENT_ONLY; not a real incident, HSE label or validation record."
SYN-DEMO-0250,"At the start of the task, At Moran Field, Maintenance on the pump started only after lockout, tags and zero-energy verification were completed. The task was in its execution stage. The supervisor was notified and the area was made safe.",0,"[""Energy Isolation""]",SYNTHETIC-DEMO-EVENT-SYN-DEMO-0250,validation,false,true,Unsafe Act,Digboi Refinery,Maintenance,2025-01-27T08:00:00+05:30,ASCENSION_TEMPLATE_GENERATOR,"SYNTHETIC_DEVELOPMENT_ONLY; not a real incident, HSE label or validation record."
SYN-DEMO-0251,"During the shift handover, At Digboi Refinery, Maintenance on the pump started only after lockout, tags and zero-energy verification were completed. The task was in its execution stage. No injury was reported; the exposure pathway was documented for follow-up.",0,"[""Energy Isolation""]",SYNTHETIC-DEMO-EVENT-SYN-DEMO-0251,calibration,false,true,Incident,Naharkatiya Field,Projects,2025-01-28T08:00:00+05:30,ASCENSION_TEMPLATE_GENERATOR,"SYNTHETIC_DEVELOPMENT_ONLY; not a real incident, HSE label or validation record."
SYN-DEMO-0252,"During planned work, At Naharkatiya Field, Maintenance on the pump started only after lockout, tags and zero-energy verification were completed. The task was in its execution stage. The event was recorded for HSE review and corrective action.",0,"[""Energy Isolation""]",SYNTHETIC-DEMO-EVENT-SYN-DEMO-0252,validation,false,true,Near Miss,Duliajan Field,Drilling,2025-01-29T08:00:00+05:30,ASCENSION_TEMPLATE_GENERATOR,"SYNTHETIC_DEVELOPMENT_ONLY; not a real incident, HSE label or validation record."
SYN-DEMO-0253,"While the task was under way, At Duliajan Field, Maintenance on the pump started only after lockout, tags and zero-energy verification were completed. The task was in its execution stage. The task was stopped and escalated for review.",0,"[""Energy Isolation""]",SYNTHETIC-DEMO-EVENT-SYN-DEMO-0253,test,false,true,Unsafe Condition,Moran Field,Production,2025-01-30T08:00:00+05:30,ASCENSION_TEMPLATE_GENERATOR,"SYNTHETIC_DEVELOPMENT_ONLY; not a real incident, HSE label or validation record."
SYN-DEMO-0254,"Following a toolbox talk, At Moran Field, Maintenance on the pump started only after lockout, tags and zero-energy verification were completed. The task was in its execution stage. The supervisor was notified and the area was made safe.",0,"[""Energy Isolation""]",SYNTHETIC-DEMO-EVENT-SYN-DEMO-0254,train,false,true,Unsafe Act,Digboi Refinery,Maintenance,2025-01-31T08:00:00+05:30,ASCENSION_TEMPLATE_GENERATOR,"SYNTHETIC_DEVELOPMENT_ONLY; not a real incident, HSE label or validation record."
SYN-DEMO-0255,"During routine operations, At Digboi Refinery, Maintenance on the pump started only after lockout, tags and zero-energy verification were completed. The task was in its execution stage. No injury was reported; the exposure pathway was documented for follow-up.",0,"[""Energy Isolation""]",SYNTHETIC-DEMO-EVENT-SYN-DEMO-0255,train,false,true,Incident,Naharkatiya Field,Projects,2025-02-01T08:00:00+05:30,ASCENSION_TEMPLATE_GENERATOR,"SYNTHETIC_DEVELOPMENT_ONLY; not a real incident, HSE label or validation record."
SYN-DEMO-0256,"At the start of the task, At Naharkatiya Field, Maintenance on the pump started only after lockout, tags and zero-energy verification were completed. The task was in its execution stage. The event was recorded for HSE review and corrective action.",0,"[""Energy Isolation""]",SYNTHETIC-DEMO-EVENT-SYN-DEMO-0256,train,false,true,Near Miss,Duliajan Field,Drilling,2025-02-02T08:00:00+05:30,ASCENSION_TEMPLATE_GENERATOR,"SYNTHETIC_DEVELOPMENT_ONLY; not a real incident, HSE label or validation record."
SYN-DEMO-0257,"At the start of the task, At Moran Field, Grinding began near a hydrocarbon line without a gas test or fire watch in place. The task was in its preparation stage. The supervisor was notified and the area was made safe.",1,"[""Hot Work""]",SYNTHETIC-DEMO-EVENT-SYN-DEMO-0257,calibration,false,true,Unsafe Condition,Moran Field,Production,2025-01-02T08:00:00+05:30,ASCENSION_TEMPLATE_GENERATOR,"SYNTHETIC_DEVELOPMENT_ONLY; not a real incident, HSE label or validation record."
SYN-DEMO-0258,"During the shift handover, At Digboi Refinery, Grinding began near a hydrocarbon line without a gas test or fire watch in place. The task was in its preparation stage. No injury was reported; the exposure pathway was documented for follow-up.",1,"[""Hot Work""]",SYNTHETIC-DEMO-EVENT-SYN-DEMO-0258,train,false,true,Unsafe Act,Digboi Refinery,Maintenance,2025-01-03T08:00:00+05:30,ASCENSION_TEMPLATE_GENERATOR,"SYNTHETIC_DEVELOPMENT_ONLY; not a real incident, HSE label or validation record."
SYN-DEMO-0259,"During planned work, At Naharkatiya Field, Grinding began near a hydrocarbon line without a gas test or fire watch in place. The task was in its preparation stage. The event was recorded for HSE review and corrective action.",1,"[""Hot Work""]",SYNTHETIC-DEMO-EVENT-SYN-DEMO-0259,train,false,true,Incident,Naharkatiya Field,Projects,2025-01-04T08:00:00+05:30,ASCENSION_TEMPLATE_GENERATOR,"SYNTHETIC_DEVELOPMENT_ONLY; not a real incident, HSE label or validation record."
SYN-DEMO-0260,"While the task was under way, At Duliajan Field, Grinding began near a hydrocarbon line without a gas test or fire watch in place. The task was in its preparation stage. The task was stopped and escalated for review.",1,"[""Hot Work""]",SYNTHETIC-DEMO-EVENT-SYN-DEMO-0260,validation,false,true,Near Miss,Duliajan Field,Drilling,2025-01-05T08:00:00+05:30,ASCENSION_TEMPLATE_GENERATOR,"SYNTHETIC_DEVELOPMENT_ONLY; not a real incident, HSE label or validation record."
SYN-DEMO-0261,"Following a toolbox talk, At Moran Field, Grinding began near a hydrocarbon line without a gas test or fire watch in place. The task was in its preparation stage. The supervisor was notified and the area was made safe.",1,"[""Hot Work""]",SYNTHETIC-DEMO-EVENT-SYN-DEMO-0261,train,false,true,Unsafe Condition,Moran Field,Production,2025-01-06T08:00:00+05:30,ASCENSION_TEMPLATE_GENERATOR,"SYNTHETIC_DEVELOPMENT_ONLY; not a real incident, HSE label or validation record."
SYN-DEMO-0262,"During routine operations, At Digboi Refinery, Grinding began near a hydrocarbon line without a gas test or fire watch in place. The task was in its preparation stage. No injury was reported; the exposure pathway was documented for follow-up.",1,"[""Hot Work""]",SYNTHETIC-DEMO-EVENT-SYN-DEMO-0262,train,false,true,Unsafe Act,Digboi Refinery,Maintenance,2025-01-07T08:00:00+05:30,ASCENSION_TEMPLATE_GENERATOR,"SYNTHETIC_DEVELOPMENT_ONLY; not a real incident, HSE label or validation record."
SYN-DEMO-0263,"At the start of the task, At Naharkatiya Field, Grinding began near a hydrocarbon line without a gas test or fire watch in place. The task was in its preparation stage. The event was recorded for HSE review and corrective action.",1,"[""Hot Work""]",SYNTHETIC-DEMO-EVENT-SYN-DEMO-0263,train,false,true,Incident,Naharkatiya Field,Projects,2025-01-08T08:00:00+05:30,ASCENSION_TEMPLATE_GENERATOR,"SYNTHETIC_DEVELOPMENT_ONLY; not a real incident, HSE label or validation record."
SYN-DEMO-0264,"During the shift handover, At Duliajan Field, Grinding began near a hydrocarbon line without a gas test or fire watch in place. The task was in its preparation stage. The task was stopped and escalated for review.",1,"[""Hot Work""]",SYNTHETIC-DEMO-EVENT-SYN-DEMO-0264,train,false,true,Near Miss,Duliajan Field,Drilling,2025-01-09T08:00:00+05:30,ASCENSION_TEMPLATE_GENERATOR,"SYNTHETIC_DEVELOPMENT_ONLY; not a real incident, HSE label or validation record."
SYN-DEMO-0265,"During planned work, At Moran Field, Grinding began near a hydrocarbon line without a gas test or fire watch in place. The task was in its preparation stage. The supervisor was notified and the area was made safe.",1,"[""Hot Work""]",SYNTHETIC-DEMO-EVENT-SYN-DEMO-0265,train,false,true,Unsafe Condition,Moran Field,Production,2025-01-10T08:00:00+05:30,ASCENSION_TEMPLATE_GENERATOR,"SYNTHETIC_DEVELOPMENT_ONLY; not a real incident, HSE label or validation record."
SYN-DEMO-0266,"While the task was under way, At Digboi Refinery, Grinding began near a hydrocarbon line without a gas test or fire watch in place. The task was in its preparation stage. No injury was reported; the exposure pathway was documented for follow-up.",1,"[""Hot Work""]",SYNTHETIC-DEMO-EVENT-SYN-DEMO-0266,validation,false,true,Unsafe Act,Digboi Refinery,Maintenance,2025-01-11T08:00:00+05:30,ASCENSION_TEMPLATE_GENERATOR,"SYNTHETIC_DEVELOPMENT_ONLY; not a real incident, HSE label or validation record."
SYN-DEMO-0267,"Following a toolbox talk, At Naharkatiya Field, Grinding began near a hydrocarbon line without a gas test or fire watch in place. The task was in its preparation stage. The event was recorded for HSE review and corrective action.",1,"[""Hot Work""]",SYNTHETIC-DEMO-EVENT-SYN-DEMO-0267,train,false,true,Incident,Naharkatiya Field,Projects,2025-01-12T08:00:00+05:30,ASCENSION_TEMPLATE_GENERATOR,"SYNTHETIC_DEVELOPMENT_ONLY; not a real incident, HSE label or validation record."
SYN-DEMO-0268,"During routine operations, At Duliajan Field, Grinding began near a hydrocarbon line without a gas test or fire watch in place. The task was in its preparation stage. The task was stopped and escalated for review.",1,"[""Hot Work""]",SYNTHETIC-DEMO-EVENT-SYN-DEMO-0268,train,false,true,Near Miss,Duliajan Field,Drilling,2025-01-13T08:00:00+05:30,ASCENSION_TEMPLATE_GENERATOR,"SYNTHETIC_DEVELOPMENT_ONLY; not a real incident, HSE label or validation record."
SYN-DEMO-0269,"At the start of the task, At Moran Field, Grinding began near a hydrocarbon line without a gas test or fire watch in place. The task was in its positioning stage. The supervisor was notified and the area was made safe.",1,"[""Hot Work""]",SYNTHETIC-DEMO-EVENT-SYN-DEMO-0269,train,false,true,Unsafe Condition,Moran Field,Production,2025-01-14T08:00:00+05:30,ASCENSION_TEMPLATE_GENERATOR,"SYNTHETIC_DEVELOPMENT_ONLY; not a real incident, HSE label or validation record."
SYN-DEMO-0270,"During the shift handover, At Digboi Refinery, Grinding began near a hydrocarbon line without a gas test or fire watch in place. The task was in its positioning stage. No injury was reported; the exposure pathway was documented for follow-up.",1,"[""Hot Work""]",SYNTHETIC-DEMO-EVENT-SYN-DEMO-0270,calibration,false,true,Unsafe Act,Digboi Refinery,Maintenance,2025-01-15T08:00:00+05:30,ASCENSION_TEMPLATE_GENERATOR,"SYNTHETIC_DEVELOPMENT_ONLY; not a real incident, HSE label or validation record."
SYN-DEMO-0271,"During planned work, At Naharkatiya Field, Grinding began near a hydrocarbon line without a gas test or fire watch in place. The task was in its positioning stage. The event was recorded for HSE review and corrective action.",1,"[""Hot Work""]",SYNTHETIC-DEMO-EVENT-SYN-DEMO-0271,train,false,true,Incident,Naharkatiya Field,Projects,2025-01-16T08:00:00+05:30,ASCENSION_TEMPLATE_GENERATOR,"SYNTHETIC_DEVELOPMENT_ONLY; not a real incident, HSE label or validation record."
SYN-DEMO-0272,"While the task was under way, At Duliajan Field, Grinding began near a hydrocarbon line without a gas test or fire watch in place. The task was in its positioning stage. The task was stopped and escalated for review.",1,"[""Hot Work""]",SYNTHETIC-DEMO-EVENT-SYN-DEMO-0272,train,false,true,Near Miss,Duliajan Field,Drilling,2025-01-17T08:00:00+05:30,ASCENSION_TEMPLATE_GENERATOR,"SYNTHETIC_DEVELOPMENT_ONLY; not a real incident, HSE label or validation record."
SYN-DEMO-0273,"Following a toolbox talk, At Moran Field, Grinding began near a hydrocarbon line without a gas test or fire watch in place. The task was in its positioning stage. The supervisor was notified and the area was made safe.",1,"[""Hot Work""]",SYNTHETIC-DEMO-EVENT-SYN-DEMO-0273,train,false,true,Unsafe Condition,Moran Field,Production,2025-01-18T08:00:00+05:30,ASCENSION_TEMPLATE_GENERATOR,"SYNTHETIC_DEVELOPMENT_ONLY; not a real incident, HSE label or validation record."
SYN-DEMO-0274,"During routine operations, At Digboi Refinery, Grinding began near a hydrocarbon line without a gas test or fire watch in place. The task was in its positioning stage. No injury was reported; the exposure pathway was documented for follow-up.",1,"[""Hot Work""]",SYNTHETIC-DEMO-EVENT-SYN-DEMO-0274,validation,false,true,Unsafe Act,Digboi Refinery,Maintenance,2025-01-19T08:00:00+05:30,ASCENSION_TEMPLATE_GENERATOR,"SYNTHETIC_DEVELOPMENT_ONLY; not a real incident, HSE label or validation record."
SYN-DEMO-0275,"At the start of the task, At Naharkatiya Field, Grinding began near a hydrocarbon line without a gas test or fire watch in place. The task was in its positioning stage. The event was recorded for HSE review and corrective action.",1,"[""Hot Work""]",SYNTHETIC-DEMO-EVENT-SYN-DEMO-0275,train,false,true,Incident,Naharkatiya Field,Projects,2025-01-20T08:00:00+05:30,ASCENSION_TEMPLATE_GENERATOR,"SYNTHETIC_DEVELOPMENT_ONLY; not a real incident, HSE label or validation record."
SYN-DEMO-0276,"During the shift handover, At Duliajan Field, Grinding began near a hydrocarbon line without a gas test or fire watch in place. The task was in its positioning stage. The task was stopped and escalated for review.",1,"[""Hot Work""]",SYNTHETIC-DEMO-EVENT-SYN-DEMO-0276,train,false,true,Near Miss,Duliajan Field,Drilling,2025-01-21T08:00:00+05:30,ASCENSION_TEMPLATE_GENERATOR,"SYNTHETIC_DEVELOPMENT_ONLY; not a real incident, HSE label or validation record."
SYN-DEMO-0277,"During planned work, At Moran Field, Grinding began near a hydrocarbon line without a gas test or fire watch in place. The task was in its positioning stage. The supervisor was notified and the area was made safe.",1,"[""Hot Work""]",SYNTHETIC-DEMO-EVENT-SYN-DEMO-0277,calibration,false,true,Unsafe Condition,Moran Field,Production,2025-01-22T08:00:00+05:30,ASCENSION_TEMPLATE_GENERATOR,"SYNTHETIC_DEVELOPMENT_ONLY; not a real incident, HSE label or validation record."
SYN-DEMO-0278,"While the task was under way, At Digboi Refinery, Grinding began near a hydrocarbon line without a gas test or fire watch in place. The task was in its positioning stage. No injury was reported; the exposure pathway was documented for follow-up.",1,"[""Hot Work""]",SYNTHETIC-DEMO-EVENT-SYN-DEMO-0278,train,false,true,Unsafe Act,Digboi Refinery,Maintenance,2025-01-23T08:00:00+05:30,ASCENSION_TEMPLATE_GENERATOR,"SYNTHETIC_DEVELOPMENT_ONLY; not a real incident, HSE label or validation record."
SYN-DEMO-0279,"Following a toolbox talk, At Naharkatiya Field, Grinding began near a hydrocarbon line without a gas test or fire watch in place. The task was in its positioning stage. The event was recorded for HSE review and corrective action.",1,"[""Hot Work""]",SYNTHETIC-DEMO-EVENT-SYN-DEMO-0279,test,false,true,Incident,Naharkatiya Field,Projects,2025-01-24T08:00:00+05:30,ASCENSION_TEMPLATE_GENERATOR,"SYNTHETIC_DEVELOPMENT_ONLY; not a real incident, HSE label or validation record."
SYN-DEMO-0280,"During routine operations, At Duliajan Field, Grinding began near a hydrocarbon line without a gas test or fire watch in place. The task was in its positioning stage. The task was stopped and escalated for review.",1,"[""Hot Work""]",SYNTHETIC-DEMO-EVENT-SYN-DEMO-0280,calibration,false,true,Near Miss,Duliajan Field,Drilling,2025-01-25T08:00:00+05:30,ASCENSION_TEMPLATE_GENERATOR,"SYNTHETIC_DEVELOPMENT_ONLY; not a real incident, HSE label or validation record."
SYN-DEMO-0281,"At the start of the task, At Moran Field, Grinding began near a hydrocarbon line without a gas test or fire watch in place. The task was in its execution stage. The supervisor was notified and the area was made safe.",1,"[""Hot Work""]",SYNTHETIC-DEMO-EVENT-SYN-DEMO-0281,train,false,true,Unsafe Condition,Moran Field,Production,2025-01-26T08:00:00+05:30,ASCENSION_TEMPLATE_GENERATOR,"SYNTHETIC_DEVELOPMENT_ONLY; not a real incident, HSE label or validation record."
SYN-DEMO-0282,"During the shift handover, At Digboi Refinery, Grinding began near a hydrocarbon line without a gas test or fire watch in place. The task was in its execution stage. No injury was reported; the exposure pathway was documented for follow-up.",1,"[""Hot Work""]",SYNTHETIC-DEMO-EVENT-SYN-DEMO-0282,train,false,true,Unsafe Act,Digboi Refinery,Maintenance,2025-01-27T08:00:00+05:30,ASCENSION_TEMPLATE_GENERATOR,"SYNTHETIC_DEVELOPMENT_ONLY; not a real incident, HSE label or validation record."
SYN-DEMO-0283,"During planned work, At Naharkatiya Field, Grinding began near a hydrocarbon line without a gas test or fire watch in place. The task was in its execution stage. The event was recorded for HSE review and corrective action.",1,"[""Hot Work""]",SYNTHETIC-DEMO-EVENT-SYN-DEMO-0283,train,false,true,Incident,Naharkatiya Field,Projects,2025-01-28T08:00:00+05:30,ASCENSION_TEMPLATE_GENERATOR,"SYNTHETIC_DEVELOPMENT_ONLY; not a real incident, HSE label or validation record."
SYN-DEMO-0284,"While the task was under way, At Duliajan Field, Grinding began near a hydrocarbon line without a gas test or fire watch in place. The task was in its execution stage. The task was stopped and escalated for review.",1,"[""Hot Work""]",SYNTHETIC-DEMO-EVENT-SYN-DEMO-0284,validation,false,true,Near Miss,Duliajan Field,Drilling,2025-01-29T08:00:00+05:30,ASCENSION_TEMPLATE_GENERATOR,"SYNTHETIC_DEVELOPMENT_ONLY; not a real incident, HSE label or validation record."
SYN-DEMO-0285,"Following a toolbox talk, At Moran Field, Grinding began near a hydrocarbon line without a gas test or fire watch in place. The task was in its execution stage. The supervisor was notified and the area was made safe.",1,"[""Hot Work""]",SYNTHETIC-DEMO-EVENT-SYN-DEMO-0285,validation,false,true,Unsafe Condition,Moran Field,Production,2025-01-30T08:00:00+05:30,ASCENSION_TEMPLATE_GENERATOR,"SYNTHETIC_DEVELOPMENT_ONLY; not a real incident, HSE label or validation record."
SYN-DEMO-0286,"During routine operations, At Digboi Refinery, Grinding began near a hydrocarbon line without a gas test or fire watch in place. The task was in its execution stage. No injury was reported; the exposure pathway was documented for follow-up.",1,"[""Hot Work""]",SYNTHETIC-DEMO-EVENT-SYN-DEMO-0286,calibration,false,true,Unsafe Act,Digboi Refinery,Maintenance,2025-01-31T08:00:00+05:30,ASCENSION_TEMPLATE_GENERATOR,"SYNTHETIC_DEVELOPMENT_ONLY; not a real incident, HSE label or validation record."
SYN-DEMO-0287,"At the start of the task, At Naharkatiya Field, Grinding began near a hydrocarbon line without a gas test or fire watch in place. The task was in its execution stage. The event was recorded for HSE review and corrective action.",1,"[""Hot Work""]",SYNTHETIC-DEMO-EVENT-SYN-DEMO-0287,train,false,true,Incident,Naharkatiya Field,Projects,2025-02-01T08:00:00+05:30,ASCENSION_TEMPLATE_GENERATOR,"SYNTHETIC_DEVELOPMENT_ONLY; not a real incident, HSE label or validation record."
SYN-DEMO-0288,"During the shift handover, At Duliajan Field, Grinding began near a hydrocarbon line without a gas test or fire watch in place. The task was in its execution stage. The task was stopped and escalated for review.",1,"[""Hot Work""]",SYNTHETIC-DEMO-EVENT-SYN-DEMO-0288,train,false,true,Near Miss,Duliajan Field,Drilling,2025-02-02T08:00:00+05:30,ASCENSION_TEMPLATE_GENERATOR,"SYNTHETIC_DEVELOPMENT_ONLY; not a real incident, HSE label or validation record."
SYN-DEMO-0289,"At the start of the task, At Moran Field, Grinding near the hydrocarbon line began after gas testing and a fire watch were confirmed. The task was in its preparation stage. The task was stopped and escalated for review.",0,"[""Hot Work""]",SYNTHETIC-DEMO-EVENT-SYN-DEMO-0289,test,false,true,Unsafe Condition,Moran Field,Production,2025-01-02T08:00:00+05:30,ASCENSION_TEMPLATE_GENERATOR,"SYNTHETIC_DEVELOPMENT_ONLY; not a real incident, HSE label or validation record."
SYN-DEMO-0290,"During the shift handover, At Digboi Refinery, Grinding near the hydrocarbon line began after gas testing and a fire watch were confirmed. The task was in its preparation stage. The supervisor was notified and the area was made safe.",0,"[""Hot Work""]",SYNTHETIC-DEMO-EVENT-SYN-DEMO-0290,test,false,true,Unsafe Act,Digboi Refinery,Maintenance,2025-01-03T08:00:00+05:30,ASCENSION_TEMPLATE_GENERATOR,"SYNTHETIC_DEVELOPMENT_ONLY; not a real incident, HSE label or validation record."
SYN-DEMO-0291,"During planned work, At Naharkatiya Field, Grinding near the hydrocarbon line began after gas testing and a fire watch were confirmed. The task was in its preparation stage. No injury was reported; the exposure pathway was documented for follow-up.",0,"[""Hot Work""]",SYNTHETIC-DEMO-EVENT-SYN-DEMO-0291,train,false,true,Incident,Naharkatiya Field,Projects,2025-01-04T08:00:00+05:30,ASCENSION_TEMPLATE_GENERATOR,"SYNTHETIC_DEVELOPMENT_ONLY; not a real incident, HSE label or validation record."
SYN-DEMO-0292,"While the task was under way, At Duliajan Field, Grinding near the hydrocarbon line began after gas testing and a fire watch were confirmed. The task was in its preparation stage. The event was recorded for HSE review and corrective action.",0,"[""Hot Work""]",SYNTHETIC-DEMO-EVENT-SYN-DEMO-0292,train,false,true,Near Miss,Duliajan Field,Drilling,2025-01-05T08:00:00+05:30,ASCENSION_TEMPLATE_GENERATOR,"SYNTHETIC_DEVELOPMENT_ONLY; not a real incident, HSE label or validation record."
SYN-DEMO-0293,"Following a toolbox talk, At Moran Field, Grinding near the hydrocarbon line began after gas testing and a fire watch were confirmed. The task was in its preparation stage. The task was stopped and escalated for review.",0,"[""Hot Work""]",SYNTHETIC-DEMO-EVENT-SYN-DEMO-0293,validation,false,true,Unsafe Condition,Moran Field,Production,2025-01-06T08:00:00+05:30,ASCENSION_TEMPLATE_GENERATOR,"SYNTHETIC_DEVELOPMENT_ONLY; not a real incident, HSE label or validation record."
SYN-DEMO-0294,"During routine operations, At Digboi Refinery, Grinding near the hydrocarbon line began after gas testing and a fire watch were confirmed. The task was in its preparation stage. The supervisor was notified and the area was made safe.",0,"[""Hot Work""]",SYNTHETIC-DEMO-EVENT-SYN-DEMO-0294,train,false,true,Unsafe Act,Digboi Refinery,Maintenance,2025-01-07T08:00:00+05:30,ASCENSION_TEMPLATE_GENERATOR,"SYNTHETIC_DEVELOPMENT_ONLY; not a real incident, HSE label or validation record."
SYN-DEMO-0295,"At the start of the task, At Naharkatiya Field, Grinding near the hydrocarbon line began after gas testing and a fire watch were confirmed. The task was in its preparation stage. No injury was reported; the exposure pathway was documented for follow-up.",0,"[""Hot Work""]",SYNTHETIC-DEMO-EVENT-SYN-DEMO-0295,train,false,true,Incident,Naharkatiya Field,Projects,2025-01-08T08:00:00+05:30,ASCENSION_TEMPLATE_GENERATOR,"SYNTHETIC_DEVELOPMENT_ONLY; not a real incident, HSE label or validation record."
SYN-DEMO-0296,"During the shift handover, At Duliajan Field, Grinding near the hydrocarbon line began after gas testing and a fire watch were confirmed. The task was in its preparation stage. The event was recorded for HSE review and corrective action.",0,"[""Hot Work""]",SYNTHETIC-DEMO-EVENT-SYN-DEMO-0296,validation,false,true,Near Miss,Duliajan Field,Drilling,2025-01-09T08:00:00+05:30,ASCENSION_TEMPLATE_GENERATOR,"SYNTHETIC_DEVELOPMENT_ONLY; not a real incident, HSE label or validation record."
SYN-DEMO-0297,"During planned work, At Moran Field, Grinding near the hydrocarbon line began after gas testing and a fire watch were confirmed. The task was in its preparation stage. The task was stopped and escalated for review.",0,"[""Hot Work""]",SYNTHETIC-DEMO-EVENT-SYN-DEMO-0297,train,false,true,Unsafe Condition,Moran Field,Production,2025-01-10T08:00:00+05:30,ASCENSION_TEMPLATE_GENERATOR,"SYNTHETIC_DEVELOPMENT_ONLY; not a real incident, HSE label or validation record."
SYN-DEMO-0298,"While the task was under way, At Digboi Refinery, Grinding near the hydrocarbon line began after gas testing and a fire watch were confirmed. The task was in its preparation stage. The supervisor was notified and the area was made safe.",0,"[""Hot Work""]",SYNTHETIC-DEMO-EVENT-SYN-DEMO-0298,test,false,true,Unsafe Act,Digboi Refinery,Maintenance,2025-01-11T08:00:00+05:30,ASCENSION_TEMPLATE_GENERATOR,"SYNTHETIC_DEVELOPMENT_ONLY; not a real incident, HSE label or validation record."
SYN-DEMO-0299,"Following a toolbox talk, At Naharkatiya Field, Grinding near the hydrocarbon line began after gas testing and a fire watch were confirmed. The task was in its preparation stage. No injury was reported; the exposure pathway was documented for follow-up.",0,"[""Hot Work""]",SYNTHETIC-DEMO-EVENT-SYN-DEMO-0299,train,false,true,Incident,Naharkatiya Field,Projects,2025-01-12T08:00:00+05:30,ASCENSION_TEMPLATE_GENERATOR,"SYNTHETIC_DEVELOPMENT_ONLY; not a real incident, HSE label or validation record."
SYN-DEMO-0300,"During routine operations, At Duliajan Field, Grinding near the hydrocarbon line began after gas testing and a fire watch were confirmed. The task was in its preparation stage. The event was recorded for HSE review and corrective action.",0,"[""Hot Work""]",SYNTHETIC-DEMO-EVENT-SYN-DEMO-0300,calibration,false,true,Near Miss,Duliajan Field,Drilling,2025-01-13T08:00:00+05:30,ASCENSION_TEMPLATE_GENERATOR,"SYNTHETIC_DEVELOPMENT_ONLY; not a real incident, HSE label or validation record."
SYN-DEMO-0301,"At the start of the task, At Moran Field, Grinding near the hydrocarbon line began after gas testing and a fire watch were confirmed. The task was in its positioning stage. The task was stopped and escalated for review.",0,"[""Hot Work""]",SYNTHETIC-DEMO-EVENT-SYN-DEMO-0301,validation,false,true,Unsafe Condition,Moran Field,Production,2025-01-14T08:00:00+05:30,ASCENSION_TEMPLATE_GENERATOR,"SYNTHETIC_DEVELOPMENT_ONLY; not a real incident, HSE label or validation record."
SYN-DEMO-0302,"During the shift handover, At Digboi Refinery, Grinding near the hydrocarbon line began after gas testing and a fire watch were confirmed. The task was in its positioning stage. The supervisor was notified and the area was made safe.",0,"[""Hot Work""]",SYNTHETIC-DEMO-EVENT-SYN-DEMO-0302,calibration,false,true,Unsafe Act,Digboi Refinery,Maintenance,2025-01-15T08:00:00+05:30,ASCENSION_TEMPLATE_GENERATOR,"SYNTHETIC_DEVELOPMENT_ONLY; not a real incident, HSE label or validation record."
SYN-DEMO-0303,"During planned work, At Naharkatiya Field, Grinding near the hydrocarbon line began after gas testing and a fire watch were confirmed. The task was in its positioning stage. No injury was reported; the exposure pathway was documented for follow-up.",0,"[""Hot Work""]",SYNTHETIC-DEMO-EVENT-SYN-DEMO-0303,train,false,true,Incident,Naharkatiya Field,Projects,2025-01-16T08:00:00+05:30,ASCENSION_TEMPLATE_GENERATOR,"SYNTHETIC_DEVELOPMENT_ONLY; not a real incident, HSE label or validation record."
SYN-DEMO-0304,"While the task was under way, At Duliajan Field, Grinding near the hydrocarbon line began after gas testing and a fire watch were confirmed. The task was in its positioning stage. The event was recorded for HSE review and corrective action.",0,"[""Hot Work""]",SYNTHETIC-DEMO-EVENT-SYN-DEMO-0304,validation,false,true,Near Miss,Duliajan Field,Drilling,2025-01-17T08:00:00+05:30,ASCENSION_TEMPLATE_GENERATOR,"SYNTHETIC_DEVELOPMENT_ONLY; not a real incident, HSE label or validation record."
SYN-DEMO-0305,"Following a toolbox talk, At Moran Field, Grinding near the hydrocarbon line began after gas testing and a fire watch were confirmed. The task was in its positioning stage. The task was stopped and escalated for review.",0,"[""Hot Work""]",SYNTHETIC-DEMO-EVENT-SYN-DEMO-0305,train,false,true,Unsafe Condition,Moran Field,Production,2025-01-18T08:00:00+05:30,ASCENSION_TEMPLATE_GENERATOR,"SYNTHETIC_DEVELOPMENT_ONLY; not a real incident, HSE label or validation record."
SYN-DEMO-0306,"During routine operations, At Digboi Refinery, Grinding near the hydrocarbon line began after gas testing and a fire watch were confirmed. The task was in its positioning stage. The supervisor was notified and the area was made safe.",0,"[""Hot Work""]",SYNTHETIC-DEMO-EVENT-SYN-DEMO-0306,train,false,true,Unsafe Act,Digboi Refinery,Maintenance,2025-01-19T08:00:00+05:30,ASCENSION_TEMPLATE_GENERATOR,"SYNTHETIC_DEVELOPMENT_ONLY; not a real incident, HSE label or validation record."
SYN-DEMO-0307,"At the start of the task, At Naharkatiya Field, Grinding near the hydrocarbon line began after gas testing and a fire watch were confirmed. The task was in its positioning stage. No injury was reported; the exposure pathway was documented for follow-up.",0,"[""Hot Work""]",SYNTHETIC-DEMO-EVENT-SYN-DEMO-0307,train,false,true,Incident,Naharkatiya Field,Projects,2025-01-20T08:00:00+05:30,ASCENSION_TEMPLATE_GENERATOR,"SYNTHETIC_DEVELOPMENT_ONLY; not a real incident, HSE label or validation record."
SYN-DEMO-0308,"During the shift handover, At Duliajan Field, Grinding near the hydrocarbon line began after gas testing and a fire watch were confirmed. The task was in its positioning stage. The event was recorded for HSE review and corrective action.",0,"[""Hot Work""]",SYNTHETIC-DEMO-EVENT-SYN-DEMO-0308,validation,false,true,Near Miss,Duliajan Field,Drilling,2025-01-21T08:00:00+05:30,ASCENSION_TEMPLATE_GENERATOR,"SYNTHETIC_DEVELOPMENT_ONLY; not a real incident, HSE label or validation record."
SYN-DEMO-0309,"During planned work, At Moran Field, Grinding near the hydrocarbon line began after gas testing and a fire watch were confirmed. The task was in its positioning stage. The task was stopped and escalated for review.",0,"[""Hot Work""]",SYNTHETIC-DEMO-EVENT-SYN-DEMO-0309,train,false,true,Unsafe Condition,Moran Field,Production,2025-01-22T08:00:00+05:30,ASCENSION_TEMPLATE_GENERATOR,"SYNTHETIC_DEVELOPMENT_ONLY; not a real incident, HSE label or validation record."
SYN-DEMO-0310,"While the task was under way, At Digboi Refinery, Grinding near the hydrocarbon line began after gas testing and a fire watch were confirmed. The task was in its positioning stage. The supervisor was notified and the area was made safe.",0,"[""Hot Work""]",SYNTHETIC-DEMO-EVENT-SYN-DEMO-0310,validation,false,true,Unsafe Act,Digboi Refinery,Maintenance,2025-01-23T08:00:00+05:30,ASCENSION_TEMPLATE_GENERATOR,"SYNTHETIC_DEVELOPMENT_ONLY; not a real incident, HSE label or validation record."
SYN-DEMO-0311,"Following a toolbox talk, At Naharkatiya Field, Grinding near the hydrocarbon line began after gas testing and a fire watch were confirmed. The task was in its positioning stage. No injury was reported; the exposure pathway was documented for follow-up.",0,"[""Hot Work""]",SYNTHETIC-DEMO-EVENT-SYN-DEMO-0311,train,false,true,Incident,Naharkatiya Field,Projects,2025-01-24T08:00:00+05:30,ASCENSION_TEMPLATE_GENERATOR,"SYNTHETIC_DEVELOPMENT_ONLY; not a real incident, HSE label or validation record."
SYN-DEMO-0312,"During routine operations, At Duliajan Field, Grinding near the hydrocarbon line began after gas testing and a fire watch were confirmed. The task was in its positioning stage. The event was recorded for HSE review and corrective action.",0,"[""Hot Work""]",SYNTHETIC-DEMO-EVENT-SYN-DEMO-0312,train,false,true,Near Miss,Duliajan Field,Drilling,2025-01-25T08:00:00+05:30,ASCENSION_TEMPLATE_GENERATOR,"SYNTHETIC_DEVELOPMENT_ONLY; not a real incident, HSE label or validation record."
SYN-DEMO-0313,"At the start of the task, At Moran Field, Grinding near the hydrocarbon line began after gas testing and a fire watch were confirmed. The task was in its execution stage. The task was stopped and escalated for review.",0,"[""Hot Work""]",SYNTHETIC-DEMO-EVENT-SYN-DEMO-0313,calibration,false,true,Unsafe Condition,Moran Field,Production,2025-01-26T08:00:00+05:30,ASCENSION_TEMPLATE_GENERATOR,"SYNTHETIC_DEVELOPMENT_ONLY; not a real incident, HSE label or validation record."
SYN-DEMO-0314,"During the shift handover, At Digboi Refinery, Grinding near the hydrocarbon line began after gas testing and a fire watch were confirmed. The task was in its execution stage. The supervisor was notified and the area was made safe.",0,"[""Hot Work""]",SYNTHETIC-DEMO-EVENT-SYN-DEMO-0314,train,false,true,Unsafe Act,Digboi Refinery,Maintenance,2025-01-27T08:00:00+05:30,ASCENSION_TEMPLATE_GENERATOR,"SYNTHETIC_DEVELOPMENT_ONLY; not a real incident, HSE label or validation record."
SYN-DEMO-0315,"During planned work, At Naharkatiya Field, Grinding near the hydrocarbon line began after gas testing and a fire watch were confirmed. The task was in its execution stage. No injury was reported; the exposure pathway was documented for follow-up.",0,"[""Hot Work""]",SYNTHETIC-DEMO-EVENT-SYN-DEMO-0315,train,false,true,Incident,Naharkatiya Field,Projects,2025-01-28T08:00:00+05:30,ASCENSION_TEMPLATE_GENERATOR,"SYNTHETIC_DEVELOPMENT_ONLY; not a real incident, HSE label or validation record."
SYN-DEMO-0316,"While the task was under way, At Duliajan Field, Grinding near the hydrocarbon line began after gas testing and a fire watch were confirmed. The task was in its execution stage. The event was recorded for HSE review and corrective action.",0,"[""Hot Work""]",SYNTHETIC-DEMO-EVENT-SYN-DEMO-0316,train,false,true,Near Miss,Duliajan Field,Drilling,2025-01-29T08:00:00+05:30,ASCENSION_TEMPLATE_GENERATOR,"SYNTHETIC_DEVELOPMENT_ONLY; not a real incident, HSE label or validation record."
SYN-DEMO-0317,"Following a toolbox talk, At Moran Field, Grinding near the hydrocarbon line began after gas testing and a fire watch were confirmed. The task was in its execution stage. The task was stopped and escalated for review.",0,"[""Hot Work""]",SYNTHETIC-DEMO-EVENT-SYN-DEMO-0317,train,false,true,Unsafe Condition,Moran Field,Production,2025-01-30T08:00:00+05:30,ASCENSION_TEMPLATE_GENERATOR,"SYNTHETIC_DEVELOPMENT_ONLY; not a real incident, HSE label or validation record."
SYN-DEMO-0318,"During routine operations, At Digboi Refinery, Grinding near the hydrocarbon line began after gas testing and a fire watch were confirmed. The task was in its execution stage. The supervisor was notified and the area was made safe.",0,"[""Hot Work""]",SYNTHETIC-DEMO-EVENT-SYN-DEMO-0318,validation,false,true,Unsafe Act,Digboi Refinery,Maintenance,2025-01-31T08:00:00+05:30,ASCENSION_TEMPLATE_GENERATOR,"SYNTHETIC_DEVELOPMENT_ONLY; not a real incident, HSE label or validation record."
SYN-DEMO-0319,"At the start of the task, At Naharkatiya Field, Grinding near the hydrocarbon line began after gas testing and a fire watch were confirmed. The task was in its execution stage. No injury was reported; the exposure pathway was documented for follow-up.",0,"[""Hot Work""]",SYNTHETIC-DEMO-EVENT-SYN-DEMO-0319,train,false,true,Incident,Naharkatiya Field,Projects,2025-02-01T08:00:00+05:30,ASCENSION_TEMPLATE_GENERATOR,"SYNTHETIC_DEVELOPMENT_ONLY; not a real incident, HSE label or validation record."
SYN-DEMO-0320,"During the shift handover, At Duliajan Field, Grinding near the hydrocarbon line began after gas testing and a fire watch were confirmed. The task was in its execution stage. The event was recorded for HSE review and corrective action.",0,"[""Hot Work""]",SYNTHETIC-DEMO-EVENT-SYN-DEMO-0320,calibration,false,true,Near Miss,Duliajan Field,Drilling,2025-02-02T08:00:00+05:30,ASCENSION_TEMPLATE_GENERATOR,"SYNTHETIC_DEVELOPMENT_ONLY; not a real incident, HSE label or validation record."
SYN-DEMO-0321,"During the shift handover, At Digboi Refinery, A worker placed a hand between moving equipment and a fixed support during alignment. The task was in its preparation stage. The supervisor was notified and the area was made safe.",1,"[""Line of Fire""]",SYNTHETIC-DEMO-EVENT-SYN-DEMO-0321,train,false,true,Unsafe Condition,Moran Field,Production,2025-01-02T08:00:00+05:30,ASCENSION_TEMPLATE_GENERATOR,"SYNTHETIC_DEVELOPMENT_ONLY; not a real incident, HSE label or validation record."
SYN-DEMO-0322,"During planned work, At Naharkatiya Field, A worker placed a hand between moving equipment and a fixed support during alignment. The task was in its preparation stage. No injury was reported; the exposure pathway was documented for follow-up.",1,"[""Line of Fire""]",SYNTHETIC-DEMO-EVENT-SYN-DEMO-0322,validation,false,true,Unsafe Act,Digboi Refinery,Maintenance,2025-01-03T08:00:00+05:30,ASCENSION_TEMPLATE_GENERATOR,"SYNTHETIC_DEVELOPMENT_ONLY; not a real incident, HSE label or validation record."
SYN-DEMO-0323,"While the task was under way, At Duliajan Field, A worker placed a hand between moving equipment and a fixed support during alignment. The task was in its preparation stage. The event was recorded for HSE review and corrective action.",1,"[""Line of Fire""]",SYNTHETIC-DEMO-EVENT-SYN-DEMO-0323,train,false,true,Incident,Naharkatiya Field,Projects,2025-01-04T08:00:00+05:30,ASCENSION_TEMPLATE_GENERATOR,"SYNTHETIC_DEVELOPMENT_ONLY; not a real incident, HSE label or validation record."
SYN-DEMO-0324,"Following a toolbox talk, At Moran Field, A worker placed a hand between moving equipment and a fixed support during alignment. The task was in its preparation stage. The task was stopped and escalated for review.",1,"[""Line of Fire""]",SYNTHETIC-DEMO-EVENT-SYN-DEMO-0324,test,false,true,Near Miss,Duliajan Field,Drilling,2025-01-05T08:00:00+05:30,ASCENSION_TEMPLATE_GENERATOR,"SYNTHETIC_DEVELOPMENT_ONLY; not a real incident, HSE label or validation record."
SYN-DEMO-0325,"During routine operations, At Digboi Refinery, A worker placed a hand between moving equipment and a fixed support during alignment. The task was in its preparation stage. The supervisor was notified and the area was made safe.",1,"[""Line of Fire""]",SYNTHETIC-DEMO-EVENT-SYN-DEMO-0325,validation,false,true,Unsafe Condition,Moran Field,Production,2025-01-06T08:00:00+05:30,ASCENSION_TEMPLATE_GENERATOR,"SYNTHETIC_DEVELOPMENT_ONLY; not a real incident, HSE label or validation record."
SYN-DEMO-0326,"At the start of the task, At Naharkatiya Field, A worker placed a hand between moving equipment and a fixed support during alignment. The task was in its preparation stage. No injury was reported; the exposure pathway was documented for follow-up.",1,"[""Line of Fire""]",SYNTHETIC-DEMO-EVENT-SYN-DEMO-0326,test,false,true,Unsafe Act,Digboi Refinery,Maintenance,2025-01-07T08:00:00+05:30,ASCENSION_TEMPLATE_GENERATOR,"SYNTHETIC_DEVELOPMENT_ONLY; not a real incident, HSE label or validation record."
SYN-DEMO-0327,"During the shift handover, At Duliajan Field, A worker placed a hand between moving equipment and a fixed support during alignment. The task was in its preparation stage. The event was recorded for HSE review and corrective action.",1,"[""Line of Fire""]",SYNTHETIC-DEMO-EVENT-SYN-DEMO-0327,train,false,true,Incident,Naharkatiya Field,Projects,2025-01-08T08:00:00+05:30,ASCENSION_TEMPLATE_GENERATOR,"SYNTHETIC_DEVELOPMENT_ONLY; not a real incident, HSE label or validation record."
SYN-DEMO-0328,"During planned work, At Moran Field, A worker placed a hand between moving equipment and a fixed support during alignment. The task was in its preparation stage. The task was stopped and escalated for review.",1,"[""Line of Fire""]",SYNTHETIC-DEMO-EVENT-SYN-DEMO-0328,train,false,true,Near Miss,Duliajan Field,Drilling,2025-01-09T08:00:00+05:30,ASCENSION_TEMPLATE_GENERATOR,"SYNTHETIC_DEVELOPMENT_ONLY; not a real incident, HSE label or validation record."
SYN-DEMO-0329,"While the task was under way, At Digboi Refinery, A worker placed a hand between moving equipment and a fixed support during alignment. The task was in its preparation stage. The supervisor was notified and the area was made safe.",1,"[""Line of Fire""]",SYNTHETIC-DEMO-EVENT-SYN-DEMO-0329,test,false,true,Unsafe Condition,Moran Field,Production,2025-01-10T08:00:00+05:30,ASCENSION_TEMPLATE_GENERATOR,"SYNTHETIC_DEVELOPMENT_ONLY; not a real incident, HSE label or validation record."
SYN-DEMO-0330,"Following a toolbox talk, At Naharkatiya Field, A worker placed a hand between moving equipment and a fixed support during alignment. The task was in its preparation stage. No injury was reported; the exposure pathway was documented for follow-up.",1,"[""Line of Fire""]",SYNTHETIC-DEMO-EVENT-SYN-DEMO-0330,train,false,true,Unsafe Act,Digboi Refinery,Maintenance,2025-01-11T08:00:00+05:30,ASCENSION_TEMPLATE_GENERATOR,"SYNTHETIC_DEVELOPMENT_ONLY; not a real incident, HSE label or validation record."
SYN-DEMO-0331,"During routine operations, At Duliajan Field, A worker placed a hand between moving equipment and a fixed support during alignment. The task was in its preparation stage. The event was recorded for HSE review and corrective action.",1,"[""Line of Fire""]",SYNTHETIC-DEMO-EVENT-SYN-DEMO-0331,train,false,true,Incident,Naharkatiya Field,Projects,2025-01-12T08:00:00+05:30,ASCENSION_TEMPLATE_GENERATOR,"SYNTHETIC_DEVELOPMENT_ONLY; not a real incident, HSE label or validation record."
SYN-DEMO-0332,"At the start of the task, At Moran Field, A worker placed a hand between moving equipment and a fixed support during alignment. The task was in its preparation stage. The task was stopped and escalated for review.",1,"[""Line of Fire""]",SYNTHETIC-DEMO-EVENT-SYN-DEMO-0332,train,false,true,Near Miss,Duliajan Field,Drilling,2025-01-13T08:00:00+05:30,ASCENSION_TEMPLATE_GENERATOR,"SYNTHETIC_DEVELOPMENT_ONLY; not a real incident, HSE label or validation record."
SYN-DEMO-0333,"During the shift handover, At Digboi Refinery, A worker placed a hand between moving equipment and a fixed support during alignment. The task was in its positioning stage. The supervisor was notified and the area was made safe.",1,"[""Line of Fire""]",SYNTHETIC-DEMO-EVENT-SYN-DEMO-0333,train,false,true,Unsafe Condition,Moran Field,Production,2025-01-14T08:00:00+05:30,ASCENSION_TEMPLATE_GENERATOR,"SYNTHETIC_DEVELOPMENT_ONLY; not a real incident, HSE label or validation record."
SYN-DEMO-0334,"During planned work, At Naharkatiya Field, A worker placed a hand between moving equipment and a fixed support during alignment. The task was in its positioning stage. No injury was reported; the exposure pathway was documented for follow-up.",1,"[""Line of Fire""]",SYNTHETIC-DEMO-EVENT-SYN-DEMO-0334,train,false,true,Unsafe Act,Digboi Refinery,Maintenance,2025-01-15T08:00:00+05:30,ASCENSION_TEMPLATE_GENERATOR,"SYNTHETIC_DEVELOPMENT_ONLY; not a real incident, HSE label or validation record."
SYN-DEMO-0335,"While the task was under way, At Duliajan Field, A worker placed a hand between moving equipment and a fixed support during alignment. The task was in its positioning stage. The event was recorded for HSE review and corrective action.",1,"[""Line of Fire""]",SYNTHETIC-DEMO-EVENT-SYN-DEMO-0335,train,false,true,Incident,Naharkatiya Field,Projects,2025-01-16T08:00:00+05:30,ASCENSION_TEMPLATE_GENERATOR,"SYNTHETIC_DEVELOPMENT_ONLY; not a real incident, HSE label or validation record."
SYN-DEMO-0336,"Following a toolbox talk, At Moran Field, A worker placed a hand between moving equipment and a fixed support during alignment. The task was in its positioning stage. The task was stopped and escalated for review.",1,"[""Line of Fire""]",SYNTHETIC-DEMO-EVENT-SYN-DEMO-0336,calibration,false,true,Near Miss,Duliajan Field,Drilling,2025-01-17T08:00:00+05:30,ASCENSION_TEMPLATE_GENERATOR,"SYNTHETIC_DEVELOPMENT_ONLY; not a real incident, HSE label or validation record."
SYN-DEMO-0337,"During routine operations, At Digboi Refinery, A worker placed a hand between moving equipment and a fixed support during alignment. The task was in its positioning stage. The supervisor was notified and the area was made safe.",1,"[""Line of Fire""]",SYNTHETIC-DEMO-EVENT-SYN-DEMO-0337,calibration,false,true,Unsafe Condition,Moran Field,Production,2025-01-18T08:00:00+05:30,ASCENSION_TEMPLATE_GENERATOR,"SYNTHETIC_DEVELOPMENT_ONLY; not a real incident, HSE label or validation record."
SYN-DEMO-0338,"At the start of the task, At Naharkatiya Field, A worker placed a hand between moving equipment and a fixed support during alignment. The task was in its positioning stage. No injury was reported; the exposure pathway was documented for follow-up.",1,"[""Line of Fire""]",SYNTHETIC-DEMO-EVENT-SYN-DEMO-0338,train,false,true,Unsafe Act,Digboi Refinery,Maintenance,2025-01-19T08:00:00+05:30,ASCENSION_TEMPLATE_GENERATOR,"SYNTHETIC_DEVELOPMENT_ONLY; not a real incident, HSE label or validation record."
SYN-DEMO-0339,"During the shift handover, At Duliajan Field, A worker placed a hand between moving equipment and a fixed support during alignment. The task was in its positioning stage. The event was recorded for HSE review and corrective action.",1,"[""Line of Fire""]",SYNTHETIC-DEMO-EVENT-SYN-DEMO-0339,validation,false,true,Incident,Naharkatiya Field,Projects,2025-01-20T08:00:00+05:30,ASCENSION_TEMPLATE_GENERATOR,"SYNTHETIC_DEVELOPMENT_ONLY; not a real incident, HSE label or validation record."
SYN-DEMO-0340,"During planned work, At Moran Field, A worker placed a hand between moving equipment and a fixed support during alignment. The task was in its positioning stage. The task was stopped and escalated for review.",1,"[""Line of Fire""]",SYNTHETIC-DEMO-EVENT-SYN-DEMO-0340,train,false,true,Near Miss,Duliajan Field,Drilling,2025-01-21T08:00:00+05:30,ASCENSION_TEMPLATE_GENERATOR,"SYNTHETIC_DEVELOPMENT_ONLY; not a real incident, HSE label or validation record."
SYN-DEMO-0341,"While the task was under way, At Digboi Refinery, A worker placed a hand between moving equipment and a fixed support during alignment. The task was in its positioning stage. The supervisor was notified and the area was made safe.",1,"[""Line of Fire""]",SYNTHETIC-DEMO-EVENT-SYN-DEMO-0341,validation,false,true,Unsafe Condition,Moran Field,Production,2025-01-22T08:00:00+05:30,ASCENSION_TEMPLATE_GENERATOR,"SYNTHETIC_DEVELOPMENT_ONLY; not a real incident, HSE label or validation record."
SYN-DEMO-0342,"Following a toolbox talk, At Naharkatiya Field, A worker placed a hand between moving equipment and a fixed support during alignment. The task was in its positioning stage. No injury was reported; the exposure pathway was documented for follow-up.",1,"[""Line of Fire""]",SYNTHETIC-DEMO-EVENT-SYN-DEMO-0342,train,false,true,Unsafe Act,Digboi Refinery,Maintenance,2025-01-23T08:00:00+05:30,ASCENSION_TEMPLATE_GENERATOR,"SYNTHETIC_DEVELOPMENT_ONLY; not a real incident, HSE label or validation record."
SYN-DEMO-0343,"During routine operations, At Duliajan Field, A worker placed a hand between moving equipment and a fixed support during alignment. The task was in its positioning stage. The event was recorded for HSE review and corrective action.",1,"[""Line of Fire""]",SYNTHETIC-DEMO-EVENT-SYN-DEMO-0343,train,false,true,Incident,Naharkatiya Field,Projects,2025-01-24T08:00:00+05:30,ASCENSION_TEMPLATE_GENERATOR,"SYNTHETIC_DEVELOPMENT_ONLY; not a real incident, HSE label or validation record."
SYN-DEMO-0344,"At the start of the task, At Moran Field, A worker placed a hand between moving equipment and a fixed support during alignment. The task was in its positioning stage. The task was stopped and escalated for review.",1,"[""Line of Fire""]",SYNTHETIC-DEMO-EVENT-SYN-DEMO-0344,validation,false,true,Near Miss,Duliajan Field,Drilling,2025-01-25T08:00:00+05:30,ASCENSION_TEMPLATE_GENERATOR,"SYNTHETIC_DEVELOPMENT_ONLY; not a real incident, HSE label or validation record."
SYN-DEMO-0345,"During the shift handover, At Digboi Refinery, A worker placed a hand between moving equipment and a fixed support during alignment. The task was in its execution stage. The supervisor was notified and the area was made safe.",1,"[""Line of Fire""]",SYNTHETIC-DEMO-EVENT-SYN-DEMO-0345,train,false,true,Unsafe Condition,Moran Field,Production,2025-01-26T08:00:00+05:30,ASCENSION_TEMPLATE_GENERATOR,"SYNTHETIC_DEVELOPMENT_ONLY; not a real incident, HSE label or validation record."
SYN-DEMO-0346,"During planned work, At Naharkatiya Field, A worker placed a hand between moving equipment and a fixed support during alignment. The task was in its execution stage. No injury was reported; the exposure pathway was documented for follow-up.",1,"[""Line of Fire""]",SYNTHETIC-DEMO-EVENT-SYN-DEMO-0346,train,false,true,Unsafe Act,Digboi Refinery,Maintenance,2025-01-27T08:00:00+05:30,ASCENSION_TEMPLATE_GENERATOR,"SYNTHETIC_DEVELOPMENT_ONLY; not a real incident, HSE label or validation record."
SYN-DEMO-0347,"While the task was under way, At Duliajan Field, A worker placed a hand between moving equipment and a fixed support during alignment. The task was in its execution stage. The event was recorded for HSE review and corrective action.",1,"[""Line of Fire""]",SYNTHETIC-DEMO-EVENT-SYN-DEMO-0347,train,false,true,Incident,Naharkatiya Field,Projects,2025-01-28T08:00:00+05:30,ASCENSION_TEMPLATE_GENERATOR,"SYNTHETIC_DEVELOPMENT_ONLY; not a real incident, HSE label or validation record."
SYN-DEMO-0348,"Following a toolbox talk, At Moran Field, A worker placed a hand between moving equipment and a fixed support during alignment. The task was in its execution stage. The task was stopped and escalated for review.",1,"[""Line of Fire""]",SYNTHETIC-DEMO-EVENT-SYN-DEMO-0348,train,false,true,Near Miss,Duliajan Field,Drilling,2025-01-29T08:00:00+05:30,ASCENSION_TEMPLATE_GENERATOR,"SYNTHETIC_DEVELOPMENT_ONLY; not a real incident, HSE label or validation record."
SYN-DEMO-0349,"During routine operations, At Digboi Refinery, A worker placed a hand between moving equipment and a fixed support during alignment. The task was in its execution stage. The supervisor was notified and the area was made safe.",1,"[""Line of Fire""]",SYNTHETIC-DEMO-EVENT-SYN-DEMO-0349,calibration,false,true,Unsafe Condition,Moran Field,Production,2025-01-30T08:00:00+05:30,ASCENSION_TEMPLATE_GENERATOR,"SYNTHETIC_DEVELOPMENT_ONLY; not a real incident, HSE label or validation record."
SYN-DEMO-0350,"At the start of the task, At Naharkatiya Field, A worker placed a hand between moving equipment and a fixed support during alignment. The task was in its execution stage. No injury was reported; the exposure pathway was documented for follow-up.",1,"[""Line of Fire""]",SYNTHETIC-DEMO-EVENT-SYN-DEMO-0350,train,false,true,Unsafe Act,Digboi Refinery,Maintenance,2025-01-31T08:00:00+05:30,ASCENSION_TEMPLATE_GENERATOR,"SYNTHETIC_DEVELOPMENT_ONLY; not a real incident, HSE label or validation record."
SYN-DEMO-0351,"During the shift handover, At Duliajan Field, A worker placed a hand between moving equipment and a fixed support during alignment. The task was in its execution stage. The event was recorded for HSE review and corrective action.",1,"[""Line of Fire""]",SYNTHETIC-DEMO-EVENT-SYN-DEMO-0351,train,false,true,Incident,Naharkatiya Field,Projects,2025-02-01T08:00:00+05:30,ASCENSION_TEMPLATE_GENERATOR,"SYNTHETIC_DEVELOPMENT_ONLY; not a real incident, HSE label or validation record."
SYN-DEMO-0352,"During planned work, At Moran Field, A worker placed a hand between moving equipment and a fixed support during alignment. The task was in its execution stage. The task was stopped and escalated for review.",1,"[""Line of Fire""]",SYNTHETIC-DEMO-EVENT-SYN-DEMO-0352,train,false,true,Near Miss,Duliajan Field,Drilling,2025-02-02T08:00:00+05:30,ASCENSION_TEMPLATE_GENERATOR,"SYNTHETIC_DEVELOPMENT_ONLY; not a real incident, HSE label or validation record."
SYN-DEMO-0353,"During the shift handover, At Digboi Refinery, The worker used a positioning tool and remained clear of the pinch point during alignment. The task was in its preparation stage. The task was stopped and escalated for review.",0,"[""Line of Fire""]",SYNTHETIC-DEMO-EVENT-SYN-DEMO-0353,test,false,true,Unsafe Condition,Moran Field,Production,2025-01-02T08:00:00+05:30,ASCENSION_TEMPLATE_GENERATOR,"SYNTHETIC_DEVELOPMENT_ONLY; not a real incident, HSE label or validation record."
SYN-DEMO-0354,"During planned work, At Naharkatiya Field, The worker used a positioning tool and remained clear of the pinch point during alignment. The task was in its preparation stage. The supervisor was notified and the area was made safe.",0,"[""Line of Fire""]",SYNTHETIC-DEMO-EVENT-SYN-DEMO-0354,train,false,true,Unsafe Act,Digboi Refinery,Maintenance,2025-01-03T08:00:00+05:30,ASCENSION_TEMPLATE_GENERATOR,"SYNTHETIC_DEVELOPMENT_ONLY; not a real incident, HSE label or validation record."
SYN-DEMO-0355,"While the task was under way, At Duliajan Field, The worker used a positioning tool and remained clear of the pinch point during alignment. The task was in its preparation stage. No injury was reported; the exposure pathway was documented for follow-up.",0,"[""Line of Fire""]",SYNTHETIC-DEMO-EVENT-SYN-DEMO-0355,train,false,true,Incident,Naharkatiya Field,Projects,2025-01-04T08:00:00+05:30,ASCENSION_TEMPLATE_GENERATOR,"SYNTHETIC_DEVELOPMENT_ONLY; not a real incident, HSE label or validation record."
SYN-DEMO-0356,"Following a toolbox talk, At Moran Field, The worker used a positioning tool and remained clear of the pinch point during alignment. The task was in its preparation stage. The event was recorded for HSE review and corrective action.",0,"[""Line of Fire""]",SYNTHETIC-DEMO-EVENT-SYN-DEMO-0356,test,false,true,Near Miss,Duliajan Field,Drilling,2025-01-05T08:00:00+05:30,ASCENSION_TEMPLATE_GENERATOR,"SYNTHETIC_DEVELOPMENT_ONLY; not a real incident, HSE label or validation record."
SYN-DEMO-0357,"During routine operations, At Digboi Refinery, The worker used a positioning tool and remained clear of the pinch point during alignment. The task was in its preparation stage. The task was stopped and escalated for review.",0,"[""Line of Fire""]",SYNTHETIC-DEMO-EVENT-SYN-DEMO-0357,train,false,true,Unsafe Condition,Moran Field,Production,2025-01-06T08:00:00+05:30,ASCENSION_TEMPLATE_GENERATOR,"SYNTHETIC_DEVELOPMENT_ONLY; not a real incident, HSE label or validation record."
SYN-DEMO-0358,"At the start of the task, At Naharkatiya Field, The worker used a positioning tool and remained clear of the pinch point during alignment. The task was in its preparation stage. The supervisor was notified and the area was made safe.",0,"[""Line of Fire""]",SYNTHETIC-DEMO-EVENT-SYN-DEMO-0358,train,false,true,Unsafe Act,Digboi Refinery,Maintenance,2025-01-07T08:00:00+05:30,ASCENSION_TEMPLATE_GENERATOR,"SYNTHETIC_DEVELOPMENT_ONLY; not a real incident, HSE label or validation record."
SYN-DEMO-0359,"During the shift handover, At Duliajan Field, The worker used a positioning tool and remained clear of the pinch point during alignment. The task was in its preparation stage. No injury was reported; the exposure pathway was documented for follow-up.",0,"[""Line of Fire""]",SYNTHETIC-DEMO-EVENT-SYN-DEMO-0359,calibration,false,true,Incident,Naharkatiya Field,Projects,2025-01-08T08:00:00+05:30,ASCENSION_TEMPLATE_GENERATOR,"SYNTHETIC_DEVELOPMENT_ONLY; not a real incident, HSE label or validation record."
SYN-DEMO-0360,"During planned work, At Moran Field, The worker used a positioning tool and remained clear of the pinch point during alignment. The task was in its preparation stage. The event was recorded for HSE review and corrective action.",0,"[""Line of Fire""]",SYNTHETIC-DEMO-EVENT-SYN-DEMO-0360,train,false,true,Near Miss,Duliajan Field,Drilling,2025-01-09T08:00:00+05:30,ASCENSION_TEMPLATE_GENERATOR,"SYNTHETIC_DEVELOPMENT_ONLY; not a real incident, HSE label or validation record."
SYN-DEMO-0361,"While the task was under way, At Digboi Refinery, The worker used a positioning tool and remained clear of the pinch point during alignment. The task was in its preparation stage. The task was stopped and escalated for review.",0,"[""Line of Fire""]",SYNTHETIC-DEMO-EVENT-SYN-DEMO-0361,train,false,true,Unsafe Condition,Moran Field,Production,2025-01-10T08:00:00+05:30,ASCENSION_TEMPLATE_GENERATOR,"SYNTHETIC_DEVELOPMENT_ONLY; not a real incident, HSE label or validation record."
SYN-DEMO-0362,"Following a toolbox talk, At Naharkatiya Field, The worker used a positioning tool and remained clear of the pinch point during alignment. The task was in its preparation stage. The supervisor was notified and the area was made safe.",0,"[""Line of Fire""]",SYNTHETIC-DEMO-EVENT-SYN-DEMO-0362,train,false,true,Unsafe Act,Digboi Refinery,Maintenance,2025-01-11T08:00:00+05:30,ASCENSION_TEMPLATE_GENERATOR,"SYNTHETIC_DEVELOPMENT_ONLY; not a real incident, HSE label or validation record."
SYN-DEMO-0363,"During routine operations, At Duliajan Field, The worker used a positioning tool and remained clear of the pinch point during alignment. The task was in its preparation stage. No injury was reported; the exposure pathway was documented for follow-up.",0,"[""Line of Fire""]",SYNTHETIC-DEMO-EVENT-SYN-DEMO-0363,train,false,true,Incident,Naharkatiya Field,Projects,2025-01-12T08:00:00+05:30,ASCENSION_TEMPLATE_GENERATOR,"SYNTHETIC_DEVELOPMENT_ONLY; not a real incident, HSE label or validation record."
SYN-DEMO-0364,"At the start of the task, At Moran Field, The worker used a positioning tool and remained clear of the pinch point during alignment. The task was in its preparation stage. The event was recorded for HSE review and corrective action.",0,"[""Line of Fire""]",SYNTHETIC-DEMO-EVENT-SYN-DEMO-0364,train,false,true,Near Miss,Duliajan Field,Drilling,2025-01-13T08:00:00+05:30,ASCENSION_TEMPLATE_GENERATOR,"SYNTHETIC_DEVELOPMENT_ONLY; not a real incident, HSE label or validation record."
SYN-DEMO-0365,"During the shift handover, At Digboi Refinery, The worker used a positioning tool and remained clear of the pinch point during alignment. The task was in its positioning stage. The task was stopped and escalated for review.",0,"[""Line of Fire""]",SYNTHETIC-DEMO-EVENT-SYN-DEMO-0365,validation,false,true,Unsafe Condition,Moran Field,Production,2025-01-14T08:00:00+05:30,ASCENSION_TEMPLATE_GENERATOR,"SYNTHETIC_DEVELOPMENT_ONLY; not a real incident, HSE label or validation record."
SYN-DEMO-0366,"During planned work, At Naharkatiya Field, The worker used a positioning tool and remained clear of the pinch point during alignment. The task was in its positioning stage. The supervisor was notified and the area was made safe.",0,"[""Line of Fire""]",SYNTHETIC-DEMO-EVENT-SYN-DEMO-0366,train,false,true,Unsafe Act,Digboi Refinery,Maintenance,2025-01-15T08:00:00+05:30,ASCENSION_TEMPLATE_GENERATOR,"SYNTHETIC_DEVELOPMENT_ONLY; not a real incident, HSE label or validation record."
SYN-DEMO-0367,"While the task was under way, At Duliajan Field, The worker used a positioning tool and remained clear of the pinch point during alignment. The task was in its positioning stage. No injury was reported; the exposure pathway was documented for follow-up.",0,"[""Line of Fire""]",SYNTHETIC-DEMO-EVENT-SYN-DEMO-0367,test,false,true,Incident,Naharkatiya Field,Projects,2025-01-16T08:00:00+05:30,ASCENSION_TEMPLATE_GENERATOR,"SYNTHETIC_DEVELOPMENT_ONLY; not a real incident, HSE label or validation record."
SYN-DEMO-0368,"Following a toolbox talk, At Moran Field, The worker used a positioning tool and remained clear of the pinch point during alignment. The task was in its positioning stage. The event was recorded for HSE review and corrective action.",0,"[""Line of Fire""]",SYNTHETIC-DEMO-EVENT-SYN-DEMO-0368,validation,false,true,Near Miss,Duliajan Field,Drilling,2025-01-17T08:00:00+05:30,ASCENSION_TEMPLATE_GENERATOR,"SYNTHETIC_DEVELOPMENT_ONLY; not a real incident, HSE label or validation record."
SYN-DEMO-0369,"During routine operations, At Digboi Refinery, The worker used a positioning tool and remained clear of the pinch point during alignment. The task was in its positioning stage. The task was stopped and escalated for review.",0,"[""Line of Fire""]",SYNTHETIC-DEMO-EVENT-SYN-DEMO-0369,train,false,true,Unsafe Condition,Moran Field,Production,2025-01-18T08:00:00+05:30,ASCENSION_TEMPLATE_GENERATOR,"SYNTHETIC_DEVELOPMENT_ONLY; not a real incident, HSE label or validation record."
SYN-DEMO-0370,"At the start of the task, At Naharkatiya Field, The worker used a positioning tool and remained clear of the pinch point during alignment. The task was in its positioning stage. The supervisor was notified and the area was made safe.",0,"[""Line of Fire""]",SYNTHETIC-DEMO-EVENT-SYN-DEMO-0370,validation,false,true,Unsafe Act,Digboi Refinery,Maintenance,2025-01-19T08:00:00+05:30,ASCENSION_TEMPLATE_GENERATOR,"SYNTHETIC_DEVELOPMENT_ONLY; not a real incident, HSE label or validation record."
SYN-DEMO-0371,"During the shift handover, At Duliajan Field, The worker used a positioning tool and remained clear of the pinch point during alignment. The task was in its positioning stage. No injury was reported; the exposure pathway was documented for follow-up.",0,"[""Line of Fire""]",SYNTHETIC-DEMO-EVENT-SYN-DEMO-0371,train,false,true,Incident,Naharkatiya Field,Projects,2025-01-20T08:00:00+05:30,ASCENSION_TEMPLATE_GENERATOR,"SYNTHETIC_DEVELOPMENT_ONLY; not a real incident, HSE label or validation record."
SYN-DEMO-0372,"During planned work, At Moran Field, The worker used a positioning tool and remained clear of the pinch point during alignment. The task was in its positioning stage. The event was recorded for HSE review and corrective action.",0,"[""Line of Fire""]",SYNTHETIC-DEMO-EVENT-SYN-DEMO-0372,train,false,true,Near Miss,Duliajan Field,Drilling,2025-01-21T08:00:00+05:30,ASCENSION_TEMPLATE_GENERATOR,"SYNTHETIC_DEVELOPMENT_ONLY; not a real incident, HSE label or validation record."
SYN-DEMO-0373,"While the task was under way, At Digboi Refinery, The worker used a positioning tool and remained clear of the pinch point during alignment. The task was in its positioning stage. The task was stopped and escalated for review.",0,"[""Line of Fire""]",SYNTHETIC-DEMO-EVENT-SYN-DEMO-0373,validation,false,true,Unsafe Condition,Moran Field,Production,2025-01-22T08:00:00+05:30,ASCENSION_TEMPLATE_GENERATOR,"SYNTHETIC_DEVELOPMENT_ONLY; not a real incident, HSE label or validation record."
SYN-DEMO-0374,"Following a toolbox talk, At Naharkatiya Field, The worker used a positioning tool and remained clear of the pinch point during alignment. The task was in its positioning stage. The supervisor was notified and the area was made safe.",0,"[""Line of Fire""]",SYNTHETIC-DEMO-EVENT-SYN-DEMO-0374,train,false,true,Unsafe Act,Digboi Refinery,Maintenance,2025-01-23T08:00:00+05:30,ASCENSION_TEMPLATE_GENERATOR,"SYNTHETIC_DEVELOPMENT_ONLY; not a real incident, HSE label or validation record."
SYN-DEMO-0375,"During routine operations, At Duliajan Field, The worker used a positioning tool and remained clear of the pinch point during alignment. The task was in its positioning stage. No injury was reported; the exposure pathway was documented for follow-up.",0,"[""Line of Fire""]",SYNTHETIC-DEMO-EVENT-SYN-DEMO-0375,calibration,false,true,Incident,Naharkatiya Field,Projects,2025-01-24T08:00:00+05:30,ASCENSION_TEMPLATE_GENERATOR,"SYNTHETIC_DEVELOPMENT_ONLY; not a real incident, HSE label or validation record."
SYN-DEMO-0376,"At the start of the task, At Moran Field, The worker used a positioning tool and remained clear of the pinch point during alignment. The task was in its positioning stage. The event was recorded for HSE review and corrective action.",0,"[""Line of Fire""]",SYNTHETIC-DEMO-EVENT-SYN-DEMO-0376,train,false,true,Near Miss,Duliajan Field,Drilling,2025-01-25T08:00:00+05:30,ASCENSION_TEMPLATE_GENERATOR,"SYNTHETIC_DEVELOPMENT_ONLY; not a real incident, HSE label or validation record."
SYN-DEMO-0377,"During the shift handover, At Digboi Refinery, The worker used a positioning tool and remained clear of the pinch point during alignment. The task was in its execution stage. The task was stopped and escalated for review.",0,"[""Line of Fire""]",SYNTHETIC-DEMO-EVENT-SYN-DEMO-0377,calibration,false,true,Unsafe Condition,Moran Field,Production,2025-01-26T08:00:00+05:30,ASCENSION_TEMPLATE_GENERATOR,"SYNTHETIC_DEVELOPMENT_ONLY; not a real incident, HSE label or validation record."
SYN-DEMO-0378,"During planned work, At Naharkatiya Field, The worker used a positioning tool and remained clear of the pinch point during alignment. The task was in its execution stage. The supervisor was notified and the area was made safe.",0,"[""Line of Fire""]",SYNTHETIC-DEMO-EVENT-SYN-DEMO-0378,calibration,false,true,Unsafe Act,Digboi Refinery,Maintenance,2025-01-27T08:00:00+05:30,ASCENSION_TEMPLATE_GENERATOR,"SYNTHETIC_DEVELOPMENT_ONLY; not a real incident, HSE label or validation record."
SYN-DEMO-0379,"While the task was under way, At Duliajan Field, The worker used a positioning tool and remained clear of the pinch point during alignment. The task was in its execution stage. No injury was reported; the exposure pathway was documented for follow-up.",0,"[""Line of Fire""]",SYNTHETIC-DEMO-EVENT-SYN-DEMO-0379,train,false,true,Incident,Naharkatiya Field,Projects,2025-01-28T08:00:00+05:30,ASCENSION_TEMPLATE_GENERATOR,"SYNTHETIC_DEVELOPMENT_ONLY; not a real incident, HSE label or validation record."
SYN-DEMO-0380,"Following a toolbox talk, At Moran Field, The worker used a positioning tool and remained clear of the pinch point during alignment. The task was in its execution stage. The event was recorded for HSE review and corrective action.",0,"[""Line of Fire""]",SYNTHETIC-DEMO-EVENT-SYN-DEMO-0380,train,false,true,Near Miss,Duliajan Field,Drilling,2025-01-29T08:00:00+05:30,ASCENSION_TEMPLATE_GENERATOR,"SYNTHETIC_DEVELOPMENT_ONLY; not a real incident, HSE label or validation record."
SYN-DEMO-0381,"During routine operations, At Digboi Refinery, The worker used a positioning tool and remained clear of the pinch point during alignment. The task was in its execution stage. The task was stopped and escalated for review.",0,"[""Line of Fire""]",SYNTHETIC-DEMO-EVENT-SYN-DEMO-0381,train,false,true,Unsafe Condition,Moran Field,Production,2025-01-30T08:00:00+05:30,ASCENSION_TEMPLATE_GENERATOR,"SYNTHETIC_DEVELOPMENT_ONLY; not a real incident, HSE label or validation record."
SYN-DEMO-0382,"At the start of the task, At Naharkatiya Field, The worker used a positioning tool and remained clear of the pinch point during alignment. The task was in its execution stage. The supervisor was notified and the area was made safe.",0,"[""Line of Fire""]",SYNTHETIC-DEMO-EVENT-SYN-DEMO-0382,train,false,true,Unsafe Act,Digboi Refinery,Maintenance,2025-01-31T08:00:00+05:30,ASCENSION_TEMPLATE_GENERATOR,"SYNTHETIC_DEVELOPMENT_ONLY; not a real incident, HSE label or validation record."
SYN-DEMO-0383,"During the shift handover, At Duliajan Field, The worker used a positioning tool and remained clear of the pinch point during alignment. The task was in its execution stage. No injury was reported; the exposure pathway was documented for follow-up.",0,"[""Line of Fire""]",SYNTHETIC-DEMO-EVENT-SYN-DEMO-0383,train,false,true,Incident,Naharkatiya Field,Projects,2025-02-01T08:00:00+05:30,ASCENSION_TEMPLATE_GENERATOR,"SYNTHETIC_DEVELOPMENT_ONLY; not a real incident, HSE label or validation record."
SYN-DEMO-0384,"During planned work, At Moran Field, The worker used a positioning tool and remained clear of the pinch point during alignment. The task was in its execution stage. The event was recorded for HSE review and corrective action.",0,"[""Line of Fire""]",SYNTHETIC-DEMO-EVENT-SYN-DEMO-0384,train,false,true,Near Miss,Duliajan Field,Drilling,2025-02-02T08:00:00+05:30,ASCENSION_TEMPLATE_GENERATOR,"SYNTHETIC_DEVELOPMENT_ONLY; not a real incident, HSE label or validation record."
SYN-DEMO-0385,"During planned work, At Naharkatiya Field, A crew member entered beneath a suspended load while the load was being repositioned. The task was in its preparation stage. The supervisor was notified and the area was made safe.",1,"[""Safe Mechanical Lifting""]",SYNTHETIC-DEMO-EVENT-SYN-DEMO-0385,train,false,true,Unsafe Condition,Moran Field,Production,2025-01-02T08:00:00+05:30,ASCENSION_TEMPLATE_GENERATOR,"SYNTHETIC_DEVELOPMENT_ONLY; not a real incident, HSE label or validation record."
SYN-DEMO-0386,"While the task was under way, At Duliajan Field, A crew member entered beneath a suspended load while the load was being repositioned. The task was in its preparation stage. No injury was reported; the exposure pathway was documented for follow-up.",1,"[""Safe Mechanical Lifting""]",SYNTHETIC-DEMO-EVENT-SYN-DEMO-0386,train,false,true,Unsafe Act,Digboi Refinery,Maintenance,2025-01-03T08:00:00+05:30,ASCENSION_TEMPLATE_GENERATOR,"SYNTHETIC_DEVELOPMENT_ONLY; not a real incident, HSE label or validation record."
SYN-DEMO-0387,"Following a toolbox talk, At Moran Field, A crew member entered beneath a suspended load while the load was being repositioned. The task was in its preparation stage. The event was recorded for HSE review and corrective action.",1,"[""Safe Mechanical Lifting""]",SYNTHETIC-DEMO-EVENT-SYN-DEMO-0387,calibration,false,true,Incident,Naharkatiya Field,Projects,2025-01-04T08:00:00+05:30,ASCENSION_TEMPLATE_GENERATOR,"SYNTHETIC_DEVELOPMENT_ONLY; not a real incident, HSE label or validation record."
SYN-DEMO-0388,"During routine operations, At Digboi Refinery, A crew member entered beneath a suspended load while the load was being repositioned. The task was in its preparation stage. The task was stopped and escalated for review.",1,"[""Safe Mechanical Lifting""]",SYNTHETIC-DEMO-EVENT-SYN-DEMO-0388,train,false,true,Near Miss,Duliajan Field,Drilling,2025-01-05T08:00:00+05:30,ASCENSION_TEMPLATE_GENERATOR,"SYNTHETIC_DEVELOPMENT_ONLY; not a real incident, HSE label or validation record."
SYN-DEMO-0389,"At the start of the task, At Naharkatiya Field, A crew member entered beneath a suspended load while the load was being repositioned. The task was in its preparation stage. The supervisor was notified and the area was made safe.",1,"[""Safe Mechanical Lifting""]",SYNTHETIC-DEMO-EVENT-SYN-DEMO-0389,train,false,true,Unsafe Condition,Moran Field,Production,2025-01-06T08:00:00+05:30,ASCENSION_TEMPLATE_GENERATOR,"SYNTHETIC_DEVELOPMENT_ONLY; not a real incident, HSE label or validation record."
SYN-DEMO-0390,"During the shift handover, At Duliajan Field, A crew member entered beneath a suspended load while the load was being repositioned. The task was in its preparation stage. No injury was reported; the exposure pathway was documented for follow-up.",1,"[""Safe Mechanical Lifting""]",SYNTHETIC-DEMO-EVENT-SYN-DEMO-0390,train,false,true,Unsafe Act,Digboi Refinery,Maintenance,2025-01-07T08:00:00+05:30,ASCENSION_TEMPLATE_GENERATOR,"SYNTHETIC_DEVELOPMENT_ONLY; not a real incident, HSE label or validation record."
SYN-DEMO-0391,"During planned work, At Moran Field, A crew member entered beneath a suspended load while the load was being repositioned. The task was in its preparation stage. The event was recorded for HSE review and corrective action.",1,"[""Safe Mechanical Lifting""]",SYNTHETIC-DEMO-EVENT-SYN-DEMO-0391,validation,false,true,Incident,Naharkatiya Field,Projects,2025-01-08T08:00:00+05:30,ASCENSION_TEMPLATE_GENERATOR,"SYNTHETIC_DEVELOPMENT_ONLY; not a real incident, HSE label or validation record."
SYN-DEMO-0392,"While the task was under way, At Digboi Refinery, A crew member entered beneath a suspended load while the load was being repositioned. The task was in its preparation stage. The task was stopped and escalated for review.",1,"[""Safe Mechanical Lifting""]",SYNTHETIC-DEMO-EVENT-SYN-DEMO-0392,test,false,true,Near Miss,Duliajan Field,Drilling,2025-01-09T08:00:00+05:30,ASCENSION_TEMPLATE_GENERATOR,"SYNTHETIC_DEVELOPMENT_ONLY; not a real incident, HSE label or validation record."
SYN-DEMO-0393,"Following a toolbox talk, At Naharkatiya Field, A crew member entered beneath a suspended load while the load was being repositioned. The task was in its preparation stage. The supervisor was notified and the area was made safe.",1,"[""Safe Mechanical Lifting""]",SYNTHETIC-DEMO-EVENT-SYN-DEMO-0393,train,false,true,Unsafe Condition,Moran Field,Production,2025-01-10T08:00:00+05:30,ASCENSION_TEMPLATE_GENERATOR,"SYNTHETIC_DEVELOPMENT_ONLY; not a real incident, HSE label or validation record."
SYN-DEMO-0394,"During routine operations, At Duliajan Field, A crew member entered beneath a suspended load while the load was being repositioned. The task was in its preparation stage. No injury was reported; the exposure pathway was documented for follow-up.",1,"[""Safe Mechanical Lifting""]",SYNTHETIC-DEMO-EVENT-SYN-DEMO-0394,train,false,true,Unsafe Act,Digboi Refinery,Maintenance,2025-01-11T08:00:00+05:30,ASCENSION_TEMPLATE_GENERATOR,"SYNTHETIC_DEVELOPMENT_ONLY; not a real incident, HSE label or validation record."
SYN-DEMO-0395,"At the start of the task, At Moran Field, A crew member entered beneath a suspended load while the load was being repositioned. The task was in its preparation stage. The event was recorded for HSE review and corrective action.",1,"[""Safe Mechanical Lifting""]",SYNTHETIC-DEMO-EVENT-SYN-DEMO-0395,train,false,true,Incident,Naharkatiya Field,Projects,2025-01-12T08:00:00+05:30,ASCENSION_TEMPLATE_GENERATOR,"SYNTHETIC_DEVELOPMENT_ONLY; not a real incident, HSE label or validation record."
SYN-DEMO-0396,"During the shift handover, At Digboi Refinery, A crew member entered beneath a suspended load while the load was being repositioned. The task was in its preparation stage. The task was stopped and escalated for review.",1,"[""Safe Mechanical Lifting""]",SYNTHETIC-DEMO-EVENT-SYN-DEMO-0396,train,false,true,Near Miss,Duliajan Field,Drilling,2025-01-13T08:00:00+05:30,ASCENSION_TEMPLATE_GENERATOR,"SYNTHETIC_DEVELOPMENT_ONLY; not a real incident, HSE label or validation record."
SYN-DEMO-0397,"During planned work, At Naharkatiya Field, A crew member entered beneath a suspended load while the load was being repositioned. The task was in its positioning stage. The supervisor was notified and the area was made safe.",1,"[""Safe Mechanical Lifting""]",SYNTHETIC-DEMO-EVENT-SYN-DEMO-0397,calibration,false,true,Unsafe Condition,Moran Field,Production,2025-01-14T08:00:00+05:30,ASCENSION_TEMPLATE_GENERATOR,"SYNTHETIC_DEVELOPMENT_ONLY; not a real incident, HSE label or validation record."
SYN-DEMO-0398,"While the task was under way, At Duliajan Field, A crew member entered beneath a suspended load while the load was being repositioned. The task was in its positioning stage. No injury was reported; the exposure pathway was documented for follow-up.",1,"[""Safe Mechanical Lifting""]",SYNTHETIC-DEMO-EVENT-SYN-DEMO-0398,train,false,true,Unsafe Act,Digboi Refinery,Maintenance,2025-01-15T08:00:00+05:30,ASCENSION_TEMPLATE_GENERATOR,"SYNTHETIC_DEVELOPMENT_ONLY; not a real incident, HSE label or validation record."
SYN-DEMO-0399,"Following a toolbox talk, At Moran Field, A crew member entered beneath a suspended load while the load was being repositioned. The task was in its positioning stage. The event was recorded for HSE review and corrective action.",1,"[""Safe Mechanical Lifting""]",SYNTHETIC-DEMO-EVENT-SYN-DEMO-0399,validation,false,true,Incident,Naharkatiya Field,Projects,2025-01-16T08:00:00+05:30,ASCENSION_TEMPLATE_GENERATOR,"SYNTHETIC_DEVELOPMENT_ONLY; not a real incident, HSE label or validation record."
SYN-DEMO-0400,"During routine operations, At Digboi Refinery, A crew member entered beneath a suspended load while the load was being repositioned. The task was in its positioning stage. The task was stopped and escalated for review.",1,"[""Safe Mechanical Lifting""]",SYNTHETIC-DEMO-EVENT-SYN-DEMO-0400,train,false,true,Near Miss,Duliajan Field,Drilling,2025-01-17T08:00:00+05:30,ASCENSION_TEMPLATE_GENERATOR,"SYNTHETIC_DEVELOPMENT_ONLY; not a real incident, HSE label or validation record."
SYN-DEMO-0401,"At the start of the task, At Naharkatiya Field, A crew member entered beneath a suspended load while the load was being repositioned. The task was in its positioning stage. The supervisor was notified and the area was made safe.",1,"[""Safe Mechanical Lifting""]",SYNTHETIC-DEMO-EVENT-SYN-DEMO-0401,train,false,true,Unsafe Condition,Moran Field,Production,2025-01-18T08:00:00+05:30,ASCENSION_TEMPLATE_GENERATOR,"SYNTHETIC_DEVELOPMENT_ONLY; not a real incident, HSE label or validation record."
SYN-DEMO-0402,"During the shift handover, At Duliajan Field, A crew member entered beneath a suspended load while the load was being repositioned. The task was in its positioning stage. No injury was reported; the exposure pathway was documented for follow-up.",1,"[""Safe Mechanical Lifting""]",SYNTHETIC-DEMO-EVENT-SYN-DEMO-0402,train,false,true,Unsafe Act,Digboi Refinery,Maintenance,2025-01-19T08:00:00+05:30,ASCENSION_TEMPLATE_GENERATOR,"SYNTHETIC_DEVELOPMENT_ONLY; not a real incident, HSE label or validation record."
SYN-DEMO-0403,"During planned work, At Moran Field, A crew member entered beneath a suspended load while the load was being repositioned. The task was in its positioning stage. The event was recorded for HSE review and corrective action.",1,"[""Safe Mechanical Lifting""]",SYNTHETIC-DEMO-EVENT-SYN-DEMO-0403,test,false,true,Incident,Naharkatiya Field,Projects,2025-01-20T08:00:00+05:30,ASCENSION_TEMPLATE_GENERATOR,"SYNTHETIC_DEVELOPMENT_ONLY; not a real incident, HSE label or validation record."
SYN-DEMO-0404,"While the task was under way, At Digboi Refinery, A crew member entered beneath a suspended load while the load was being repositioned. The task was in its positioning stage. The task was stopped and escalated for review.",1,"[""Safe Mechanical Lifting""]",SYNTHETIC-DEMO-EVENT-SYN-DEMO-0404,train,false,true,Near Miss,Duliajan Field,Drilling,2025-01-21T08:00:00+05:30,ASCENSION_TEMPLATE_GENERATOR,"SYNTHETIC_DEVELOPMENT_ONLY; not a real incident, HSE label or validation record."
SYN-DEMO-0405,"Following a toolbox talk, At Naharkatiya Field, A crew member entered beneath a suspended load while the load was being repositioned. The task was in its positioning stage. The supervisor was notified and the area was made safe.",1,"[""Safe Mechanical Lifting""]",SYNTHETIC-DEMO-EVENT-SYN-DEMO-0405,train,false,true,Unsafe Condition,Moran Field,Production,2025-01-22T08:00:00+05:30,ASCENSION_TEMPLATE_GENERATOR,"SYNTHETIC_DEVELOPMENT_ONLY; not a real incident, HSE label or validation record."
SYN-DEMO-0406,"During routine operations, At Duliajan Field, A crew member entered beneath a suspended load while the load was being repositioned. The task was in its positioning stage. No injury was reported; the exposure pathway was documented for follow-up.",1,"[""Safe Mechanical Lifting""]",SYNTHETIC-DEMO-EVENT-SYN-DEMO-0406,train,false,true,Unsafe Act,Digboi Refinery,Maintenance,2025-01-23T08:00:00+05:30,ASCENSION_TEMPLATE_GENERATOR,"SYNTHETIC_DEVELOPMENT_ONLY; not a real incident, HSE label or validation record."
SYN-DEMO-0407,"At the start of the task, At Moran Field, A crew member entered beneath a suspended load while the load was being repositioned. The task was in its positioning stage. The event was recorded for HSE review and corrective action.",1,"[""Safe Mechanical Lifting""]",SYNTHETIC-DEMO-EVENT-SYN-DEMO-0407,calibration,false,true,Incident,Naharkatiya Field,Projects,2025-01-24T08:00:00+05:30,ASCENSION_TEMPLATE_GENERATOR,"SYNTHETIC_DEVELOPMENT_ONLY; not a real incident, HSE label or validation record."
SYN-DEMO-0408,"During the shift handover, At Digboi Refinery, A crew member entered beneath a suspended load while the load was being repositioned. The task was in its positioning stage. The task was stopped and escalated for review.",1,"[""Safe Mechanical Lifting""]",SYNTHETIC-DEMO-EVENT-SYN-DEMO-0408,train,false,true,Near Miss,Duliajan Field,Drilling,2025-01-25T08:00:00+05:30,ASCENSION_TEMPLATE_GENERATOR,"SYNTHETIC_DEVELOPMENT_ONLY; not a real incident, HSE label or validation record."
SYN-DEMO-0409,"During planned work, At Naharkatiya Field, A crew member entered beneath a suspended load while the load was being repositioned. The task was in its execution stage. The supervisor was notified and the area was made safe.",1,"[""Safe Mechanical Lifting""]",SYNTHETIC-DEMO-EVENT-SYN-DEMO-0409,train,false,true,Unsafe Condition,Moran Field,Production,2025-01-26T08:00:00+05:30,ASCENSION_TEMPLATE_GENERATOR,"SYNTHETIC_DEVELOPMENT_ONLY; not a real incident, HSE label or validation record."
SYN-DEMO-0410,"While the task was under way, At Duliajan Field, A crew member entered beneath a suspended load while the load was being repositioned. The task was in its execution stage. No injury was reported; the exposure pathway was documented for follow-up.",1,"[""Safe Mechanical Lifting""]",SYNTHETIC-DEMO-EVENT-SYN-DEMO-0410,train,false,true,Unsafe Act,Digboi Refinery,Maintenance,2025-01-27T08:00:00+05:30,ASCENSION_TEMPLATE_GENERATOR,"SYNTHETIC_DEVELOPMENT_ONLY; not a real incident, HSE label or validation record."
SYN-DEMO-0411,"Following a toolbox talk, At Moran Field, A crew member entered beneath a suspended load while the load was being repositioned. The task was in its execution stage. The event was recorded for HSE review and corrective action.",1,"[""Safe Mechanical Lifting""]",SYNTHETIC-DEMO-EVENT-SYN-DEMO-0411,calibration,false,true,Incident,Naharkatiya Field,Projects,2025-01-28T08:00:00+05:30,ASCENSION_TEMPLATE_GENERATOR,"SYNTHETIC_DEVELOPMENT_ONLY; not a real incident, HSE label or validation record."
SYN-DEMO-0412,"During routine operations, At Digboi Refinery, A crew member entered beneath a suspended load while the load was being repositioned. The task was in its execution stage. The task was stopped and escalated for review.",1,"[""Safe Mechanical Lifting""]",SYNTHETIC-DEMO-EVENT-SYN-DEMO-0412,train,false,true,Near Miss,Duliajan Field,Drilling,2025-01-29T08:00:00+05:30,ASCENSION_TEMPLATE_GENERATOR,"SYNTHETIC_DEVELOPMENT_ONLY; not a real incident, HSE label or validation record."
SYN-DEMO-0413,"At the start of the task, At Naharkatiya Field, A crew member entered beneath a suspended load while the load was being repositioned. The task was in its execution stage. The supervisor was notified and the area was made safe.",1,"[""Safe Mechanical Lifting""]",SYNTHETIC-DEMO-EVENT-SYN-DEMO-0413,train,false,true,Unsafe Condition,Moran Field,Production,2025-01-30T08:00:00+05:30,ASCENSION_TEMPLATE_GENERATOR,"SYNTHETIC_DEVELOPMENT_ONLY; not a real incident, HSE label or validation record."
SYN-DEMO-0414,"During the shift handover, At Duliajan Field, A crew member entered beneath a suspended load while the load was being repositioned. The task was in its execution stage. No injury was reported; the exposure pathway was documented for follow-up.",1,"[""Safe Mechanical Lifting""]",SYNTHETIC-DEMO-EVENT-SYN-DEMO-0414,calibration,false,true,Unsafe Act,Digboi Refinery,Maintenance,2025-01-31T08:00:00+05:30,ASCENSION_TEMPLATE_GENERATOR,"SYNTHETIC_DEVELOPMENT_ONLY; not a real incident, HSE label or validation record."
SYN-DEMO-0415,"During planned work, At Moran Field, A crew member entered beneath a suspended load while the load was being repositioned. The task was in its execution stage. The event was recorded for HSE review and corrective action.",1,"[""Safe Mechanical Lifting""]",SYNTHETIC-DEMO-EVENT-SYN-DEMO-0415,train,false,true,Incident,Naharkatiya Field,Projects,2025-02-01T08:00:00+05:30,ASCENSION_TEMPLATE_GENERATOR,"SYNTHETIC_DEVELOPMENT_ONLY; not a real incident, HSE label or validation record."
SYN-DEMO-0416,"While the task was under way, At Digboi Refinery, A crew member entered beneath a suspended load while the load was being repositioned. The task was in its execution stage. The task was stopped and escalated for review.",1,"[""Safe Mechanical Lifting""]",SYNTHETIC-DEMO-EVENT-SYN-DEMO-0416,train,false,true,Near Miss,Duliajan Field,Drilling,2025-02-02T08:00:00+05:30,ASCENSION_TEMPLATE_GENERATOR,"SYNTHETIC_DEVELOPMENT_ONLY; not a real incident, HSE label or validation record."
SYN-DEMO-0417,"During planned work, At Naharkatiya Field, The load was repositioned with an exclusion zone in place and all crew remained clear of the suspended load. The task was in its preparation stage. The task was stopped and escalated for review.",0,"[""Safe Mechanical Lifting""]",SYNTHETIC-DEMO-EVENT-SYN-DEMO-0417,train,false,true,Unsafe Condition,Moran Field,Production,2025-01-02T08:00:00+05:30,ASCENSION_TEMPLATE_GENERATOR,"SYNTHETIC_DEVELOPMENT_ONLY; not a real incident, HSE label or validation record."
SYN-DEMO-0418,"While the task was under way, At Duliajan Field, The load was repositioned with an exclusion zone in place and all crew remained clear of the suspended load. The task was in its preparation stage. The supervisor was notified and the area was made safe.",0,"[""Safe Mechanical Lifting""]",SYNTHETIC-DEMO-EVENT-SYN-DEMO-0418,test,false,true,Unsafe Act,Digboi Refinery,Maintenance,2025-01-03T08:00:00+05:30,ASCENSION_TEMPLATE_GENERATOR,"SYNTHETIC_DEVELOPMENT_ONLY; not a real incident, HSE label or validation record."
SYN-DEMO-0419,"Following a toolbox talk, At Moran Field, The load was repositioned with an exclusion zone in place and all crew remained clear of the suspended load. The task was in its preparation stage. No injury was reported; the exposure pathway was documented for follow-up.",0,"[""Safe Mechanical Lifting""]",SYNTHETIC-DEMO-EVENT-SYN-DEMO-0419,validation,false,true,Incident,Naharkatiya Field,Projects,2025-01-04T08:00:00+05:30,ASCENSION_TEMPLATE_GENERATOR,"SYNTHETIC_DEVELOPMENT_ONLY; not a real incident, HSE label or validation record."
SYN-DEMO-0420,"During routine operations, At Digboi Refinery, The load was repositioned with an exclusion zone in place and all crew remained clear of the suspended load. The task was in its preparation stage. The event was recorded for HSE review and corrective action.",0,"[""Safe Mechanical Lifting""]",SYNTHETIC-DEMO-EVENT-SYN-DEMO-0420,train,false,true,Near Miss,Duliajan Field,Drilling,2025-01-05T08:00:00+05:30,ASCENSION_TEMPLATE_GENERATOR,"SYNTHETIC_DEVELOPMENT_ONLY; not a real incident, HSE label or validation record."
SYN-DEMO-0421,"At the start of the task, At Naharkatiya Field, The load was repositioned with an exclusion zone in place and all crew remained clear of the suspended load. The task was in its preparation stage. The task was stopped and escalated for review.",0,"[""Safe Mechanical Lifting""]",SYNTHETIC-DEMO-EVENT-SYN-DEMO-0421,test,false,true,Unsafe Condition,Moran Field,Production,2025-01-06T08:00:00+05:30,ASCENSION_TEMPLATE_GENERATOR,"SYNTHETIC_DEVELOPMENT_ONLY; not a real incident, HSE label or validation record."
SYN-DEMO-0422,"During the shift handover, At Duliajan Field, The load was repositioned with an exclusion zone in place and all crew remained clear of the suspended load. The task was in its preparation stage. The supervisor was notified and the area was made safe.",0,"[""Safe Mechanical Lifting""]",SYNTHETIC-DEMO-EVENT-SYN-DEMO-0422,train,false,true,Unsafe Act,Digboi Refinery,Maintenance,2025-01-07T08:00:00+05:30,ASCENSION_TEMPLATE_GENERATOR,"SYNTHETIC_DEVELOPMENT_ONLY; not a real incident, HSE label or validation record."
SYN-DEMO-0423,"During planned work, At Moran Field, The load was repositioned with an exclusion zone in place and all crew remained clear of the suspended load. The task was in its preparation stage. No injury was reported; the exposure pathway was documented for follow-up.",0,"[""Safe Mechanical Lifting""]",SYNTHETIC-DEMO-EVENT-SYN-DEMO-0423,calibration,false,true,Incident,Naharkatiya Field,Projects,2025-01-08T08:00:00+05:30,ASCENSION_TEMPLATE_GENERATOR,"SYNTHETIC_DEVELOPMENT_ONLY; not a real incident, HSE label or validation record."
SYN-DEMO-0424,"While the task was under way, At Digboi Refinery, The load was repositioned with an exclusion zone in place and all crew remained clear of the suspended load. The task was in its preparation stage. The event was recorded for HSE review and corrective action.",0,"[""Safe Mechanical Lifting""]",SYNTHETIC-DEMO-EVENT-SYN-DEMO-0424,train,false,true,Near Miss,Duliajan Field,Drilling,2025-01-09T08:00:00+05:30,ASCENSION_TEMPLATE_GENERATOR,"SYNTHETIC_DEVELOPMENT_ONLY; not a real incident, HSE label or validation record."
SYN-DEMO-0425,"Following a toolbox talk, At Naharkatiya Field, The load was repositioned with an exclusion zone in place and all crew remained clear of the suspended load. The task was in its preparation stage. The task was stopped and escalated for review.",0,"[""Safe Mechanical Lifting""]",SYNTHETIC-DEMO-EVENT-SYN-DEMO-0425,validation,false,true,Unsafe Condition,Moran Field,Production,2025-01-10T08:00:00+05:30,ASCENSION_TEMPLATE_GENERATOR,"SYNTHETIC_DEVELOPMENT_ONLY; not a real incident, HSE label or validation record."
SYN-DEMO-0426,"During routine operations, At Duliajan Field, The load was repositioned with an exclusion zone in place and all crew remained clear of the suspended load. The task was in its preparation stage. The supervisor was notified and the area was made safe.",0,"[""Safe Mechanical Lifting""]",SYNTHETIC-DEMO-EVENT-SYN-DEMO-0426,calibration,false,true,Unsafe Act,Digboi Refinery,Maintenance,2025-01-11T08:00:00+05:30,ASCENSION_TEMPLATE_GENERATOR,"SYNTHETIC_DEVELOPMENT_ONLY; not a real incident, HSE label or validation record."
SYN-DEMO-0427,"At the start of the task, At Moran Field, The load was repositioned with an exclusion zone in place and all crew remained clear of the suspended load. The task was in its preparation stage. No injury was reported; the exposure pathway was documented for follow-up.",0,"[""Safe Mechanical Lifting""]",SYNTHETIC-DEMO-EVENT-SYN-DEMO-0427,validation,false,true,Incident,Naharkatiya Field,Projects,2025-01-12T08:00:00+05:30,ASCENSION_TEMPLATE_GENERATOR,"SYNTHETIC_DEVELOPMENT_ONLY; not a real incident, HSE label or validation record."
SYN-DEMO-0428,"During the shift handover, At Digboi Refinery, The load was repositioned with an exclusion zone in place and all crew remained clear of the suspended load. The task was in its preparation stage. The event was recorded for HSE review and corrective action.",0,"[""Safe Mechanical Lifting""]",SYNTHETIC-DEMO-EVENT-SYN-DEMO-0428,validation,false,true,Near Miss,Duliajan Field,Drilling,2025-01-13T08:00:00+05:30,ASCENSION_TEMPLATE_GENERATOR,"SYNTHETIC_DEVELOPMENT_ONLY; not a real incident, HSE label or validation record."
SYN-DEMO-0429,"During planned work, At Naharkatiya Field, The load was repositioned with an exclusion zone in place and all crew remained clear of the suspended load. The task was in its positioning stage. The task was stopped and escalated for review.",0,"[""Safe Mechanical Lifting""]",SYNTHETIC-DEMO-EVENT-SYN-DEMO-0429,train,false,true,Unsafe Condition,Moran Field,Production,2025-01-14T08:00:00+05:30,ASCENSION_TEMPLATE_GENERATOR,"SYNTHETIC_DEVELOPMENT_ONLY; not a real incident, HSE label or validation record."
SYN-DEMO-0430,"While the task was under way, At Duliajan Field, The load was repositioned with an exclusion zone in place and all crew remained clear of the suspended load. The task was in its positioning stage. The supervisor was notified and the area was made safe.",0,"[""Safe Mechanical Lifting""]",SYNTHETIC-DEMO-EVENT-SYN-DEMO-0430,calibration,false,true,Unsafe Act,Digboi Refinery,Maintenance,2025-01-15T08:00:00+05:30,ASCENSION_TEMPLATE_GENERATOR,"SYNTHETIC_DEVELOPMENT_ONLY; not a real incident, HSE label or validation record."
SYN-DEMO-0431,"Following a toolbox talk, At Moran Field, The load was repositioned with an exclusion zone in place and all crew remained clear of the suspended load. The task was in its positioning stage. No injury was reported; the exposure pathway was documented for follow-up.",0,"[""Safe Mechanical Lifting""]",SYNTHETIC-DEMO-EVENT-SYN-DEMO-0431,train,false,true,Incident,Naharkatiya Field,Projects,2025-01-16T08:00:00+05:30,ASCENSION_TEMPLATE_GENERATOR,"SYNTHETIC_DEVELOPMENT_ONLY; not a real incident, HSE label or validation record."
SYN-DEMO-0432,"During routine operations, At Digboi Refinery, The load was repositioned with an exclusion zone in place and all crew remained clear of the suspended load. The task was in its positioning stage. The event was recorded for HSE review and corrective action.",0,"[""Safe Mechanical Lifting""]",SYNTHETIC-DEMO-EVENT-SYN-DEMO-0432,train,false,true,Near Miss,Duliajan Field,Drilling,2025-01-17T08:00:00+05:30,ASCENSION_TEMPLATE_GENERATOR,"SYNTHETIC_DEVELOPMENT_ONLY; not a real incident, HSE label or validation record."
SYN-DEMO-0433,"At the start of the task, At Naharkatiya Field, The load was repositioned with an exclusion zone in place and all crew remained clear of the suspended load. The task was in its positioning stage. The task was stopped and escalated for review.",0,"[""Safe Mechanical Lifting""]",SYNTHETIC-DEMO-EVENT-SYN-DEMO-0433,train,false,true,Unsafe Condition,Moran Field,Production,2025-01-18T08:00:00+05:30,ASCENSION_TEMPLATE_GENERATOR,"SYNTHETIC_DEVELOPMENT_ONLY; not a real incident, HSE label or validation record."
SYN-DEMO-0434,"During the shift handover, At Duliajan Field, The load was repositioned with an exclusion zone in place and all crew remained clear of the suspended load. The task was in its positioning stage. The supervisor was notified and the area was made safe.",0,"[""Safe Mechanical Lifting""]",SYNTHETIC-DEMO-EVENT-SYN-DEMO-0434,train,false,true,Unsafe Act,Digboi Refinery,Maintenance,2025-01-19T08:00:00+05:30,ASCENSION_TEMPLATE_GENERATOR,"SYNTHETIC_DEVELOPMENT_ONLY; not a real incident, HSE label or validation record."
SYN-DEMO-0435,"During planned work, At Moran Field, The load was repositioned with an exclusion zone in place and all crew remained clear of the suspended load. The task was in its positioning stage. No injury was reported; the exposure pathway was documented for follow-up.",0,"[""Safe Mechanical Lifting""]",SYNTHETIC-DEMO-EVENT-SYN-DEMO-0435,train,false,true,Incident,Naharkatiya Field,Projects,2025-01-20T08:00:00+05:30,ASCENSION_TEMPLATE_GENERATOR,"SYNTHETIC_DEVELOPMENT_ONLY; not a real incident, HSE label or validation record."
SYN-DEMO-0436,"While the task was under way, At Digboi Refinery, The load was repositioned with an exclusion zone in place and all crew remained clear of the suspended load. The task was in its positioning stage. The event was recorded for HSE review and corrective action.",0,"[""Safe Mechanical Lifting""]",SYNTHETIC-DEMO-EVENT-SYN-DEMO-0436,test,false,true,Near Miss,Duliajan Field,Drilling,2025-01-21T08:00:00+05:30,ASCENSION_TEMPLATE_GENERATOR,"SYNTHETIC_DEVELOPMENT_ONLY; not a real incident, HSE label or validation record."
SYN-DEMO-0437,"Following a toolbox talk, At Naharkatiya Field, The load was repositioned with an exclusion zone in place and all crew remained clear of the suspended load. The task was in its positioning stage. The task was stopped and escalated for review.",0,"[""Safe Mechanical Lifting""]",SYNTHETIC-DEMO-EVENT-SYN-DEMO-0437,train,false,true,Unsafe Condition,Moran Field,Production,2025-01-22T08:00:00+05:30,ASCENSION_TEMPLATE_GENERATOR,"SYNTHETIC_DEVELOPMENT_ONLY; not a real incident, HSE label or validation record."
SYN-DEMO-0438,"During routine operations, At Duliajan Field, The load was repositioned with an exclusion zone in place and all crew remained clear of the suspended load. The task was in its positioning stage. The supervisor was notified and the area was made safe.",0,"[""Safe Mechanical Lifting""]",SYNTHETIC-DEMO-EVENT-SYN-DEMO-0438,validation,false,true,Unsafe Act,Digboi Refinery,Maintenance,2025-01-23T08:00:00+05:30,ASCENSION_TEMPLATE_GENERATOR,"SYNTHETIC_DEVELOPMENT_ONLY; not a real incident, HSE label or validation record."
SYN-DEMO-0439,"At the start of the task, At Moran Field, The load was repositioned with an exclusion zone in place and all crew remained clear of the suspended load. The task was in its positioning stage. No injury was reported; the exposure pathway was documented for follow-up.",0,"[""Safe Mechanical Lifting""]",SYNTHETIC-DEMO-EVENT-SYN-DEMO-0439,train,false,true,Incident,Naharkatiya Field,Projects,2025-01-24T08:00:00+05:30,ASCENSION_TEMPLATE_GENERATOR,"SYNTHETIC_DEVELOPMENT_ONLY; not a real incident, HSE label or validation record."
SYN-DEMO-0440,"During the shift handover, At Digboi Refinery, The load was repositioned with an exclusion zone in place and all crew remained clear of the suspended load. The task was in its positioning stage. The event was recorded for HSE review and corrective action.",0,"[""Safe Mechanical Lifting""]",SYNTHETIC-DEMO-EVENT-SYN-DEMO-0440,train,false,true,Near Miss,Duliajan Field,Drilling,2025-01-25T08:00:00+05:30,ASCENSION_TEMPLATE_GENERATOR,"SYNTHETIC_DEVELOPMENT_ONLY; not a real incident, HSE label or validation record."
SYN-DEMO-0441,"During planned work, At Naharkatiya Field, The load was repositioned with an exclusion zone in place and all crew remained clear of the suspended load. The task was in its execution stage. The task was stopped and escalated for review.",0,"[""Safe Mechanical Lifting""]",SYNTHETIC-DEMO-EVENT-SYN-DEMO-0441,train,false,true,Unsafe Condition,Moran Field,Production,2025-01-26T08:00:00+05:30,ASCENSION_TEMPLATE_GENERATOR,"SYNTHETIC_DEVELOPMENT_ONLY; not a real incident, HSE label or validation record."
SYN-DEMO-0442,"While the task was under way, At Duliajan Field, The load was repositioned with an exclusion zone in place and all crew remained clear of the suspended load. The task was in its execution stage. The supervisor was notified and the area was made safe.",0,"[""Safe Mechanical Lifting""]",SYNTHETIC-DEMO-EVENT-SYN-DEMO-0442,test,false,true,Unsafe Act,Digboi Refinery,Maintenance,2025-01-27T08:00:00+05:30,ASCENSION_TEMPLATE_GENERATOR,"SYNTHETIC_DEVELOPMENT_ONLY; not a real incident, HSE label or validation record."
SYN-DEMO-0443,"Following a toolbox talk, At Moran Field, The load was repositioned with an exclusion zone in place and all crew remained clear of the suspended load. The task was in its execution stage. No injury was reported; the exposure pathway was documented for follow-up.",0,"[""Safe Mechanical Lifting""]",SYNTHETIC-DEMO-EVENT-SYN-DEMO-0443,validation,false,true,Incident,Naharkatiya Field,Projects,2025-01-28T08:00:00+05:30,ASCENSION_TEMPLATE_GENERATOR,"SYNTHETIC_DEVELOPMENT_ONLY; not a real incident, HSE label or validation record."
SYN-DEMO-0444,"During routine operations, At Digboi Refinery, The load was repositioned with an exclusion zone in place and all crew remained clear of the suspended load. The task was in its execution stage. The event was recorded for HSE review and corrective action.",0,"[""Safe Mechanical Lifting""]",SYNTHETIC-DEMO-EVENT-SYN-DEMO-0444,calibration,false,true,Near Miss,Duliajan Field,Drilling,2025-01-29T08:00:00+05:30,ASCENSION_TEMPLATE_GENERATOR,"SYNTHETIC_DEVELOPMENT_ONLY; not a real incident, HSE label or validation record."
SYN-DEMO-0445,"At the start of the task, At Naharkatiya Field, The load was repositioned with an exclusion zone in place and all crew remained clear of the suspended load. The task was in its execution stage. The task was stopped and escalated for review.",0,"[""Safe Mechanical Lifting""]",SYNTHETIC-DEMO-EVENT-SYN-DEMO-0445,train,false,true,Unsafe Condition,Moran Field,Production,2025-01-30T08:00:00+05:30,ASCENSION_TEMPLATE_GENERATOR,"SYNTHETIC_DEVELOPMENT_ONLY; not a real incident, HSE label or validation record."
SYN-DEMO-0446,"During the shift handover, At Duliajan Field, The load was repositioned with an exclusion zone in place and all crew remained clear of the suspended load. The task was in its execution stage. The supervisor was notified and the area was made safe.",0,"[""Safe Mechanical Lifting""]",SYNTHETIC-DEMO-EVENT-SYN-DEMO-0446,train,false,true,Unsafe Act,Digboi Refinery,Maintenance,2025-01-31T08:00:00+05:30,ASCENSION_TEMPLATE_GENERATOR,"SYNTHETIC_DEVELOPMENT_ONLY; not a real incident, HSE label or validation record."
SYN-DEMO-0447,"During planned work, At Moran Field, The load was repositioned with an exclusion zone in place and all crew remained clear of the suspended load. The task was in its execution stage. No injury was reported; the exposure pathway was documented for follow-up.",0,"[""Safe Mechanical Lifting""]",SYNTHETIC-DEMO-EVENT-SYN-DEMO-0447,train,false,true,Incident,Naharkatiya Field,Projects,2025-02-01T08:00:00+05:30,ASCENSION_TEMPLATE_GENERATOR,"SYNTHETIC_DEVELOPMENT_ONLY; not a real incident, HSE label or validation record."
SYN-DEMO-0448,"While the task was under way, At Digboi Refinery, The load was repositioned with an exclusion zone in place and all crew remained clear of the suspended load. The task was in its execution stage. The event was recorded for HSE review and corrective action.",0,"[""Safe Mechanical Lifting""]",SYNTHETIC-DEMO-EVENT-SYN-DEMO-0448,train,false,true,Near Miss,Duliajan Field,Drilling,2025-02-02T08:00:00+05:30,ASCENSION_TEMPLATE_GENERATOR,"SYNTHETIC_DEVELOPMENT_ONLY; not a real incident, HSE label or validation record."
SYN-DEMO-0449,"While the task was under way, At Duliajan Field, Work on a live process line continued after the permit conditions changed without reauthorisation. The task was in its preparation stage. The supervisor was notified and the area was made safe.",1,"[""Work Authorisation""]",SYNTHETIC-DEMO-EVENT-SYN-DEMO-0449,validation,false,true,Unsafe Condition,Moran Field,Production,2025-01-02T08:00:00+05:30,ASCENSION_TEMPLATE_GENERATOR,"SYNTHETIC_DEVELOPMENT_ONLY; not a real incident, HSE label or validation record."
SYN-DEMO-0450,"Following a toolbox talk, At Moran Field, Work on a live process line continued after the permit conditions changed without reauthorisation. The task was in its preparation stage. No injury was reported; the exposure pathway was documented for follow-up.",1,"[""Work Authorisation""]",SYNTHETIC-DEMO-EVENT-SYN-DEMO-0450,train,false,true,Unsafe Act,Digboi Refinery,Maintenance,2025-01-03T08:00:00+05:30,ASCENSION_TEMPLATE_GENERATOR,"SYNTHETIC_DEVELOPMENT_ONLY; not a real incident, HSE label or validation record."
SYN-DEMO-0451,"During routine operations, At Digboi Refinery, Work on a live process line continued after the permit conditions changed without reauthorisation. The task was in its preparation stage. The event was recorded for HSE review and corrective action.",1,"[""Work Authorisation""]",SYNTHETIC-DEMO-EVENT-SYN-DEMO-0451,train,false,true,Incident,Naharkatiya Field,Projects,2025-01-04T08:00:00+05:30,ASCENSION_TEMPLATE_GENERATOR,"SYNTHETIC_DEVELOPMENT_ONLY; not a real incident, HSE label or validation record."
SYN-DEMO-0452,"At the start of the task, At Naharkatiya Field, Work on a live process line continued after the permit conditions changed without reauthorisation. The task was in its preparation stage. The task was stopped and escalated for review.",1,"[""Work Authorisation""]",SYNTHETIC-DEMO-EVENT-SYN-DEMO-0452,train,false,true,Near Miss,Duliajan Field,Drilling,2025-01-05T08:00:00+05:30,ASCENSION_TEMPLATE_GENERATOR,"SYNTHETIC_DEVELOPMENT_ONLY; not a real incident, HSE label or validation record."
SYN-DEMO-0453,"During the shift handover, At Duliajan Field, Work on a live process line continued after the permit conditions changed without reauthorisation. The task was in its preparation stage. The supervisor was notified and the area was made safe.",1,"[""Work Authorisation""]",SYNTHETIC-DEMO-EVENT-SYN-DEMO-0453,validation,false,true,Unsafe Condition,Moran Field,Production,2025-01-06T08:00:00+05:30,ASCENSION_TEMPLATE_GENERATOR,"SYNTHETIC_DEVELOPMENT_ONLY; not a real incident, HSE label or validation record."
SYN-DEMO-0454,"During planned work, At Moran Field, Work on a live process line continued after the permit conditions changed without reauthorisation. The task was in its preparation stage. No injury was reported; the exposure pathway was documented for follow-up.",1,"[""Work Authorisation""]",SYNTHETIC-DEMO-EVENT-SYN-DEMO-0454,test,false,true,Unsafe Act,Digboi Refinery,Maintenance,2025-01-07T08:00:00+05:30,ASCENSION_TEMPLATE_GENERATOR,"SYNTHETIC_DEVELOPMENT_ONLY; not a real incident, HSE label or validation record."
SYN-DEMO-0455,"While the task was under way, At Digboi Refinery, Work on a live process line continued after the permit conditions changed without reauthorisation. The task was in its preparation stage. The event was recorded for HSE review and corrective action.",1,"[""Work Authorisation""]",SYNTHETIC-DEMO-EVENT-SYN-DEMO-0455,train,false,true,Incident,Naharkatiya Field,Projects,2025-01-08T08:00:00+05:30,ASCENSION_TEMPLATE_GENERATOR,"SYNTHETIC_DEVELOPMENT_ONLY; not a real incident, HSE label or validation record."
SYN-DEMO-0456,"Following a toolbox talk, At Naharkatiya Field, Work on a live process line continued after the permit conditions changed without reauthorisation. The task was in its preparation stage. The task was stopped and escalated for review.",1,"[""Work Authorisation""]",SYNTHETIC-DEMO-EVENT-SYN-DEMO-0456,train,false,true,Near Miss,Duliajan Field,Drilling,2025-01-09T08:00:00+05:30,ASCENSION_TEMPLATE_GENERATOR,"SYNTHETIC_DEVELOPMENT_ONLY; not a real incident, HSE label or validation record."
SYN-DEMO-0457,"During routine operations, At Duliajan Field, Work on a live process line continued after the permit conditions changed without reauthorisation. The task was in its preparation stage. The supervisor was notified and the area was made safe.",1,"[""Work Authorisation""]",SYNTHETIC-DEMO-EVENT-SYN-DEMO-0457,calibration,false,true,Unsafe Condition,Moran Field,Production,2025-01-10T08:00:00+05:30,ASCENSION_TEMPLATE_GENERATOR,"SYNTHETIC_DEVELOPMENT_ONLY; not a real incident, HSE label or validation record."
SYN-DEMO-0458,"At the start of the task, At Moran Field, Work on a live process line continued after the permit conditions changed without reauthorisation. The task was in its preparation stage. No injury was reported; the exposure pathway was documented for follow-up.",1,"[""Work Authorisation""]",SYNTHETIC-DEMO-EVENT-SYN-DEMO-0458,validation,false,true,Unsafe Act,Digboi Refinery,Maintenance,2025-01-11T08:00:00+05:30,ASCENSION_TEMPLATE_GENERATOR,"SYNTHETIC_DEVELOPMENT_ONLY; not a real incident, HSE label or validation record."
SYN-DEMO-0459,"During the shift handover, At Digboi Refinery, Work on a live process line continued after the permit conditions changed without reauthorisation. The task was in its preparation stage. The event was recorded for HSE review and corrective action.",1,"[""Work Authorisation""]",SYNTHETIC-DEMO-EVENT-SYN-DEMO-0459,test,false,true,Incident,Naharkatiya Field,Projects,2025-01-12T08:00:00+05:30,ASCENSION_TEMPLATE_GENERATOR,"SYNTHETIC_DEVELOPMENT_ONLY; not a real incident, HSE label or validation record."
SYN-DEMO-0460,"During planned work, At Naharkatiya Field, Work on a live process line continued after the permit conditions changed without reauthorisation. The task was in its preparation stage. The task was stopped and escalated for review.",1,"[""Work Authorisation""]",SYNTHETIC-DEMO-EVENT-SYN-DEMO-0460,train,false,true,Near Miss,Duliajan Field,Drilling,2025-01-13T08:00:00+05:30,ASCENSION_TEMPLATE_GENERATOR,"SYNTHETIC_DEVELOPMENT_ONLY; not a real incident, HSE label or validation record."
SYN-DEMO-0461,"While the task was under way, At Duliajan Field, Work on a live process line continued after the permit conditions changed without reauthorisation. The task was in its positioning stage. The supervisor was notified and the area was made safe.",1,"[""Work Authorisation""]",SYNTHETIC-DEMO-EVENT-SYN-DEMO-0461,train,false,true,Unsafe Condition,Moran Field,Production,2025-01-14T08:00:00+05:30,ASCENSION_TEMPLATE_GENERATOR,"SYNTHETIC_DEVELOPMENT_ONLY; not a real incident, HSE label or validation record."
SYN-DEMO-0462,"Following a toolbox talk, At Moran Field, Work on a live process line continued after the permit conditions changed without reauthorisation. The task was in its positioning stage. No injury was reported; the exposure pathway was documented for follow-up.",1,"[""Work Authorisation""]",SYNTHETIC-DEMO-EVENT-SYN-DEMO-0462,train,false,true,Unsafe Act,Digboi Refinery,Maintenance,2025-01-15T08:00:00+05:30,ASCENSION_TEMPLATE_GENERATOR,"SYNTHETIC_DEVELOPMENT_ONLY; not a real incident, HSE label or validation record."
SYN-DEMO-0463,"During routine operations, At Digboi Refinery, Work on a live process line continued after the permit conditions changed without reauthorisation. The task was in its positioning stage. The event was recorded for HSE review and corrective action.",1,"[""Work Authorisation""]",SYNTHETIC-DEMO-EVENT-SYN-DEMO-0463,validation,false,true,Incident,Naharkatiya Field,Projects,2025-01-16T08:00:00+05:30,ASCENSION_TEMPLATE_GENERATOR,"SYNTHETIC_DEVELOPMENT_ONLY; not a real incident, HSE label or validation record."
SYN-DEMO-0464,"At the start of the task, At Naharkatiya Field, Work on a live process line continued after the permit conditions changed without reauthorisation. The task was in its positioning stage. The task was stopped and escalated for review.",1,"[""Work Authorisation""]",SYNTHETIC-DEMO-EVENT-SYN-DEMO-0464,train,false,true,Near Miss,Duliajan Field,Drilling,2025-01-17T08:00:00+05:30,ASCENSION_TEMPLATE_GENERATOR,"SYNTHETIC_DEVELOPMENT_ONLY; not a real incident, HSE label or validation record."
SYN-DEMO-0465,"During the shift handover, At Duliajan Field, Work on a live process line continued after the permit conditions changed without reauthorisation. The task was in its positioning stage. The supervisor was notified and the area was made safe.",1,"[""Work Authorisation""]",SYNTHETIC-DEMO-EVENT-SYN-DEMO-0465,test,false,true,Unsafe Condition,Moran Field,Production,2025-01-18T08:00:00+05:30,ASCENSION_TEMPLATE_GENERATOR,"SYNTHETIC_DEVELOPMENT_ONLY; not a real incident, HSE label or validation record."
SYN-DEMO-0466,"During planned work, At Moran Field, Work on a live process line continued after the permit conditions changed without reauthorisation. The task was in its positioning stage. No injury was reported; the exposure pathway was documented for follow-up.",1,"[""Work Authorisation""]",SYNTHETIC-DEMO-EVENT-SYN-DEMO-0466,calibration,false,true,Unsafe Act,Digboi Refinery,Maintenance,2025-01-19T08:00:00+05:30,ASCENSION_TEMPLATE_GENERATOR,"SYNTHETIC_DEVELOPMENT_ONLY; not a real incident, HSE label or validation record."
SYN-DEMO-0467,"While the task was under way, At Digboi Refinery, Work on a live process line continued after the permit conditions changed without reauthorisation. The task was in its positioning stage. The event was recorded for HSE review and corrective action.",1,"[""Work Authorisation""]",SYNTHETIC-DEMO-EVENT-SYN-DEMO-0467,train,false,true,Incident,Naharkatiya Field,Projects,2025-01-20T08:00:00+05:30,ASCENSION_TEMPLATE_GENERATOR,"SYNTHETIC_DEVELOPMENT_ONLY; not a real incident, HSE label or validation record."
SYN-DEMO-0468,"Following a toolbox talk, At Naharkatiya Field, Work on a live process line continued after the permit conditions changed without reauthorisation. The task was in its positioning stage. The task was stopped and escalated for review.",1,"[""Work Authorisation""]",SYNTHETIC-DEMO-EVENT-SYN-DEMO-0468,train,false,true,Near Miss,Duliajan Field,Drilling,2025-01-21T08:00:00+05:30,ASCENSION_TEMPLATE_GENERATOR,"SYNTHETIC_DEVELOPMENT_ONLY; not a real incident, HSE label or validation record."
SYN-DEMO-0469,"During routine operations, At Duliajan Field, Work on a live process line continued after the permit conditions changed without reauthorisation. The task was in its positioning stage. The supervisor was notified and the area was made safe.",1,"[""Work Authorisation""]",SYNTHETIC-DEMO-EVENT-SYN-DEMO-0469,train,false,true,Unsafe Condition,Moran Field,Production,2025-01-22T08:00:00+05:30,ASCENSION_TEMPLATE_GENERATOR,"SYNTHETIC_DEVELOPMENT_ONLY; not a real incident, HSE label or validation record."
SYN-DEMO-0470,"At the start of the task, At Moran Field, Work on a live process line continued after the permit conditions changed without reauthorisation. The task was in its positioning stage. No injury was reported; the exposure pathway was documented for follow-up.",1,"[""Work Authorisation""]",SYNTHETIC-DEMO-EVENT-SYN-DEMO-0470,train,false,true,Unsafe Act,Digboi Refinery,Maintenance,2025-01-23T08:00:00+05:30,ASCENSION_TEMPLATE_GENERATOR,"SYNTHETIC_DEVELOPMENT_ONLY; not a real incident, HSE label or validation record."
SYN-DEMO-0471,"During the shift handover, At Digboi Refinery, Work on a live process line continued after the permit conditions changed without reauthorisation. The task was in its positioning stage. The event was recorded for HSE review and corrective action.",1,"[""Work Authorisation""]",SYNTHETIC-DEMO-EVENT-SYN-DEMO-0471,validation,false,true,Incident,Naharkatiya Field,Projects,2025-01-24T08:00:00+05:30,ASCENSION_TEMPLATE_GENERATOR,"SYNTHETIC_DEVELOPMENT_ONLY; not a real incident, HSE label or validation record."
SYN-DEMO-0472,"During planned work, At Naharkatiya Field, Work on a live process line continued after the permit conditions changed without reauthorisation. The task was in its positioning stage. The task was stopped and escalated for review.",1,"[""Work Authorisation""]",SYNTHETIC-DEMO-EVENT-SYN-DEMO-0472,test,false,true,Near Miss,Duliajan Field,Drilling,2025-01-25T08:00:00+05:30,ASCENSION_TEMPLATE_GENERATOR,"SYNTHETIC_DEVELOPMENT_ONLY; not a real incident, HSE label or validation record."
SYN-DEMO-0473,"While the task was under way, At Duliajan Field, Work on a live process line continued after the permit conditions changed without reauthorisation. The task was in its execution stage. The supervisor was notified and the area was made safe.",1,"[""Work Authorisation""]",SYNTHETIC-DEMO-EVENT-SYN-DEMO-0473,calibration,false,true,Unsafe Condition,Moran Field,Production,2025-01-26T08:00:00+05:30,ASCENSION_TEMPLATE_GENERATOR,"SYNTHETIC_DEVELOPMENT_ONLY; not a real incident, HSE label or validation record."
SYN-DEMO-0474,"Following a toolbox talk, At Moran Field, Work on a live process line continued after the permit conditions changed without reauthorisation. The task was in its execution stage. No injury was reported; the exposure pathway was documented for follow-up.",1,"[""Work Authorisation""]",SYNTHETIC-DEMO-EVENT-SYN-DEMO-0474,train,false,true,Unsafe Act,Digboi Refinery,Maintenance,2025-01-27T08:00:00+05:30,ASCENSION_TEMPLATE_GENERATOR,"SYNTHETIC_DEVELOPMENT_ONLY; not a real incident, HSE label or validation record."
SYN-DEMO-0475,"During routine operations, At Digboi Refinery, Work on a live process line continued after the permit conditions changed without reauthorisation. The task was in its execution stage. The event was recorded for HSE review and corrective action.",1,"[""Work Authorisation""]",SYNTHETIC-DEMO-EVENT-SYN-DEMO-0475,train,false,true,Incident,Naharkatiya Field,Projects,2025-01-28T08:00:00+05:30,ASCENSION_TEMPLATE_GENERATOR,"SYNTHETIC_DEVELOPMENT_ONLY; not a real incident, HSE label or validation record."
SYN-DEMO-0476,"At the start of the task, At Naharkatiya Field, Work on a live process line continued after the permit conditions changed without reauthorisation. The task was in its execution stage. The task was stopped and escalated for review.",1,"[""Work Authorisation""]",SYNTHETIC-DEMO-EVENT-SYN-DEMO-0476,train,false,true,Near Miss,Duliajan Field,Drilling,2025-01-29T08:00:00+05:30,ASCENSION_TEMPLATE_GENERATOR,"SYNTHETIC_DEVELOPMENT_ONLY; not a real incident, HSE label or validation record."
SYN-DEMO-0477,"During the shift handover, At Duliajan Field, Work on a live process line continued after the permit conditions changed without reauthorisation. The task was in its execution stage. The supervisor was notified and the area was made safe.",1,"[""Work Authorisation""]",SYNTHETIC-DEMO-EVENT-SYN-DEMO-0477,calibration,false,true,Unsafe Condition,Moran Field,Production,2025-01-30T08:00:00+05:30,ASCENSION_TEMPLATE_GENERATOR,"SYNTHETIC_DEVELOPMENT_ONLY; not a real incident, HSE label or validation record."
SYN-DEMO-0478,"During planned work, At Moran Field, Work on a live process line continued after the permit conditions changed without reauthorisation. The task was in its execution stage. No injury was reported; the exposure pathway was documented for follow-up.",1,"[""Work Authorisation""]",SYNTHETIC-DEMO-EVENT-SYN-DEMO-0478,validation,false,true,Unsafe Act,Digboi Refinery,Maintenance,2025-01-31T08:00:00+05:30,ASCENSION_TEMPLATE_GENERATOR,"SYNTHETIC_DEVELOPMENT_ONLY; not a real incident, HSE label or validation record."
SYN-DEMO-0479,"While the task was under way, At Digboi Refinery, Work on a live process line continued after the permit conditions changed without reauthorisation. The task was in its execution stage. The event was recorded for HSE review and corrective action.",1,"[""Work Authorisation""]",SYNTHETIC-DEMO-EVENT-SYN-DEMO-0479,validation,false,true,Incident,Naharkatiya Field,Projects,2025-02-01T08:00:00+05:30,ASCENSION_TEMPLATE_GENERATOR,"SYNTHETIC_DEVELOPMENT_ONLY; not a real incident, HSE label or validation record."
SYN-DEMO-0480,"Following a toolbox talk, At Naharkatiya Field, Work on a live process line continued after the permit conditions changed without reauthorisation. The task was in its execution stage. The task was stopped and escalated for review.",1,"[""Work Authorisation""]",SYNTHETIC-DEMO-EVENT-SYN-DEMO-0480,calibration,false,true,Near Miss,Duliajan Field,Drilling,2025-02-02T08:00:00+05:30,ASCENSION_TEMPLATE_GENERATOR,"SYNTHETIC_DEVELOPMENT_ONLY; not a real incident, HSE label or validation record."
SYN-DEMO-0481,"While the task was under way, At Duliajan Field, Work on the process line resumed only after the changed conditions were reviewed and the permit was reauthorised. The task was in its preparation stage. The task was stopped and escalated for review.",0,"[""Work Authorisation""]",SYNTHETIC-DEMO-EVENT-SYN-DEMO-0481,test,false,true,Unsafe Condition,Moran Field,Production,2025-01-02T08:00:00+05:30,ASCENSION_TEMPLATE_GENERATOR,"SYNTHETIC_DEVELOPMENT_ONLY; not a real incident, HSE label or validation record."
SYN-DEMO-0482,"Following a toolbox talk, At Moran Field, Work on the process line resumed only after the changed conditions were reviewed and the permit was reauthorised. The task was in its preparation stage. The supervisor was notified and the area was made safe.",0,"[""Work Authorisation""]",SYNTHETIC-DEMO-EVENT-SYN-DEMO-0482,train,false,true,Unsafe Act,Digboi Refinery,Maintenance,2025-01-03T08:00:00+05:30,ASCENSION_TEMPLATE_GENERATOR,"SYNTHETIC_DEVELOPMENT_ONLY; not a real incident, HSE label or validation record."
SYN-DEMO-0483,"During routine operations, At Digboi Refinery, Work on the process line resumed only after the changed conditions were reviewed and the permit was reauthorised. The task was in its preparation stage. No injury was reported; the exposure pathway was documented for follow-up.",0,"[""Work Authorisation""]",SYNTHETIC-DEMO-EVENT-SYN-DEMO-0483,train,false,true,Incident,Naharkatiya Field,Projects,2025-01-04T08:00:00+05:30,ASCENSION_TEMPLATE_GENERATOR,"SYNTHETIC_DEVELOPMENT_ONLY; not a real incident, HSE label or validation record."
SYN-DEMO-0484,"At the start of the task, At Naharkatiya Field, Work on the process line resumed only after the changed conditions were reviewed and the permit was reauthorised. The task was in its preparation stage. The event was recorded for HSE review and corrective action.",0,"[""Work Authorisation""]",SYNTHETIC-DEMO-EVENT-SYN-DEMO-0484,train,false,true,Near Miss,Duliajan Field,Drilling,2025-01-05T08:00:00+05:30,ASCENSION_TEMPLATE_GENERATOR,"SYNTHETIC_DEVELOPMENT_ONLY; not a real incident, HSE label or validation record."
SYN-DEMO-0485,"During the shift handover, At Duliajan Field, Work on the process line resumed only after the changed conditions were reviewed and the permit was reauthorised. The task was in its preparation stage. The task was stopped and escalated for review.",0,"[""Work Authorisation""]",SYNTHETIC-DEMO-EVENT-SYN-DEMO-0485,train,false,true,Unsafe Condition,Moran Field,Production,2025-01-06T08:00:00+05:30,ASCENSION_TEMPLATE_GENERATOR,"SYNTHETIC_DEVELOPMENT_ONLY; not a real incident, HSE label or validation record."
SYN-DEMO-0486,"During planned work, At Moran Field, Work on the process line resumed only after the changed conditions were reviewed and the permit was reauthorised. The task was in its preparation stage. The supervisor was notified and the area was made safe.",0,"[""Work Authorisation""]",SYNTHETIC-DEMO-EVENT-SYN-DEMO-0486,train,false,true,Unsafe Act,Digboi Refinery,Maintenance,2025-01-07T08:00:00+05:30,ASCENSION_TEMPLATE_GENERATOR,"SYNTHETIC_DEVELOPMENT_ONLY; not a real incident, HSE label or validation record."
SYN-DEMO-0487,"While the task was under way, At Digboi Refinery, Work on the process line resumed only after the changed conditions were reviewed and the permit was reauthorised. The task was in its preparation stage. No injury was reported; the exposure pathway was documented for follow-up.",0,"[""Work Authorisation""]",SYNTHETIC-DEMO-EVENT-SYN-DEMO-0487,calibration,false,true,Incident,Naharkatiya Field,Projects,2025-01-08T08:00:00+05:30,ASCENSION_TEMPLATE_GENERATOR,"SYNTHETIC_DEVELOPMENT_ONLY; not a real incident, HSE label or validation record."
SYN-DEMO-0488,"Following a toolbox talk, At Naharkatiya Field, Work on the process line resumed only after the changed conditions were reviewed and the permit was reauthorised. The task was in its preparation stage. The event was recorded for HSE review and corrective action.",0,"[""Work Authorisation""]",SYNTHETIC-DEMO-EVENT-SYN-DEMO-0488,test,false,true,Near Miss,Duliajan Field,Drilling,2025-01-09T08:00:00+05:30,ASCENSION_TEMPLATE_GENERATOR,"SYNTHETIC_DEVELOPMENT_ONLY; not a real incident, HSE label or validation record."
SYN-DEMO-0489,"During routine operations, At Duliajan Field, Work on the process line resumed only after the changed conditions were reviewed and the permit was reauthorised. The task was in its preparation stage. The task was stopped and escalated for review.",0,"[""Work Authorisation""]",SYNTHETIC-DEMO-EVENT-SYN-DEMO-0489,train,false,true,Unsafe Condition,Moran Field,Production,2025-01-10T08:00:00+05:30,ASCENSION_TEMPLATE_GENERATOR,"SYNTHETIC_DEVELOPMENT_ONLY; not a real incident, HSE label or validation record."
SYN-DEMO-0490,"At the start of the task, At Moran Field, Work on the process line resumed only after the changed conditions were reviewed and the permit was reauthorised. The task was in its preparation stage. The supervisor was notified and the area was made safe.",0,"[""Work Authorisation""]",SYNTHETIC-DEMO-EVENT-SYN-DEMO-0490,train,false,true,Unsafe Act,Digboi Refinery,Maintenance,2025-01-11T08:00:00+05:30,ASCENSION_TEMPLATE_GENERATOR,"SYNTHETIC_DEVELOPMENT_ONLY; not a real incident, HSE label or validation record."
SYN-DEMO-0491,"During the shift handover, At Digboi Refinery, Work on the process line resumed only after the changed conditions were reviewed and the permit was reauthorised. The task was in its preparation stage. No injury was reported; the exposure pathway was documented for follow-up.",0,"[""Work Authorisation""]",SYNTHETIC-DEMO-EVENT-SYN-DEMO-0491,train,false,true,Incident,Naharkatiya Field,Projects,2025-01-12T08:00:00+05:30,ASCENSION_TEMPLATE_GENERATOR,"SYNTHETIC_DEVELOPMENT_ONLY; not a real incident, HSE label or validation record."
SYN-DEMO-0492,"During planned work, At Naharkatiya Field, Work on the process line resumed only after the changed conditions were reviewed and the permit was reauthorised. The task was in its preparation stage. The event was recorded for HSE review and corrective action.",0,"[""Work Authorisation""]",SYNTHETIC-DEMO-EVENT-SYN-DEMO-0492,train,false,true,Near Miss,Duliajan Field,Drilling,2025-01-13T08:00:00+05:30,ASCENSION_TEMPLATE_GENERATOR,"SYNTHETIC_DEVELOPMENT_ONLY; not a real incident, HSE label or validation record."
SYN-DEMO-0493,"While the task was under way, At Duliajan Field, Work on the process line resumed only after the changed conditions were reviewed and the permit was reauthorised. The task was in its positioning stage. The task was stopped and escalated for review.",0,"[""Work Authorisation""]",SYNTHETIC-DEMO-EVENT-SYN-DEMO-0493,train,false,true,Unsafe Condition,Moran Field,Production,2025-01-14T08:00:00+05:30,ASCENSION_TEMPLATE_GENERATOR,"SYNTHETIC_DEVELOPMENT_ONLY; not a real incident, HSE label or validation record."
SYN-DEMO-0494,"Following a toolbox talk, At Moran Field, Work on the process line resumed only after the changed conditions were reviewed and the permit was reauthorised. The task was in its positioning stage. The supervisor was notified and the area was made safe.",0,"[""Work Authorisation""]",SYNTHETIC-DEMO-EVENT-SYN-DEMO-0494,train,false,true,Unsafe Act,Digboi Refinery,Maintenance,2025-01-15T08:00:00+05:30,ASCENSION_TEMPLATE_GENERATOR,"SYNTHETIC_DEVELOPMENT_ONLY; not a real incident, HSE label or validation record."
SYN-DEMO-0495,"During routine operations, At Digboi Refinery, Work on the process line resumed only after the changed conditions were reviewed and the permit was reauthorised. The task was in its positioning stage. No injury was reported; the exposure pathway was documented for follow-up.",0,"[""Work Authorisation""]",SYNTHETIC-DEMO-EVENT-SYN-DEMO-0495,train,false,true,Incident,Naharkatiya Field,Projects,2025-01-16T08:00:00+05:30,ASCENSION_TEMPLATE_GENERATOR,"SYNTHETIC_DEVELOPMENT_ONLY; not a real incident, HSE label or validation record."
SYN-DEMO-0496,"At the start of the task, At Naharkatiya Field, Work on the process line resumed only after the changed conditions were reviewed and the permit was reauthorised. The task was in its positioning stage. The event was recorded for HSE review and corrective action.",0,"[""Work Authorisation""]",SYNTHETIC-DEMO-EVENT-SYN-DEMO-0496,train,false,true,Near Miss,Duliajan Field,Drilling,2025-01-17T08:00:00+05:30,ASCENSION_TEMPLATE_GENERATOR,"SYNTHETIC_DEVELOPMENT_ONLY; not a real incident, HSE label or validation record."
SYN-DEMO-0497,"During the shift handover, At Duliajan Field, Work on the process line resumed only after the changed conditions were reviewed and the permit was reauthorised. The task was in its positioning stage. The task was stopped and escalated for review.",0,"[""Work Authorisation""]",SYNTHETIC-DEMO-EVENT-SYN-DEMO-0497,validation,false,true,Unsafe Condition,Moran Field,Production,2025-01-18T08:00:00+05:30,ASCENSION_TEMPLATE_GENERATOR,"SYNTHETIC_DEVELOPMENT_ONLY; not a real incident, HSE label or validation record."
SYN-DEMO-0498,"During planned work, At Moran Field, Work on the process line resumed only after the changed conditions were reviewed and the permit was reauthorised. The task was in its positioning stage. The supervisor was notified and the area was made safe.",0,"[""Work Authorisation""]",SYNTHETIC-DEMO-EVENT-SYN-DEMO-0498,calibration,false,true,Unsafe Act,Digboi Refinery,Maintenance,2025-01-19T08:00:00+05:30,ASCENSION_TEMPLATE_GENERATOR,"SYNTHETIC_DEVELOPMENT_ONLY; not a real incident, HSE label or validation record."
SYN-DEMO-0499,"While the task was under way, At Digboi Refinery, Work on the process line resumed only after the changed conditions were reviewed and the permit was reauthorised. The task was in its positioning stage. No injury was reported; the exposure pathway was documented for follow-up.",0,"[""Work Authorisation""]",SYNTHETIC-DEMO-EVENT-SYN-DEMO-0499,train,false,true,Incident,Naharkatiya Field,Projects,2025-01-20T08:00:00+05:30,ASCENSION_TEMPLATE_GENERATOR,"SYNTHETIC_DEVELOPMENT_ONLY; not a real incident, HSE label or validation record."
SYN-DEMO-0500,"Following a toolbox talk, At Naharkatiya Field, Work on the process line resumed only after the changed conditions were reviewed and the permit was reauthorised. The task was in its positioning stage. The event was recorded for HSE review and corrective action.",0,"[""Work Authorisation""]",SYNTHETIC-DEMO-EVENT-SYN-DEMO-0500,train,false,true,Near Miss,Duliajan Field,Drilling,2025-01-21T08:00:00+05:30,ASCENSION_TEMPLATE_GENERATOR,"SYNTHETIC_DEVELOPMENT_ONLY; not a real incident, HSE label or validation record."
SYN-DEMO-0501,"During routine operations, At Duliajan Field, Work on the process line resumed only after the changed conditions were reviewed and the permit was reauthorised. The task was in its positioning stage. The task was stopped and escalated for review.",0,"[""Work Authorisation""]",SYNTHETIC-DEMO-EVENT-SYN-DEMO-0501,train,false,true,Unsafe Condition,Moran Field,Production,2025-01-22T08:00:00+05:30,ASCENSION_TEMPLATE_GENERATOR,"SYNTHETIC_DEVELOPMENT_ONLY; not a real incident, HSE label or validation record."
SYN-DEMO-0502,"At the start of the task, At Moran Field, Work on the process line resumed only after the changed conditions were reviewed and the permit was reauthorised. The task was in its positioning stage. The supervisor was notified and the area was made safe.",0,"[""Work Authorisation""]",SYNTHETIC-DEMO-EVENT-SYN-DEMO-0502,train,false,true,Unsafe Act,Digboi Refinery,Maintenance,2025-01-23T08:00:00+05:30,ASCENSION_TEMPLATE_GENERATOR,"SYNTHETIC_DEVELOPMENT_ONLY; not a real incident, HSE label or validation record."
SYN-DEMO-0503,"During the shift handover, At Digboi Refinery, Work on the process line resumed only after the changed conditions were reviewed and the permit was reauthorised. The task was in its positioning stage. No injury was reported; the exposure pathway was documented for follow-up.",0,"[""Work Authorisation""]",SYNTHETIC-DEMO-EVENT-SYN-DEMO-0503,train,false,true,Incident,Naharkatiya Field,Projects,2025-01-24T08:00:00+05:30,ASCENSION_TEMPLATE_GENERATOR,"SYNTHETIC_DEVELOPMENT_ONLY; not a real incident, HSE label or validation record."
SYN-DEMO-0504,"During planned work, At Naharkatiya Field, Work on the process line resumed only after the changed conditions were reviewed and the permit was reauthorised. The task was in its positioning stage. The event was recorded for HSE review and corrective action.",0,"[""Work Authorisation""]",SYNTHETIC-DEMO-EVENT-SYN-DEMO-0504,calibration,false,true,Near Miss,Duliajan Field,Drilling,2025-01-25T08:00:00+05:30,ASCENSION_TEMPLATE_GENERATOR,"SYNTHETIC_DEVELOPMENT_ONLY; not a real incident, HSE label or validation record."
SYN-DEMO-0505,"While the task was under way, At Duliajan Field, Work on the process line resumed only after the changed conditions were reviewed and the permit was reauthorised. The task was in its execution stage. The task was stopped and escalated for review.",0,"[""Work Authorisation""]",SYNTHETIC-DEMO-EVENT-SYN-DEMO-0505,train,false,true,Unsafe Condition,Moran Field,Production,2025-01-26T08:00:00+05:30,ASCENSION_TEMPLATE_GENERATOR,"SYNTHETIC_DEVELOPMENT_ONLY; not a real incident, HSE label or validation record."
SYN-DEMO-0506,"Following a toolbox talk, At Moran Field, Work on the process line resumed only after the changed conditions were reviewed and the permit was reauthorised. The task was in its execution stage. The supervisor was notified and the area was made safe.",0,"[""Work Authorisation""]",SYNTHETIC-DEMO-EVENT-SYN-DEMO-0506,validation,false,true,Unsafe Act,Digboi Refinery,Maintenance,2025-01-27T08:00:00+05:30,ASCENSION_TEMPLATE_GENERATOR,"SYNTHETIC_DEVELOPMENT_ONLY; not a real incident, HSE label or validation record."
SYN-DEMO-0507,"During routine operations, At Digboi Refinery, Work on the process line resumed only after the changed conditions were reviewed and the permit was reauthorised. The task was in its execution stage. No injury was reported; the exposure pathway was documented for follow-up.",0,"[""Work Authorisation""]",SYNTHETIC-DEMO-EVENT-SYN-DEMO-0507,test,false,true,Incident,Naharkatiya Field,Projects,2025-01-28T08:00:00+05:30,ASCENSION_TEMPLATE_GENERATOR,"SYNTHETIC_DEVELOPMENT_ONLY; not a real incident, HSE label or validation record."
SYN-DEMO-0508,"At the start of the task, At Naharkatiya Field, Work on the process line resumed only after the changed conditions were reviewed and the permit was reauthorised. The task was in its execution stage. The event was recorded for HSE review and corrective action.",0,"[""Work Authorisation""]",SYNTHETIC-DEMO-EVENT-SYN-DEMO-0508,test,false,true,Near Miss,Duliajan Field,Drilling,2025-01-29T08:00:00+05:30,ASCENSION_TEMPLATE_GENERATOR,"SYNTHETIC_DEVELOPMENT_ONLY; not a real incident, HSE label or validation record."
SYN-DEMO-0509,"During the shift handover, At Duliajan Field, Work on the process line resumed only after the changed conditions were reviewed and the permit was reauthorised. The task was in its execution stage. The task was stopped and escalated for review.",0,"[""Work Authorisation""]",SYNTHETIC-DEMO-EVENT-SYN-DEMO-0509,train,false,true,Unsafe Condition,Moran Field,Production,2025-01-30T08:00:00+05:30,ASCENSION_TEMPLATE_GENERATOR,"SYNTHETIC_DEVELOPMENT_ONLY; not a real incident, HSE label or validation record."
SYN-DEMO-0510,"During planned work, At Moran Field, Work on the process line resumed only after the changed conditions were reviewed and the permit was reauthorised. The task was in its execution stage. The supervisor was notified and the area was made safe.",0,"[""Work Authorisation""]",SYNTHETIC-DEMO-EVENT-SYN-DEMO-0510,test,false,true,Unsafe Act,Digboi Refinery,Maintenance,2025-01-31T08:00:00+05:30,ASCENSION_TEMPLATE_GENERATOR,"SYNTHETIC_DEVELOPMENT_ONLY; not a real incident, HSE label or validation record."
SYN-DEMO-0511,"While the task was under way, At Digboi Refinery, Work on the process line resumed only after the changed conditions were reviewed and the permit was reauthorised. The task was in its execution stage. No injury was reported; the exposure pathway was documented for follow-up.",0,"[""Work Authorisation""]",SYNTHETIC-DEMO-EVENT-SYN-DEMO-0511,train,false,true,Incident,Naharkatiya Field,Projects,2025-02-01T08:00:00+05:30,ASCENSION_TEMPLATE_GENERATOR,"SYNTHETIC_DEVELOPMENT_ONLY; not a real incident, HSE label or validation record."
SYN-DEMO-0512,"Following a toolbox talk, At Naharkatiya Field, Work on the process line resumed only after the changed conditions were reviewed and the permit was reauthorised. The task was in its execution stage. The event was recorded for HSE review and corrective action.",0,"[""Work Authorisation""]",SYNTHETIC-DEMO-EVENT-SYN-DEMO-0512,train,false,true,Near Miss,Duliajan Field,Drilling,2025-02-02T08:00:00+05:30,ASCENSION_TEMPLATE_GENERATOR,"SYNTHETIC_DEVELOPMENT_ONLY; not a real incident, HSE label or validation record."
SYN-DEMO-0513,"Following a toolbox talk, At Moran Field, A worker worked at an open elevated edge without a connected fall-arrest system. The task was in its preparation stage. The supervisor was notified and the area was made safe.",1,"[""Working at Height""]",SYNTHETIC-DEMO-EVENT-SYN-DEMO-0513,validation,false,true,Unsafe Condition,Moran Field,Production,2025-01-02T08:00:00+05:30,ASCENSION_TEMPLATE_GENERATOR,"SYNTHETIC_DEVELOPMENT_ONLY; not a real incident, HSE label or validation record."
SYN-DEMO-0514,"During routine operations, At Digboi Refinery, A worker worked at an open elevated edge without a connected fall-arrest system. The task was in its preparation stage. No injury was reported; the exposure pathway was documented for follow-up.",1,"[""Working at Height""]",SYNTHETIC-DEMO-EVENT-SYN-DEMO-0514,test,false,true,Unsafe Act,Digboi Refinery,Maintenance,2025-01-03T08:00:00+05:30,ASCENSION_TEMPLATE_GENERATOR,"SYNTHETIC_DEVELOPMENT_ONLY; not a real incident, HSE label or validation record."
SYN-DEMO-0515,"At the start of the task, At Naharkatiya Field, A worker worked at an open elevated edge without a connected fall-arrest system. The task was in its preparation stage. The event was recorded for HSE review and corrective action.",1,"[""Working at Height""]",SYNTHETIC-DEMO-EVENT-SYN-DEMO-0515,validation,false,true,Incident,Naharkatiya Field,Projects,2025-01-04T08:00:00+05:30,ASCENSION_TEMPLATE_GENERATOR,"SYNTHETIC_DEVELOPMENT_ONLY; not a real incident, HSE label or validation record."
SYN-DEMO-0516,"During the shift handover, At Duliajan Field, A worker worked at an open elevated edge without a connected fall-arrest system. The task was in its preparation stage. The task was stopped and escalated for review.",1,"[""Working at Height""]",SYNTHETIC-DEMO-EVENT-SYN-DEMO-0516,calibration,false,true,Near Miss,Duliajan Field,Drilling,2025-01-05T08:00:00+05:30,ASCENSION_TEMPLATE_GENERATOR,"SYNTHETIC_DEVELOPMENT_ONLY; not a real incident, HSE label or validation record."
SYN-DEMO-0517,"During planned work, At Moran Field, A worker worked at an open elevated edge without a connected fall-arrest system. The task was in its preparation stage. The supervisor was notified and the area was made safe.",1,"[""Working at Height""]",SYNTHETIC-DEMO-EVENT-SYN-DEMO-0517,validation,false,true,Unsafe Condition,Moran Field,Production,2025-01-06T08:00:00+05:30,ASCENSION_TEMPLATE_GENERATOR,"SYNTHETIC_DEVELOPMENT_ONLY; not a real incident, HSE label or validation record."
SYN-DEMO-0518,"While the task was under way, At Digboi Refinery, A worker worked at an open elevated edge without a connected fall-arrest system. The task was in its preparation stage. No injury was reported; the exposure pathway was documented for follow-up.",1,"[""Working at Height""]",SYNTHETIC-DEMO-EVENT-SYN-DEMO-0518,validation,false,true,Unsafe Act,Digboi Refinery,Maintenance,2025-01-07T08:00:00+05:30,ASCENSION_TEMPLATE_GENERATOR,"SYNTHETIC_DEVELOPMENT_ONLY; not a real incident, HSE label or validation record."
SYN-DEMO-0519,"Following a toolbox talk, At Naharkatiya Field, A worker worked at an open elevated edge without a connected fall-arrest system. The task was in its preparation stage. The event was recorded for HSE review and corrective action.",1,"[""Working at Height""]",SYNTHETIC-DEMO-EVENT-SYN-DEMO-0519,train,false,true,Incident,Naharkatiya Field,Projects,2025-01-08T08:00:00+05:30,ASCENSION_TEMPLATE_GENERATOR,"SYNTHETIC_DEVELOPMENT_ONLY; not a real incident, HSE label or validation record."
SYN-DEMO-0520,"During routine operations, At Duliajan Field, A worker worked at an open elevated edge without a connected fall-arrest system. The task was in its preparation stage. The task was stopped and escalated for review.",1,"[""Working at Height""]",SYNTHETIC-DEMO-EVENT-SYN-DEMO-0520,train,false,true,Near Miss,Duliajan Field,Drilling,2025-01-09T08:00:00+05:30,ASCENSION_TEMPLATE_GENERATOR,"SYNTHETIC_DEVELOPMENT_ONLY; not a real incident, HSE label or validation record."
SYN-DEMO-0521,"At the start of the task, At Moran Field, A worker worked at an open elevated edge without a connected fall-arrest system. The task was in its preparation stage. The supervisor was notified and the area was made safe.",1,"[""Working at Height""]",SYNTHETIC-DEMO-EVENT-SYN-DEMO-0521,train,false,true,Unsafe Condition,Moran Field,Production,2025-01-10T08:00:00+05:30,ASCENSION_TEMPLATE_GENERATOR,"SYNTHETIC_DEVELOPMENT_ONLY; not a real incident, HSE label or validation record."
SYN-DEMO-0522,"During the shift handover, At Digboi Refinery, A worker worked at an open elevated edge without a connected fall-arrest system. The task was in its preparation stage. No injury was reported; the exposure pathway was documented for follow-up.",1,"[""Working at Height""]",SYNTHETIC-DEMO-EVENT-SYN-DEMO-0522,train,false,true,Unsafe Act,Digboi Refinery,Maintenance,2025-01-11T08:00:00+05:30,ASCENSION_TEMPLATE_GENERATOR,"SYNTHETIC_DEVELOPMENT_ONLY; not a real incident, HSE label or validation record."
SYN-DEMO-0523,"During planned work, At Naharkatiya Field, A worker worked at an open elevated edge without a connected fall-arrest system. The task was in its preparation stage. The event was recorded for HSE review and corrective action.",1,"[""Working at Height""]",SYNTHETIC-DEMO-EVENT-SYN-DEMO-0523,train,false,true,Incident,Naharkatiya Field,Projects,2025-01-12T08:00:00+05:30,ASCENSION_TEMPLATE_GENERATOR,"SYNTHETIC_DEVELOPMENT_ONLY; not a real incident, HSE label or validation record."
SYN-DEMO-0524,"While the task was under way, At Duliajan Field, A worker worked at an open elevated edge without a connected fall-arrest system. The task was in its preparation stage. The task was stopped and escalated for review.",1,"[""Working at Height""]",SYNTHETIC-DEMO-EVENT-SYN-DEMO-0524,train,false,true,Near Miss,Duliajan Field,Drilling,2025-01-13T08:00:00+05:30,ASCENSION_TEMPLATE_GENERATOR,"SYNTHETIC_DEVELOPMENT_ONLY; not a real incident, HSE label or validation record."
SYN-DEMO-0525,"Following a toolbox talk, At Moran Field, A worker worked at an open elevated edge without a connected fall-arrest system. The task was in its positioning stage. The supervisor was notified and the area was made safe.",1,"[""Working at Height""]",SYNTHETIC-DEMO-EVENT-SYN-DEMO-0525,train,false,true,Unsafe Condition,Moran Field,Production,2025-01-14T08:00:00+05:30,ASCENSION_TEMPLATE_GENERATOR,"SYNTHETIC_DEVELOPMENT_ONLY; not a real incident, HSE label or validation record."
SYN-DEMO-0526,"During routine operations, At Digboi Refinery, A worker worked at an open elevated edge without a connected fall-arrest system. The task was in its positioning stage. No injury was reported; the exposure pathway was documented for follow-up.",1,"[""Working at Height""]",SYNTHETIC-DEMO-EVENT-SYN-DEMO-0526,train,false,true,Unsafe Act,Digboi Refinery,Maintenance,2025-01-15T08:00:00+05:30,ASCENSION_TEMPLATE_GENERATOR,"SYNTHETIC_DEVELOPMENT_ONLY; not a real incident, HSE label or validation record."
SYN-DEMO-0527,"At the start of the task, At Naharkatiya Field, A worker worked at an open elevated edge without a connected fall-arrest system. The task was in its positioning stage. The event was recorded for HSE review and corrective action.",1,"[""Working at Height""]",SYNTHETIC-DEMO-EVENT-SYN-DEMO-0527,train,false,true,Incident,Naharkatiya Field,Projects,2025-01-16T08:00:00+05:30,ASCENSION_TEMPLATE_GENERATOR,"SYNTHETIC_DEVELOPMENT_ONLY; not a real incident, HSE label or validation record."
SYN-DEMO-0528,"During the shift handover, At Duliajan Field, A worker worked at an open elevated edge without a connected fall-arrest system. The task was in its positioning stage. The task was stopped and escalated for review.",1,"[""Working at Height""]",SYNTHETIC-DEMO-EVENT-SYN-DEMO-0528,train,false,true,Near Miss,Duliajan Field,Drilling,2025-01-17T08:00:00+05:30,ASCENSION_TEMPLATE_GENERATOR,"SYNTHETIC_DEVELOPMENT_ONLY; not a real incident, HSE label or validation record."
SYN-DEMO-0529,"During planned work, At Moran Field, A worker worked at an open elevated edge without a connected fall-arrest system. The task was in its positioning stage. The supervisor was notified and the area was made safe.",1,"[""Working at Height""]",SYNTHETIC-DEMO-EVENT-SYN-DEMO-0529,test,false,true,Unsafe Condition,Moran Field,Production,2025-01-18T08:00:00+05:30,ASCENSION_TEMPLATE_GENERATOR,"SYNTHETIC_DEVELOPMENT_ONLY; not a real incident, HSE label or validation record."
SYN-DEMO-0530,"While the task was under way, At Digboi Refinery, A worker worked at an open elevated edge without a connected fall-arrest system. The task was in its positioning stage. No injury was reported; the exposure pathway was documented for follow-up.",1,"[""Working at Height""]",SYNTHETIC-DEMO-EVENT-SYN-DEMO-0530,train,false,true,Unsafe Act,Digboi Refinery,Maintenance,2025-01-19T08:00:00+05:30,ASCENSION_TEMPLATE_GENERATOR,"SYNTHETIC_DEVELOPMENT_ONLY; not a real incident, HSE label or validation record."
SYN-DEMO-0531,"Following a toolbox talk, At Naharkatiya Field, A worker worked at an open elevated edge without a connected fall-arrest system. The task was in its positioning stage. The event was recorded for HSE review and corrective action.",1,"[""Working at Height""]",SYNTHETIC-DEMO-EVENT-SYN-DEMO-0531,train,false,true,Incident,Naharkatiya Field,Projects,2025-01-20T08:00:00+05:30,ASCENSION_TEMPLATE_GENERATOR,"SYNTHETIC_DEVELOPMENT_ONLY; not a real incident, HSE label or validation record."
SYN-DEMO-0532,"During routine operations, At Duliajan Field, A worker worked at an open elevated edge without a connected fall-arrest system. The task was in its positioning stage. The task was stopped and escalated for review.",1,"[""Working at Height""]",SYNTHETIC-DEMO-EVENT-SYN-DEMO-0532,train,false,true,Near Miss,Duliajan Field,Drilling,2025-01-21T08:00:00+05:30,ASCENSION_TEMPLATE_GENERATOR,"SYNTHETIC_DEVELOPMENT_ONLY; not a real incident, HSE label or validation record."
SYN-DEMO-0533,"At the start of the task, At Moran Field, A worker worked at an open elevated edge without a connected fall-arrest system. The task was in its positioning stage. The supervisor was notified and the area was made safe.",1,"[""Working at Height""]",SYNTHETIC-DEMO-EVENT-SYN-DEMO-0533,calibration,false,true,Unsafe Condition,Moran Field,Production,2025-01-22T08:00:00+05:30,ASCENSION_TEMPLATE_GENERATOR,"SYNTHETIC_DEVELOPMENT_ONLY; not a real incident, HSE label or validation record."
SYN-DEMO-0534,"During the shift handover, At Digboi Refinery, A worker worked at an open elevated edge without a connected fall-arrest system. The task was in its positioning stage. No injury was reported; the exposure pathway was documented for follow-up.",1,"[""Working at Height""]",SYNTHETIC-DEMO-EVENT-SYN-DEMO-0534,validation,false,true,Unsafe Act,Digboi Refinery,Maintenance,2025-01-23T08:00:00+05:30,ASCENSION_TEMPLATE_GENERATOR,"SYNTHETIC_DEVELOPMENT_ONLY; not a real incident, HSE label or validation record."
SYN-DEMO-0535,"During planned work, At Naharkatiya Field, A worker worked at an open elevated edge without a connected fall-arrest system. The task was in its positioning stage. The event was recorded for HSE review and corrective action.",1,"[""Working at Height""]",SYNTHETIC-DEMO-EVENT-SYN-DEMO-0535,train,false,true,Incident,Naharkatiya Field,Projects,2025-01-24T08:00:00+05:30,ASCENSION_TEMPLATE_GENERATOR,"SYNTHETIC_DEVELOPMENT_ONLY; not a real incident, HSE label or validation record."
SYN-DEMO-0536,"While the task was under way, At Duliajan Field, A worker worked at an open elevated edge without a connected fall-arrest system. The task was in its positioning stage. The task was stopped and escalated for review.",1,"[""Working at Height""]",SYNTHETIC-DEMO-EVENT-SYN-DEMO-0536,calibration,false,true,Near Miss,Duliajan Field,Drilling,2025-01-25T08:00:00+05:30,ASCENSION_TEMPLATE_GENERATOR,"SYNTHETIC_DEVELOPMENT_ONLY; not a real incident, HSE label or validation record."
SYN-DEMO-0537,"Following a toolbox talk, At Moran Field, A worker worked at an open elevated edge without a connected fall-arrest system. The task was in its execution stage. The supervisor was notified and the area was made safe.",1,"[""Working at Height""]",SYNTHETIC-DEMO-EVENT-SYN-DEMO-0537,train,false,true,Unsafe Condition,Moran Field,Production,2025-01-26T08:00:00+05:30,ASCENSION_TEMPLATE_GENERATOR,"SYNTHETIC_DEVELOPMENT_ONLY; not a real incident, HSE label or validation record."
SYN-DEMO-0538,"During routine operations, At Digboi Refinery, A worker worked at an open elevated edge without a connected fall-arrest system. The task was in its execution stage. No injury was reported; the exposure pathway was documented for follow-up.",1,"[""Working at Height""]",SYNTHETIC-DEMO-EVENT-SYN-DEMO-0538,train,false,true,Unsafe Act,Digboi Refinery,Maintenance,2025-01-27T08:00:00+05:30,ASCENSION_TEMPLATE_GENERATOR,"SYNTHETIC_DEVELOPMENT_ONLY; not a real incident, HSE label or validation record."
SYN-DEMO-0539,"At the start of the task, At Naharkatiya Field, A worker worked at an open elevated edge without a connected fall-arrest system. The task was in its execution stage. The event was recorded for HSE review and corrective action.",1,"[""Working at Height""]",SYNTHETIC-DEMO-EVENT-SYN-DEMO-0539,train,false,true,Incident,Naharkatiya Field,Projects,2025-01-28T08:00:00+05:30,ASCENSION_TEMPLATE_GENERATOR,"SYNTHETIC_DEVELOPMENT_ONLY; not a real incident, HSE label or validation record."
SYN-DEMO-0540,"During the shift handover, At Duliajan Field, A worker worked at an open elevated edge without a connected fall-arrest system. The task was in its execution stage. The task was stopped and escalated for review.",1,"[""Working at Height""]",SYNTHETIC-DEMO-EVENT-SYN-DEMO-0540,train,false,true,Near Miss,Duliajan Field,Drilling,2025-01-29T08:00:00+05:30,ASCENSION_TEMPLATE_GENERATOR,"SYNTHETIC_DEVELOPMENT_ONLY; not a real incident, HSE label or validation record."
SYN-DEMO-0541,"During planned work, At Moran Field, A worker worked at an open elevated edge without a connected fall-arrest system. The task was in its execution stage. The supervisor was notified and the area was made safe.",1,"[""Working at Height""]",SYNTHETIC-DEMO-EVENT-SYN-DEMO-0541,train,false,true,Unsafe Condition,Moran Field,Production,2025-01-30T08:00:00+05:30,ASCENSION_TEMPLATE_GENERATOR,"SYNTHETIC_DEVELOPMENT_ONLY; not a real incident, HSE label or validation record."
SYN-DEMO-0542,"While the task was under way, At Digboi Refinery, A worker worked at an open elevated edge without a connected fall-arrest system. The task was in its execution stage. No injury was reported; the exposure pathway was documented for follow-up.",1,"[""Working at Height""]",SYNTHETIC-DEMO-EVENT-SYN-DEMO-0542,test,false,true,Unsafe Act,Digboi Refinery,Maintenance,2025-01-31T08:00:00+05:30,ASCENSION_TEMPLATE_GENERATOR,"SYNTHETIC_DEVELOPMENT_ONLY; not a real incident, HSE label or validation record."
SYN-DEMO-0543,"Following a toolbox talk, At Naharkatiya Field, A worker worked at an open elevated edge without a connected fall-arrest system. The task was in its execution stage. The event was recorded for HSE review and corrective action.",1,"[""Working at Height""]",SYNTHETIC-DEMO-EVENT-SYN-DEMO-0543,train,false,true,Incident,Naharkatiya Field,Projects,2025-02-01T08:00:00+05:30,ASCENSION_TEMPLATE_GENERATOR,"SYNTHETIC_DEVELOPMENT_ONLY; not a real incident, HSE label or validation record."
SYN-DEMO-0544,"During routine operations, At Duliajan Field, A worker worked at an open elevated edge without a connected fall-arrest system. The task was in its execution stage. The task was stopped and escalated for review.",1,"[""Working at Height""]",SYNTHETIC-DEMO-EVENT-SYN-DEMO-0544,train,false,true,Near Miss,Duliajan Field,Drilling,2025-02-02T08:00:00+05:30,ASCENSION_TEMPLATE_GENERATOR,"SYNTHETIC_DEVELOPMENT_ONLY; not a real incident, HSE label or validation record."
SYN-DEMO-0545,"Following a toolbox talk, At Moran Field, A worker used a connected fall-arrest system and inspected the edge protection before work at height began. The task was in its preparation stage. The task was stopped and escalated for review.",0,"[""Working at Height""]",SYNTHETIC-DEMO-EVENT-SYN-DEMO-0545,train,false,true,Unsafe Condition,Moran Field,Production,2025-01-02T08:00:00+05:30,ASCENSION_TEMPLATE_GENERATOR,"SYNTHETIC_DEVELOPMENT_ONLY; not a real incident, HSE label or validation record."
SYN-DEMO-0546,"During routine operations, At Digboi Refinery, A worker used a connected fall-arrest system and inspected the edge protection before work at height began. The task was in its preparation stage. The supervisor was notified and the area was made safe.",0,"[""Working at Height""]",SYNTHETIC-DEMO-EVENT-SYN-DEMO-0546,validation,false,true,Unsafe Act,Digboi Refinery,Maintenance,2025-01-03T08:00:00+05:30,ASCENSION_TEMPLATE_GENERATOR,"SYNTHETIC_DEVELOPMENT_ONLY; not a real incident, HSE label or validation record."
SYN-DEMO-0547,"At the start of the task, At Naharkatiya Field, A worker used a connected fall-arrest system and inspected the edge protection before work at height began. The task was in its preparation stage. No injury was reported; the exposure pathway was documented for follow-up.",0,"[""Working at Height""]",SYNTHETIC-DEMO-EVENT-SYN-DEMO-0547,train,false,true,Incident,Naharkatiya Field,Projects,2025-01-04T08:00:00+05:30,ASCENSION_TEMPLATE_GENERATOR,"SYNTHETIC_DEVELOPMENT_ONLY; not a real incident, HSE label or validation record."
SYN-DEMO-0548,"During the shift handover, At Duliajan Field, A worker used a connected fall-arrest system and inspected the edge protection before work at height began. The task was in its preparation stage. The event was recorded for HSE review and corrective action.",0,"[""Working at Height""]",SYNTHETIC-DEMO-EVENT-SYN-DEMO-0548,train,false,true,Near Miss,Duliajan Field,Drilling,2025-01-05T08:00:00+05:30,ASCENSION_TEMPLATE_GENERATOR,"SYNTHETIC_DEVELOPMENT_ONLY; not a real incident, HSE label or validation record."
SYN-DEMO-0549,"During planned work, At Moran Field, A worker used a connected fall-arrest system and inspected the edge protection before work at height began. The task was in its preparation stage. The task was stopped and escalated for review.",0,"[""Working at Height""]",SYNTHETIC-DEMO-EVENT-SYN-DEMO-0549,calibration,false,true,Unsafe Condition,Moran Field,Production,2025-01-06T08:00:00+05:30,ASCENSION_TEMPLATE_GENERATOR,"SYNTHETIC_DEVELOPMENT_ONLY; not a real incident, HSE label or validation record."
SYN-DEMO-0550,"While the task was under way, At Digboi Refinery, A worker used a connected fall-arrest system and inspected the edge protection before work at height began. The task was in its preparation stage. The supervisor was notified and the area was made safe.",0,"[""Working at Height""]",SYNTHETIC-DEMO-EVENT-SYN-DEMO-0550,train,false,true,Unsafe Act,Digboi Refinery,Maintenance,2025-01-07T08:00:00+05:30,ASCENSION_TEMPLATE_GENERATOR,"SYNTHETIC_DEVELOPMENT_ONLY; not a real incident, HSE label or validation record."
SYN-DEMO-0551,"Following a toolbox talk, At Naharkatiya Field, A worker used a connected fall-arrest system and inspected the edge protection before work at height began. The task was in its preparation stage. No injury was reported; the exposure pathway was documented for follow-up.",0,"[""Working at Height""]",SYNTHETIC-DEMO-EVENT-SYN-DEMO-0551,train,false,true,Incident,Naharkatiya Field,Projects,2025-01-08T08:00:00+05:30,ASCENSION_TEMPLATE_GENERATOR,"SYNTHETIC_DEVELOPMENT_ONLY; not a real incident, HSE label or validation record."
SYN-DEMO-0552,"During routine operations, At Duliajan Field, A worker used a connected fall-arrest system and inspected the edge protection before work at height began. The task was in its preparation stage. The event was recorded for HSE review and corrective action.",0,"[""Working at Height""]",SYNTHETIC-DEMO-EVENT-SYN-DEMO-0552,calibration,false,true,Near Miss,Duliajan Field,Drilling,2025-01-09T08:00:00+05:30,ASCENSION_TEMPLATE_GENERATOR,"SYNTHETIC_DEVELOPMENT_ONLY; not a real incident, HSE label or validation record."
SYN-DEMO-0553,"At the start of the task, At Moran Field, A worker used a connected fall-arrest system and inspected the edge protection before work at height began. The task was in its preparation stage. The task was stopped and escalated for review.",0,"[""Working at Height""]",SYNTHETIC-DEMO-EVENT-SYN-DEMO-0553,train,false,true,Unsafe Condition,Moran Field,Production,2025-01-10T08:00:00+05:30,ASCENSION_TEMPLATE_GENERATOR,"SYNTHETIC_DEVELOPMENT_ONLY; not a real incident, HSE label or validation record."
SYN-DEMO-0554,"During the shift handover, At Digboi Refinery, A worker used a connected fall-arrest system and inspected the edge protection before work at height began. The task was in its preparation stage. The supervisor was notified and the area was made safe.",0,"[""Working at Height""]",SYNTHETIC-DEMO-EVENT-SYN-DEMO-0554,train,false,true,Unsafe Act,Digboi Refinery,Maintenance,2025-01-11T08:00:00+05:30,ASCENSION_TEMPLATE_GENERATOR,"SYNTHETIC_DEVELOPMENT_ONLY; not a real incident, HSE label or validation record."
SYN-DEMO-0555,"During planned work, At Naharkatiya Field, A worker used a connected fall-arrest system and inspected the edge protection before work at height began. The task was in its preparation stage. No injury was reported; the exposure pathway was documented for follow-up.",0,"[""Working at Height""]",SYNTHETIC-DEMO-EVENT-SYN-DEMO-0555,train,false,true,Incident,Naharkatiya Field,Projects,2025-01-12T08:00:00+05:30,ASCENSION_TEMPLATE_GENERATOR,"SYNTHETIC_DEVELOPMENT_ONLY; not a real incident, HSE label or validation record."
SYN-DEMO-0556,"While the task was under way, At Duliajan Field, A worker used a connected fall-arrest system and inspected the edge protection before work at height began. The task was in its preparation stage. The event was recorded for HSE review and corrective action.",0,"[""Working at Height""]",SYNTHETIC-DEMO-EVENT-SYN-DEMO-0556,train,false,true,Near Miss,Duliajan Field,Drilling,2025-01-13T08:00:00+05:30,ASCENSION_TEMPLATE_GENERATOR,"SYNTHETIC_DEVELOPMENT_ONLY; not a real incident, HSE label or validation record."
SYN-DEMO-0557,"Following a toolbox talk, At Moran Field, A worker used a connected fall-arrest system and inspected the edge protection before work at height began. The task was in its positioning stage. The task was stopped and escalated for review.",0,"[""Working at Height""]",SYNTHETIC-DEMO-EVENT-SYN-DEMO-0557,validation,false,true,Unsafe Condition,Moran Field,Production,2025-01-14T08:00:00+05:30,ASCENSION_TEMPLATE_GENERATOR,"SYNTHETIC_DEVELOPMENT_ONLY; not a real incident, HSE label or validation record."
SYN-DEMO-0558,"During routine operations, At Digboi Refinery, A worker used a connected fall-arrest system and inspected the edge protection before work at height began. The task was in its positioning stage. The supervisor was notified and the area was made safe.",0,"[""Working at Height""]",SYNTHETIC-DEMO-EVENT-SYN-DEMO-0558,calibration,false,true,Unsafe Act,Digboi Refinery,Maintenance,2025-01-15T08:00:00+05:30,ASCENSION_TEMPLATE_GENERATOR,"SYNTHETIC_DEVELOPMENT_ONLY; not a real incident, HSE label or validation record."
SYN-DEMO-0559,"At the start of the task, At Naharkatiya Field, A worker used a connected fall-arrest system and inspected the edge protection before work at height began. The task was in its positioning stage. No injury was reported; the exposure pathway was documented for follow-up.",0,"[""Working at Height""]",SYNTHETIC-DEMO-EVENT-SYN-DEMO-0559,calibration,false,true,Incident,Naharkatiya Field,Projects,2025-01-16T08:00:00+05:30,ASCENSION_TEMPLATE_GENERATOR,"SYNTHETIC_DEVELOPMENT_ONLY; not a real incident, HSE label or validation record."
SYN-DEMO-0560,"During the shift handover, At Duliajan Field, A worker used a connected fall-arrest system and inspected the edge protection before work at height began. The task was in its positioning stage. The event was recorded for HSE review and corrective action.",0,"[""Working at Height""]",SYNTHETIC-DEMO-EVENT-SYN-DEMO-0560,train,false,true,Near Miss,Duliajan Field,Drilling,2025-01-17T08:00:00+05:30,ASCENSION_TEMPLATE_GENERATOR,"SYNTHETIC_DEVELOPMENT_ONLY; not a real incident, HSE label or validation record."
SYN-DEMO-0561,"During planned work, At Moran Field, A worker used a connected fall-arrest system and inspected the edge protection before work at height began. The task was in its positioning stage. The task was stopped and escalated for review.",0,"[""Working at Height""]",SYNTHETIC-DEMO-EVENT-SYN-DEMO-0561,calibration,false,true,Unsafe Condition,Moran Field,Production,2025-01-18T08:00:00+05:30,ASCENSION_TEMPLATE_GENERATOR,"SYNTHETIC_DEVELOPMENT_ONLY; not a real incident, HSE label or validation record."
SYN-DEMO-0562,"While the task was under way, At Digboi Refinery, A worker used a connected fall-arrest system and inspected the edge protection before work at height began. The task was in its positioning stage. The supervisor was notified and the area was made safe.",0,"[""Working at Height""]",SYNTHETIC-DEMO-EVENT-SYN-DEMO-0562,train,false,true,Unsafe Act,Digboi Refinery,Maintenance,2025-01-19T08:00:00+05:30,ASCENSION_TEMPLATE_GENERATOR,"SYNTHETIC_DEVELOPMENT_ONLY; not a real incident, HSE label or validation record."
SYN-DEMO-0563,"Following a toolbox talk, At Naharkatiya Field, A worker used a connected fall-arrest system and inspected the edge protection before work at height began. The task was in its positioning stage. No injury was reported; the exposure pathway was documented for follow-up.",0,"[""Working at Height""]",SYNTHETIC-DEMO-EVENT-SYN-DEMO-0563,calibration,false,true,Incident,Naharkatiya Field,Projects,2025-01-20T08:00:00+05:30,ASCENSION_TEMPLATE_GENERATOR,"SYNTHETIC_DEVELOPMENT_ONLY; not a real incident, HSE label or validation record."
SYN-DEMO-0564,"During routine operations, At Duliajan Field, A worker used a connected fall-arrest system and inspected the edge protection before work at height began. The task was in its positioning stage. The event was recorded for HSE review and corrective action.",0,"[""Working at Height""]",SYNTHETIC-DEMO-EVENT-SYN-DEMO-0564,train,false,true,Near Miss,Duliajan Field,Drilling,2025-01-21T08:00:00+05:30,ASCENSION_TEMPLATE_GENERATOR,"SYNTHETIC_DEVELOPMENT_ONLY; not a real incident, HSE label or validation record."
SYN-DEMO-0565,"At the start of the task, At Moran Field, A worker used a connected fall-arrest system and inspected the edge protection before work at height began. The task was in its positioning stage. The task was stopped and escalated for review.",0,"[""Working at Height""]",SYNTHETIC-DEMO-EVENT-SYN-DEMO-0565,train,false,true,Unsafe Condition,Moran Field,Production,2025-01-22T08:00:00+05:30,ASCENSION_TEMPLATE_GENERATOR,"SYNTHETIC_DEVELOPMENT_ONLY; not a real incident, HSE label or validation record."
SYN-DEMO-0566,"During the shift handover, At Digboi Refinery, A worker used a connected fall-arrest system and inspected the edge protection before work at height began. The task was in its positioning stage. The supervisor was notified and the area was made safe.",0,"[""Working at Height""]",SYNTHETIC-DEMO-EVENT-SYN-DEMO-0566,train,false,true,Unsafe Act,Digboi Refinery,Maintenance,2025-01-23T08:00:00+05:30,ASCENSION_TEMPLATE_GENERATOR,"SYNTHETIC_DEVELOPMENT_ONLY; not a real incident, HSE label or validation record."
SYN-DEMO-0567,"During planned work, At Naharkatiya Field, A worker used a connected fall-arrest system and inspected the edge protection before work at height began. The task was in its positioning stage. No injury was reported; the exposure pathway was documented for follow-up.",0,"[""Working at Height""]",SYNTHETIC-DEMO-EVENT-SYN-DEMO-0567,train,false,true,Incident,Naharkatiya Field,Projects,2025-01-24T08:00:00+05:30,ASCENSION_TEMPLATE_GENERATOR,"SYNTHETIC_DEVELOPMENT_ONLY; not a real incident, HSE label or validation record."
SYN-DEMO-0568,"While the task was under way, At Duliajan Field, A worker used a connected fall-arrest system and inspected the edge protection before work at height began. The task was in its positioning stage. The event was recorded for HSE review and corrective action.",0,"[""Working at Height""]",SYNTHETIC-DEMO-EVENT-SYN-DEMO-0568,train,false,true,Near Miss,Duliajan Field,Drilling,2025-01-25T08:00:00+05:30,ASCENSION_TEMPLATE_GENERATOR,"SYNTHETIC_DEVELOPMENT_ONLY; not a real incident, HSE label or validation record."
SYN-DEMO-0569,"Following a toolbox talk, At Moran Field, A worker used a connected fall-arrest system and inspected the edge protection before work at height began. The task was in its execution stage. The task was stopped and escalated for review.",0,"[""Working at Height""]",SYNTHETIC-DEMO-EVENT-SYN-DEMO-0569,test,false,true,Unsafe Condition,Moran Field,Production,2025-01-26T08:00:00+05:30,ASCENSION_TEMPLATE_GENERATOR,"SYNTHETIC_DEVELOPMENT_ONLY; not a real incident, HSE label or validation record."
SYN-DEMO-0570,"During routine operations, At Digboi Refinery, A worker used a connected fall-arrest system and inspected the edge protection before work at height began. The task was in its execution stage. The supervisor was notified and the area was made safe.",0,"[""Working at Height""]",SYNTHETIC-DEMO-EVENT-SYN-DEMO-0570,calibration,false,true,Unsafe Act,Digboi Refinery,Maintenance,2025-01-27T08:00:00+05:30,ASCENSION_TEMPLATE_GENERATOR,"SYNTHETIC_DEVELOPMENT_ONLY; not a real incident, HSE label or validation record."
SYN-DEMO-0571,"At the start of the task, At Naharkatiya Field, A worker used a connected fall-arrest system and inspected the edge protection before work at height began. The task was in its execution stage. No injury was reported; the exposure pathway was documented for follow-up.",0,"[""Working at Height""]",SYNTHETIC-DEMO-EVENT-SYN-DEMO-0571,train,false,true,Incident,Naharkatiya Field,Projects,2025-01-28T08:00:00+05:30,ASCENSION_TEMPLATE_GENERATOR,"SYNTHETIC_DEVELOPMENT_ONLY; not a real incident, HSE label or validation record."
SYN-DEMO-0572,"During the shift handover, At Duliajan Field, A worker used a connected fall-arrest system and inspected the edge protection before work at height began. The task was in its execution stage. The event was recorded for HSE review and corrective action.",0,"[""Working at Height""]",SYNTHETIC-DEMO-EVENT-SYN-DEMO-0572,validation,false,true,Near Miss,Duliajan Field,Drilling,2025-01-29T08:00:00+05:30,ASCENSION_TEMPLATE_GENERATOR,"SYNTHETIC_DEVELOPMENT_ONLY; not a real incident, HSE label or validation record."
SYN-DEMO-0573,"During planned work, At Moran Field, A worker used a connected fall-arrest system and inspected the edge protection before work at height began. The task was in its execution stage. The task was stopped and escalated for review.",0,"[""Working at Height""]",SYNTHETIC-DEMO-EVENT-SYN-DEMO-0573,train,false,true,Unsafe Condition,Moran Field,Production,2025-01-30T08:00:00+05:30,ASCENSION_TEMPLATE_GENERATOR,"SYNTHETIC_DEVELOPMENT_ONLY; not a real incident, HSE label or validation record."
SYN-DEMO-0574,"While the task was under way, At Digboi Refinery, A worker used a connected fall-arrest system and inspected the edge protection before work at height began. The task was in its execution stage. The supervisor was notified and the area was made safe.",0,"[""Working at Height""]",SYNTHETIC-DEMO-EVENT-SYN-DEMO-0574,train,false,true,Unsafe Act,Digboi Refinery,Maintenance,2025-01-31T08:00:00+05:30,ASCENSION_TEMPLATE_GENERATOR,"SYNTHETIC_DEVELOPMENT_ONLY; not a real incident, HSE label or validation record."
SYN-DEMO-0575,"Following a toolbox talk, At Naharkatiya Field, A worker used a connected fall-arrest system and inspected the edge protection before work at height began. The task was in its execution stage. No injury was reported; the exposure pathway was documented for follow-up.",0,"[""Working at Height""]",SYNTHETIC-DEMO-EVENT-SYN-DEMO-0575,calibration,false,true,Incident,Naharkatiya Field,Projects,2025-02-01T08:00:00+05:30,ASCENSION_TEMPLATE_GENERATOR,"SYNTHETIC_DEVELOPMENT_ONLY; not a real incident, HSE label or validation record."
SYN-DEMO-0576,"During routine operations, At Duliajan Field, A worker used a connected fall-arrest system and inspected the edge protection before work at height began. The task was in its execution stage. The event was recorded for HSE review and corrective action.",0,"[""Working at Height""]",SYNTHETIC-DEMO-EVENT-SYN-DEMO-0576,test,false,true,Near Miss,Duliajan Field,Drilling,2025-02-02T08:00:00+05:30,ASCENSION_TEMPLATE_GENERATOR,"SYNTHETIC_DEVELOPMENT_ONLY; not a real incident, HSE label or validation record."
SYN-DEMO-0577,"During the shift handover, Maintenance started on a pump after an isolation was removed, exposing the mechanic to unexpected energisation. A worker placed a hand between moving equipment and a fixed support during alignment. The task took place at Duliajan Field. The task was in its preparation stage. The task was stopped and escalated for review.",1,"[""Energy Isolation"", ""Line of Fire""]",SYNTHETIC-DEMO-EVENT-SYN-DEMO-0577,validation,false,true,Unsafe Condition,Moran Field,Production,2025-01-02T08:00:00+05:30,ASCENSION_TEMPLATE_GENERATOR,"SYNTHETIC_DEVELOPMENT_ONLY; not a real incident, HSE label or validation record."
SYN-DEMO-0578,"During planned work, Maintenance on the pump started only after lockout, tags and zero-energy verification were completed. The worker used a positioning tool and remained clear of the pinch point during alignment. The task took place at Moran Field. The task was in its preparation stage. The supervisor was notified and the area was made safe.",0,"[""Energy Isolation"", ""Line of Fire""]",SYNTHETIC-DEMO-EVENT-SYN-DEMO-0578,train,false,true,Unsafe Condition,Moran Field,Production,2025-01-02T08:00:00+05:30,ASCENSION_TEMPLATE_GENERATOR,"SYNTHETIC_DEVELOPMENT_ONLY; not a real incident, HSE label or validation record."
SYN-DEMO-0579,"During planned work, Maintenance started on a pump after an isolation was removed, exposing the mechanic to unexpected energisation. A worker placed a hand between moving equipment and a fixed support during alignment. The task took place at Moran Field. The task was in its preparation stage. The supervisor was notified and the area was made safe.",1,"[""Energy Isolation"", ""Line of Fire""]",SYNTHETIC-DEMO-EVENT-SYN-DEMO-0579,train,false,true,Unsafe Act,Digboi Refinery,Maintenance,2025-01-03T08:00:00+05:30,ASCENSION_TEMPLATE_GENERATOR,"SYNTHETIC_DEVELOPMENT_ONLY; not a real incident, HSE label or validation record."
SYN-DEMO-0580,"While the task was under way, Maintenance on the pump started only after lockout, tags and zero-energy verification were completed. The worker used a positioning tool and remained clear of the pinch point during alignment. The task took place at Digboi Refinery. The task was in its preparation stage. No injury was reported; the exposure pathway was documented for follow-up.",0,"[""Energy Isolation"", ""Line of Fire""]",SYNTHETIC-DEMO-EVENT-SYN-DEMO-0580,validation,false,true,Unsafe Act,Digboi Refinery,Maintenance,2025-01-03T08:00:00+05:30,ASCENSION_TEMPLATE_GENERATOR,"SYNTHETIC_DEVELOPMENT_ONLY; not a real incident, HSE label or validation record."
SYN-DEMO-0581,"While the task was under way, Maintenance started on a pump after an isolation was removed, exposing the mechanic to unexpected energisation. A worker placed a hand between moving equipment and a fixed support during alignment. The task took place at Digboi Refinery. The task was in its preparation stage. No injury was reported; the exposure pathway was documented for follow-up.",1,"[""Energy Isolation"", ""Line of Fire""]",SYNTHETIC-DEMO-EVENT-SYN-DEMO-0581,validation,false,true,Incident,Naharkatiya Field,Projects,2025-01-04T08:00:00+05:30,ASCENSION_TEMPLATE_GENERATOR,"SYNTHETIC_DEVELOPMENT_ONLY; not a real incident, HSE label or validation record."
SYN-DEMO-0582,"Following a toolbox talk, Maintenance on the pump started only after lockout, tags and zero-energy verification were completed. The worker used a positioning tool and remained clear of the pinch point during alignment. The task took place at Naharkatiya Field. The task was in its preparation stage. The event was recorded for HSE review and corrective action.",0,"[""Energy Isolation"", ""Line of Fire""]",SYNTHETIC-DEMO-EVENT-SYN-DEMO-0582,train,false,true,Incident,Naharkatiya Field,Projects,2025-01-04T08:00:00+05:30,ASCENSION_TEMPLATE_GENERATOR,"SYNTHETIC_DEVELOPMENT_ONLY; not a real incident, HSE label or validation record."
SYN-DEMO-0583,"Following a toolbox talk, Maintenance started on a pump after an isolation was removed, exposing the mechanic to unexpected energisation. A worker placed a hand between moving equipment and a fixed support during alignment. The task took place at Naharkatiya Field. The task was in its preparation stage. The event was recorded for HSE review and corrective action.",1,"[""Energy Isolation"", ""Line of Fire""]",SYNTHETIC-DEMO-EVENT-SYN-DEMO-0583,train,false,true,Near Miss,Duliajan Field,Drilling,2025-01-05T08:00:00+05:30,ASCENSION_TEMPLATE_GENERATOR,"SYNTHETIC_DEVELOPMENT_ONLY; not a real incident, HSE label or validation record."
SYN-DEMO-0584,"During routine operations, Maintenance on the pump started only after lockout, tags and zero-energy verification were completed. The worker used a positioning tool and remained clear of the pinch point during alignment. The task took place at Duliajan Field. The task was in its preparation stage. The task was stopped and escalated for review.",0,"[""Energy Isolation"", ""Line of Fire""]",SYNTHETIC-DEMO-EVENT-SYN-DEMO-0584,test,false,true,Near Miss,Duliajan Field,Drilling,2025-01-05T08:00:00+05:30,ASCENSION_TEMPLATE_GENERATOR,"SYNTHETIC_DEVELOPMENT_ONLY; not a real incident, HSE label or validation record."
SYN-DEMO-0585,"During routine operations, Maintenance started on a pump after an isolation was removed, exposing the mechanic to unexpected energisation. A worker placed a hand between moving equipment and a fixed support during alignment. The task took place at Duliajan Field. The task was in its preparation stage. The task was stopped and escalated for review.",1,"[""Energy Isolation"", ""Line of Fire""]",SYNTHETIC-DEMO-EVENT-SYN-DEMO-0585,train,false,true,Unsafe Condition,Moran Field,Production,2025-01-06T08:00:00+05:30,ASCENSION_TEMPLATE_GENERATOR,"SYNTHETIC_DEVELOPMENT_ONLY; not a real incident, HSE label or validation record."
SYN-DEMO-0586,"At the start of the task, Maintenance on the pump started only after lockout, tags and zero-energy verification were completed. The worker used a positioning tool and remained clear of the pinch point during alignment. The task took place at Moran Field. The task was in its preparation stage. The supervisor was notified and the area was made safe.",0,"[""Energy Isolation"", ""Line of Fire""]",SYNTHETIC-DEMO-EVENT-SYN-DEMO-0586,train,false,true,Unsafe Condition,Moran Field,Production,2025-01-06T08:00:00+05:30,ASCENSION_TEMPLATE_GENERATOR,"SYNTHETIC_DEVELOPMENT_ONLY; not a real incident, HSE label or validation record."
SYN-DEMO-0587,"At the start of the task, Maintenance started on a pump after an isolation was removed, exposing the mechanic to unexpected energisation. A worker placed a hand between moving equipment and a fixed support during alignment. The task took place at Moran Field. The task was in its preparation stage. The supervisor was notified and the area was made safe.",1,"[""Energy Isolation"", ""Line of Fire""]",SYNTHETIC-DEMO-EVENT-SYN-DEMO-0587,train,false,true,Unsafe Act,Digboi Refinery,Maintenance,2025-01-07T08:00:00+05:30,ASCENSION_TEMPLATE_GENERATOR,"SYNTHETIC_DEVELOPMENT_ONLY; not a real incident, HSE label or validation record."
SYN-DEMO-0588,"During the shift handover, Maintenance on the pump started only after lockout, tags and zero-energy verification were completed. The worker used a positioning tool and remained clear of the pinch point during alignment. The task took place at Digboi Refinery. The task was in its preparation stage. No injury was reported; the exposure pathway was documented for follow-up.",0,"[""Energy Isolation"", ""Line of Fire""]",SYNTHETIC-DEMO-EVENT-SYN-DEMO-0588,train,false,true,Unsafe Act,Digboi Refinery,Maintenance,2025-01-07T08:00:00+05:30,ASCENSION_TEMPLATE_GENERATOR,"SYNTHETIC_DEVELOPMENT_ONLY; not a real incident, HSE label or validation record."
SYN-DEMO-0589,"During the shift handover, Maintenance started on a pump after an isolation was removed, exposing the mechanic to unexpected energisation. A worker placed a hand between moving equipment and a fixed support during alignment. The task took place at Digboi Refinery. The task was in its preparation stage. No injury was reported; the exposure pathway was documented for follow-up.",1,"[""Energy Isolation"", ""Line of Fire""]",SYNTHETIC-DEMO-EVENT-SYN-DEMO-0589,test,false,true,Incident,Naharkatiya Field,Projects,2025-01-08T08:00:00+05:30,ASCENSION_TEMPLATE_GENERATOR,"SYNTHETIC_DEVELOPMENT_ONLY; not a real incident, HSE label or validation record."
SYN-DEMO-0590,"During planned work, Maintenance on the pump started only after lockout, tags and zero-energy verification were completed. The worker used a positioning tool and remained clear of the pinch point during alignment. The task took place at Naharkatiya Field. The task was in its preparation stage. The event was recorded for HSE review and corrective action.",0,"[""Energy Isolation"", ""Line of Fire""]",SYNTHETIC-DEMO-EVENT-SYN-DEMO-0590,test,false,true,Incident,Naharkatiya Field,Projects,2025-01-08T08:00:00+05:30,ASCENSION_TEMPLATE_GENERATOR,"SYNTHETIC_DEVELOPMENT_ONLY; not a real incident, HSE label or validation record."
SYN-DEMO-0591,"During planned work, Maintenance started on a pump after an isolation was removed, exposing the mechanic to unexpected energisation. A worker placed a hand between moving equipment and a fixed support during alignment. The task took place at Naharkatiya Field. The task was in its preparation stage. The event was recorded for HSE review and corrective action.",1,"[""Energy Isolation"", ""Line of Fire""]",SYNTHETIC-DEMO-EVENT-SYN-DEMO-0591,train,false,true,Near Miss,Duliajan Field,Drilling,2025-01-09T08:00:00+05:30,ASCENSION_TEMPLATE_GENERATOR,"SYNTHETIC_DEVELOPMENT_ONLY; not a real incident, HSE label or validation record."
SYN-DEMO-0592,"While the task was under way, Maintenance on the pump started only after lockout, tags and zero-energy verification were completed. The worker used a positioning tool and remained clear of the pinch point during alignment. The task took place at Duliajan Field. The task was in its preparation stage. The task was stopped and escalated for review.",0,"[""Energy Isolation"", ""Line of Fire""]",SYNTHETIC-DEMO-EVENT-SYN-DEMO-0592,validation,false,true,Near Miss,Duliajan Field,Drilling,2025-01-09T08:00:00+05:30,ASCENSION_TEMPLATE_GENERATOR,"SYNTHETIC_DEVELOPMENT_ONLY; not a real incident, HSE label or validation record."
SYN-DEMO-0593,"While the task was under way, Maintenance started on a pump after an isolation was removed, exposing the mechanic to unexpected energisation. A worker placed a hand between moving equipment and a fixed support during alignment. The task took place at Duliajan Field. The task was in its preparation stage. The task was stopped and escalated for review.",1,"[""Energy Isolation"", ""Line of Fire""]",SYNTHETIC-DEMO-EVENT-SYN-DEMO-0593,test,false,true,Unsafe Condition,Moran Field,Production,2025-01-10T08:00:00+05:30,ASCENSION_TEMPLATE_GENERATOR,"SYNTHETIC_DEVELOPMENT_ONLY; not a real incident, HSE label or validation record."
SYN-DEMO-0594,"Following a toolbox talk, Maintenance on the pump started only after lockout, tags and zero-energy verification were completed. The worker used a positioning tool and remained clear of the pinch point during alignment. The task took place at Moran Field. The task was in its preparation stage. The supervisor was notified and the area was made safe.",0,"[""Energy Isolation"", ""Line of Fire""]",SYNTHETIC-DEMO-EVENT-SYN-DEMO-0594,calibration,false,true,Unsafe Condition,Moran Field,Production,2025-01-10T08:00:00+05:30,ASCENSION_TEMPLATE_GENERATOR,"SYNTHETIC_DEVELOPMENT_ONLY; not a real incident, HSE label or validation record."
SYN-DEMO-0595,"Following a toolbox talk, Maintenance started on a pump after an isolation was removed, exposing the mechanic to unexpected energisation. A worker placed a hand between moving equipment and a fixed support during alignment. The task took place at Moran Field. The task was in its preparation stage. The supervisor was notified and the area was made safe.",1,"[""Energy Isolation"", ""Line of Fire""]",SYNTHETIC-DEMO-EVENT-SYN-DEMO-0595,calibration,false,true,Unsafe Act,Digboi Refinery,Maintenance,2025-01-11T08:00:00+05:30,ASCENSION_TEMPLATE_GENERATOR,"SYNTHETIC_DEVELOPMENT_ONLY; not a real incident, HSE label or validation record."
SYN-DEMO-0596,"During routine operations, Maintenance on the pump started only after lockout, tags and zero-energy verification were completed. The worker used a positioning tool and remained clear of the pinch point during alignment. The task took place at Digboi Refinery. The task was in its preparation stage. No injury was reported; the exposure pathway was documented for follow-up.",0,"[""Energy Isolation"", ""Line of Fire""]",SYNTHETIC-DEMO-EVENT-SYN-DEMO-0596,train,false,true,Unsafe Act,Digboi Refinery,Maintenance,2025-01-11T08:00:00+05:30,ASCENSION_TEMPLATE_GENERATOR,"SYNTHETIC_DEVELOPMENT_ONLY; not a real incident, HSE label or validation record."
SYN-DEMO-0597,"During routine operations, Maintenance started on a pump after an isolation was removed, exposing the mechanic to unexpected energisation. A worker placed a hand between moving equipment and a fixed support during alignment. The task took place at Digboi Refinery. The task was in its preparation stage. No injury was reported; the exposure pathway was documented for follow-up.",1,"[""Energy Isolation"", ""Line of Fire""]",SYNTHETIC-DEMO-EVENT-SYN-DEMO-0597,train,false,true,Incident,Naharkatiya Field,Projects,2025-01-12T08:00:00+05:30,ASCENSION_TEMPLATE_GENERATOR,"SYNTHETIC_DEVELOPMENT_ONLY; not a real incident, HSE label or validation record."
SYN-DEMO-0598,"At the start of the task, Maintenance on the pump started only after lockout, tags and zero-energy verification were completed. The worker used a positioning tool and remained clear of the pinch point during alignment. The task took place at Naharkatiya Field. The task was in its preparation stage. The event was recorded for HSE review and corrective action.",0,"[""Energy Isolation"", ""Line of Fire""]",SYNTHETIC-DEMO-EVENT-SYN-DEMO-0598,train,false,true,Incident,Naharkatiya Field,Projects,2025-01-12T08:00:00+05:30,ASCENSION_TEMPLATE_GENERATOR,"SYNTHETIC_DEVELOPMENT_ONLY; not a real incident, HSE label or validation record."
SYN-DEMO-0599,"At the start of the task, Maintenance started on a pump after an isolation was removed, exposing the mechanic to unexpected energisation. A worker placed a hand between moving equipment and a fixed support during alignment. The task took place at Naharkatiya Field. The task was in its preparation stage. The event was recorded for HSE review and corrective action.",1,"[""Energy Isolation"", ""Line of Fire""]",SYNTHETIC-DEMO-EVENT-SYN-DEMO-0599,train,false,true,Near Miss,Duliajan Field,Drilling,2025-01-13T08:00:00+05:30,ASCENSION_TEMPLATE_GENERATOR,"SYNTHETIC_DEVELOPMENT_ONLY; not a real incident, HSE label or validation record."
SYN-DEMO-0600,"During the shift handover, Maintenance on the pump started only after lockout, tags and zero-energy verification were completed. The worker used a positioning tool and remained clear of the pinch point during alignment. The task took place at Duliajan Field. The task was in its preparation stage. The task was stopped and escalated for review.",0,"[""Energy Isolation"", ""Line of Fire""]",SYNTHETIC-DEMO-EVENT-SYN-DEMO-0600,train,false,true,Near Miss,Duliajan Field,Drilling,2025-01-13T08:00:00+05:30,ASCENSION_TEMPLATE_GENERATOR,"SYNTHETIC_DEVELOPMENT_ONLY; not a real incident, HSE label or validation record."
SYN-DEMO-0601,"During the shift handover, Maintenance started on a pump after an isolation was removed, exposing the mechanic to unexpected energisation. A worker placed a hand between moving equipment and a fixed support during alignment. The task took place at Duliajan Field. The task was in its positioning stage. The task was stopped and escalated for review.",1,"[""Energy Isolation"", ""Line of Fire""]",SYNTHETIC-DEMO-EVENT-SYN-DEMO-0601,train,false,true,Unsafe Condition,Moran Field,Production,2025-01-14T08:00:00+05:30,ASCENSION_TEMPLATE_GENERATOR,"SYNTHETIC_DEVELOPMENT_ONLY; not a real incident, HSE label or validation record."
SYN-DEMO-0602,"During planned work, Maintenance on the pump started only after lockout, tags and zero-energy verification were completed. The worker used a positioning tool and remained clear of the pinch point during alignment. The task took place at Moran Field. The task was in its positioning stage. The supervisor was notified and the area was made safe.",0,"[""Energy Isolation"", ""Line of Fire""]",SYNTHETIC-DEMO-EVENT-SYN-DEMO-0602,calibration,false,true,Unsafe Condition,Moran Field,Production,2025-01-14T08:00:00+05:30,ASCENSION_TEMPLATE_GENERATOR,"SYNTHETIC_DEVELOPMENT_ONLY; not a real incident, HSE label or validation record."
SYN-DEMO-0603,"During planned work, Maintenance started on a pump after an isolation was removed, exposing the mechanic to unexpected energisation. A worker placed a hand between moving equipment and a fixed support during alignment. The task took place at Moran Field. The task was in its positioning stage. The supervisor was notified and the area was made safe.",1,"[""Energy Isolation"", ""Line of Fire""]",SYNTHETIC-DEMO-EVENT-SYN-DEMO-0603,train,false,true,Unsafe Act,Digboi Refinery,Maintenance,2025-01-15T08:00:00+05:30,ASCENSION_TEMPLATE_GENERATOR,"SYNTHETIC_DEVELOPMENT_ONLY; not a real incident, HSE label or validation record."
SYN-DEMO-0604,"While the task was under way, Maintenance on the pump started only after lockout, tags and zero-energy verification were completed. The worker used a positioning tool and remained clear of the pinch point during alignment. The task took place at Digboi Refinery. The task was in its positioning stage. No injury was reported; the exposure pathway was documented for follow-up.",0,"[""Energy Isolation"", ""Line of Fire""]",SYNTHETIC-DEMO-EVENT-SYN-DEMO-0604,train,false,true,Unsafe Act,Digboi Refinery,Maintenance,2025-01-15T08:00:00+05:30,ASCENSION_TEMPLATE_GENERATOR,"SYNTHETIC_DEVELOPMENT_ONLY; not a real incident, HSE label or validation record."
SYN-DEMO-0605,"While the task was under way, Maintenance started on a pump after an isolation was removed, exposing the mechanic to unexpected energisation. A worker placed a hand between moving equipment and a fixed support during alignment. The task took place at Digboi Refinery. The task was in its positioning stage. No injury was reported; the exposure pathway was documented for follow-up.",1,"[""Energy Isolation"", ""Line of Fire""]",SYNTHETIC-DEMO-EVENT-SYN-DEMO-0605,train,false,true,Incident,Naharkatiya Field,Projects,2025-01-16T08:00:00+05:30,ASCENSION_TEMPLATE_GENERATOR,"SYNTHETIC_DEVELOPMENT_ONLY; not a real incident, HSE label or validation record."
SYN-DEMO-0606,"Following a toolbox talk, Maintenance on the pump started only after lockout, tags and zero-energy verification were completed. The worker used a positioning tool and remained clear of the pinch point during alignment. The task took place at Naharkatiya Field. The task was in its positioning stage. The event was recorded for HSE review and corrective action.",0,"[""Energy Isolation"", ""Line of Fire""]",SYNTHETIC-DEMO-EVENT-SYN-DEMO-0606,train,false,true,Incident,Naharkatiya Field,Projects,2025-01-16T08:00:00+05:30,ASCENSION_TEMPLATE_GENERATOR,"SYNTHETIC_DEVELOPMENT_ONLY; not a real incident, HSE label or validation record."
SYN-DEMO-0607,"Following a toolbox talk, Maintenance started on a pump after an isolation was removed, exposing the mechanic to unexpected energisation. A worker placed a hand between moving equipment and a fixed support during alignment. The task took place at Naharkatiya Field. The task was in its positioning stage. The event was recorded for HSE review and corrective action.",1,"[""Energy Isolation"", ""Line of Fire""]",SYNTHETIC-DEMO-EVENT-SYN-DEMO-0607,train,false,true,Near Miss,Duliajan Field,Drilling,2025-01-17T08:00:00+05:30,ASCENSION_TEMPLATE_GENERATOR,"SYNTHETIC_DEVELOPMENT_ONLY; not a real incident, HSE label or validation record."
SYN-DEMO-0608,"During routine operations, Maintenance on the pump started only after lockout, tags and zero-energy verification were completed. The worker used a positioning tool and remained clear of the pinch point during alignment. The task took place at Duliajan Field. The task was in its positioning stage. The task was stopped and escalated for review.",0,"[""Energy Isolation"", ""Line of Fire""]",SYNTHETIC-DEMO-EVENT-SYN-DEMO-0608,test,false,true,Near Miss,Duliajan Field,Drilling,2025-01-17T08:00:00+05:30,ASCENSION_TEMPLATE_GENERATOR,"SYNTHETIC_DEVELOPMENT_ONLY; not a real incident, HSE label or validation record."
SYN-DEMO-0609,"During routine operations, Maintenance started on a pump after an isolation was removed, exposing the mechanic to unexpected energisation. A worker placed a hand between moving equipment and a fixed support during alignment. The task took place at Duliajan Field. The task was in its positioning stage. The task was stopped and escalated for review.",1,"[""Energy Isolation"", ""Line of Fire""]",SYNTHETIC-DEMO-EVENT-SYN-DEMO-0609,train,false,true,Unsafe Condition,Moran Field,Production,2025-01-18T08:00:00+05:30,ASCENSION_TEMPLATE_GENERATOR,"SYNTHETIC_DEVELOPMENT_ONLY; not a real incident, HSE label or validation record."
SYN-DEMO-0610,"At the start of the task, Maintenance on the pump started only after lockout, tags and zero-energy verification were completed. The worker used a positioning tool and remained clear of the pinch point during alignment. The task took place at Moran Field. The task was in its positioning stage. The supervisor was notified and the area was made safe.",0,"[""Energy Isolation"", ""Line of Fire""]",SYNTHETIC-DEMO-EVENT-SYN-DEMO-0610,validation,false,true,Unsafe Condition,Moran Field,Production,2025-01-18T08:00:00+05:30,ASCENSION_TEMPLATE_GENERATOR,"SYNTHETIC_DEVELOPMENT_ONLY; not a real incident, HSE label or validation record."
SYN-DEMO-0611,"At the start of the task, Maintenance started on a pump after an isolation was removed, exposing the mechanic to unexpected energisation. A worker placed a hand between moving equipment and a fixed support during alignment. The task took place at Moran Field. The task was in its positioning stage. The supervisor was notified and the area was made safe.",1,"[""Energy Isolation"", ""Line of Fire""]",SYNTHETIC-DEMO-EVENT-SYN-DEMO-0611,train,false,true,Unsafe Act,Digboi Refinery,Maintenance,2025-01-19T08:00:00+05:30,ASCENSION_TEMPLATE_GENERATOR,"SYNTHETIC_DEVELOPMENT_ONLY; not a real incident, HSE label or validation record."
SYN-DEMO-0612,"During the shift handover, Maintenance on the pump started only after lockout, tags and zero-energy verification were completed. The worker used a positioning tool and remained clear of the pinch point during alignment. The task took place at Digboi Refinery. The task was in its positioning stage. No injury was reported; the exposure pathway was documented for follow-up.",0,"[""Energy Isolation"", ""Line of Fire""]",SYNTHETIC-DEMO-EVENT-SYN-DEMO-0612,validation,false,true,Unsafe Act,Digboi Refinery,Maintenance,2025-01-19T08:00:00+05:30,ASCENSION_TEMPLATE_GENERATOR,"SYNTHETIC_DEVELOPMENT_ONLY; not a real incident, HSE label or validation record."
SYN-DEMO-0613,"During the shift handover, A crew member entered beneath a suspended load while the load was being repositioned. A worker placed a hand between moving equipment and a fixed support during alignment. The task took place at Duliajan Field. The task was in its preparation stage. The task was stopped and escalated for review.",1,"[""Safe Mechanical Lifting"", ""Line of Fire""]",SYNTHETIC-DEMO-EVENT-SYN-DEMO-0613,train,false,true,Unsafe Condition,Moran Field,Production,2025-01-02T08:00:00+05:30,ASCENSION_TEMPLATE_GENERATOR,"SYNTHETIC_DEVELOPMENT_ONLY; not a real incident, HSE label or validation record."
SYN-DEMO-0614,"During planned work, The load was repositioned with an exclusion zone in place and all crew remained clear of the suspended load. The worker used a positioning tool and remained clear of the pinch point during alignment. The task took place at Moran Field. The task was in its preparation stage. The supervisor was notified and the area was made safe.",0,"[""Safe Mechanical Lifting"", ""Line of Fire""]",SYNTHETIC-DEMO-EVENT-SYN-DEMO-0614,train,false,true,Unsafe Condition,Moran Field,Production,2025-01-02T08:00:00+05:30,ASCENSION_TEMPLATE_GENERATOR,"SYNTHETIC_DEVELOPMENT_ONLY; not a real incident, HSE label or validation record."
SYN-DEMO-0615,"During planned work, A crew member entered beneath a suspended load while the load was being repositioned. A worker placed a hand between moving equipment and a fixed support during alignment. The task took place at Moran Field. The task was in its preparation stage. The supervisor was notified and the area was made safe.",1,"[""Safe Mechanical Lifting"", ""Line of Fire""]",SYNTHETIC-DEMO-EVENT-SYN-DEMO-0615,train,false,true,Unsafe Act,Digboi Refinery,Maintenance,2025-01-03T08:00:00+05:30,ASCENSION_TEMPLATE_GENERATOR,"SYNTHETIC_DEVELOPMENT_ONLY; not a real incident, HSE label or validation record."
SYN-DEMO-0616,"While the task was under way, The load was repositioned with an exclusion zone in place and all crew remained clear of the suspended load. The worker used a positioning tool and remained clear of the pinch point during alignment. The task took place at Digboi Refinery. The task was in its preparation stage. No injury was reported; the exposure pathway was documented for follow-up.",0,"[""Safe Mechanical Lifting"", ""Line of Fire""]",SYNTHETIC-DEMO-EVENT-SYN-DEMO-0616,train,false,true,Unsafe Act,Digboi Refinery,Maintenance,2025-01-03T08:00:00+05:30,ASCENSION_TEMPLATE_GENERATOR,"SYNTHETIC_DEVELOPMENT_ONLY; not a real incident, HSE label or validation record."
SYN-DEMO-0617,"While the task was under way, A crew member entered beneath a suspended load while the load was being repositioned. A worker placed a hand between moving equipment and a fixed support during alignment. The task took place at Digboi Refinery. The task was in its preparation stage. No injury was reported; the exposure pathway was documented for follow-up.",1,"[""Safe Mechanical Lifting"", ""Line of Fire""]",SYNTHETIC-DEMO-EVENT-SYN-DEMO-0617,train,false,true,Incident,Naharkatiya Field,Projects,2025-01-04T08:00:00+05:30,ASCENSION_TEMPLATE_GENERATOR,"SYNTHETIC_DEVELOPMENT_ONLY; not a real incident, HSE label or validation record."
SYN-DEMO-0618,"Following a toolbox talk, The load was repositioned with an exclusion zone in place and all crew remained clear of the suspended load. The worker used a positioning tool and remained clear of the pinch point during alignment. The task took place at Naharkatiya Field. The task was in its preparation stage. The event was recorded for HSE review and corrective action.",0,"[""Safe Mechanical Lifting"", ""Line of Fire""]",SYNTHETIC-DEMO-EVENT-SYN-DEMO-0618,train,false,true,Incident,Naharkatiya Field,Projects,2025-01-04T08:00:00+05:30,ASCENSION_TEMPLATE_GENERATOR,"SYNTHETIC_DEVELOPMENT_ONLY; not a real incident, HSE label or validation record."
SYN-DEMO-0619,"Following a toolbox talk, A crew member entered beneath a suspended load while the load was being repositioned. A worker placed a hand between moving equipment and a fixed support during alignment. The task took place at Naharkatiya Field. The task was in its preparation stage. The event was recorded for HSE review and corrective action.",1,"[""Safe Mechanical Lifting"", ""Line of Fire""]",SYNTHETIC-DEMO-EVENT-SYN-DEMO-0619,calibration,false,true,Near Miss,Duliajan Field,Drilling,2025-01-05T08:00:00+05:30,ASCENSION_TEMPLATE_GENERATOR,"SYNTHETIC_DEVELOPMENT_ONLY; not a real incident, HSE label or validation record."
SYN-DEMO-0620,"During routine operations, The load was repositioned with an exclusion zone in place and all crew remained clear of the suspended load. The worker used a positioning tool and remained clear of the pinch point during alignment. The task took place at Duliajan Field. The task was in its preparation stage. The task was stopped and escalated for review.",0,"[""Safe Mechanical Lifting"", ""Line of Fire""]",SYNTHETIC-DEMO-EVENT-SYN-DEMO-0620,calibration,false,true,Near Miss,Duliajan Field,Drilling,2025-01-05T08:00:00+05:30,ASCENSION_TEMPLATE_GENERATOR,"SYNTHETIC_DEVELOPMENT_ONLY; not a real incident, HSE label or validation record."
SYN-DEMO-0621,"During routine operations, A crew member entered beneath a suspended load while the load was being repositioned. A worker placed a hand between moving equipment and a fixed support during alignment. The task took place at Duliajan Field. The task was in its preparation stage. The task was stopped and escalated for review.",1,"[""Safe Mechanical Lifting"", ""Line of Fire""]",SYNTHETIC-DEMO-EVENT-SYN-DEMO-0621,validation,false,true,Unsafe Condition,Moran Field,Production,2025-01-06T08:00:00+05:30,ASCENSION_TEMPLATE_GENERATOR,"SYNTHETIC_DEVELOPMENT_ONLY; not a real incident, HSE label or validation record."
SYN-DEMO-0622,"At the start of the task, The load was repositioned with an exclusion zone in place and all crew remained clear of the suspended load. The worker used a positioning tool and remained clear of the pinch point during alignment. The task took place at Moran Field. The task was in its preparation stage. The supervisor was notified and the area was made safe.",0,"[""Safe Mechanical Lifting"", ""Line of Fire""]",SYNTHETIC-DEMO-EVENT-SYN-DEMO-0622,train,false,true,Unsafe Condition,Moran Field,Production,2025-01-06T08:00:00+05:30,ASCENSION_TEMPLATE_GENERATOR,"SYNTHETIC_DEVELOPMENT_ONLY; not a real incident, HSE label or validation record."
SYN-DEMO-0623,"At the start of the task, A crew member entered beneath a suspended load while the load was being repositioned. A worker placed a hand between moving equipment and a fixed support during alignment. The task took place at Moran Field. The task was in its preparation stage. The supervisor was notified and the area was made safe.",1,"[""Safe Mechanical Lifting"", ""Line of Fire""]",SYNTHETIC-DEMO-EVENT-SYN-DEMO-0623,train,false,true,Unsafe Act,Digboi Refinery,Maintenance,2025-01-07T08:00:00+05:30,ASCENSION_TEMPLATE_GENERATOR,"SYNTHETIC_DEVELOPMENT_ONLY; not a real incident, HSE label or validation record."
SYN-DEMO-0624,"During the shift handover, The load was repositioned with an exclusion zone in place and all crew remained clear of the suspended load. The worker used a positioning tool and remained clear of the pinch point during alignment. The task took place at Digboi Refinery. The task was in its preparation stage. No injury was reported; the exposure pathway was documented for follow-up.",0,"[""Safe Mechanical Lifting"", ""Line of Fire""]",SYNTHETIC-DEMO-EVENT-SYN-DEMO-0624,train,false,true,Unsafe Act,Digboi Refinery,Maintenance,2025-01-07T08:00:00+05:30,ASCENSION_TEMPLATE_GENERATOR,"SYNTHETIC_DEVELOPMENT_ONLY; not a real incident, HSE label or validation record."
SYN-DEMO-0625,"During the shift handover, A crew member entered beneath a suspended load while the load was being repositioned. A worker placed a hand between moving equipment and a fixed support during alignment. The task took place at Digboi Refinery. The task was in its preparation stage. No injury was reported; the exposure pathway was documented for follow-up.",1,"[""Safe Mechanical Lifting"", ""Line of Fire""]",SYNTHETIC-DEMO-EVENT-SYN-DEMO-0625,train,false,true,Incident,Naharkatiya Field,Projects,2025-01-08T08:00:00+05:30,ASCENSION_TEMPLATE_GENERATOR,"SYNTHETIC_DEVELOPMENT_ONLY; not a real incident, HSE label or validation record."
SYN-DEMO-0626,"During planned work, The load was repositioned with an exclusion zone in place and all crew remained clear of the suspended load. The worker used a positioning tool and remained clear of the pinch point during alignment. The task took place at Naharkatiya Field. The task was in its preparation stage. The event was recorded for HSE review and corrective action.",0,"[""Safe Mechanical Lifting"", ""Line of Fire""]",SYNTHETIC-DEMO-EVENT-SYN-DEMO-0626,test,false,true,Incident,Naharkatiya Field,Projects,2025-01-08T08:00:00+05:30,ASCENSION_TEMPLATE_GENERATOR,"SYNTHETIC_DEVELOPMENT_ONLY; not a real incident, HSE label or validation record."
SYN-DEMO-0627,"During planned work, A crew member entered beneath a suspended load while the load was being repositioned. A worker placed a hand between moving equipment and a fixed support during alignment. The task took place at Naharkatiya Field. The task was in its preparation stage. The event was recorded for HSE review and corrective action.",1,"[""Safe Mechanical Lifting"", ""Line of Fire""]",SYNTHETIC-DEMO-EVENT-SYN-DEMO-0627,train,false,true,Near Miss,Duliajan Field,Drilling,2025-01-09T08:00:00+05:30,ASCENSION_TEMPLATE_GENERATOR,"SYNTHETIC_DEVELOPMENT_ONLY; not a real incident, HSE label or validation record."
SYN-DEMO-0628,"While the task was under way, The load was repositioned with an exclusion zone in place and all crew remained clear of the suspended load. The worker used a positioning tool and remained clear of the pinch point during alignment. The task took place at Duliajan Field. The task was in its preparation stage. The task was stopped and escalated for review.",0,"[""Safe Mechanical Lifting"", ""Line of Fire""]",SYNTHETIC-DEMO-EVENT-SYN-DEMO-0628,train,false,true,Near Miss,Duliajan Field,Drilling,2025-01-09T08:00:00+05:30,ASCENSION_TEMPLATE_GENERATOR,"SYNTHETIC_DEVELOPMENT_ONLY; not a real incident, HSE label or validation record."
SYN-DEMO-0629,"While the task was under way, A crew member entered beneath a suspended load while the load was being repositioned. A worker placed a hand between moving equipment and a fixed support during alignment. The task took place at Duliajan Field. The task was in its preparation stage. The task was stopped and escalated for review.",1,"[""Safe Mechanical Lifting"", ""Line of Fire""]",SYNTHETIC-DEMO-EVENT-SYN-DEMO-0629,train,false,true,Unsafe Condition,Moran Field,Production,2025-01-10T08:00:00+05:30,ASCENSION_TEMPLATE_GENERATOR,"SYNTHETIC_DEVELOPMENT_ONLY; not a real incident, HSE label or validation record."
SYN-DEMO-0630,"Following a toolbox talk, The load was repositioned with an exclusion zone in place and all crew remained clear of the suspended load. The worker used a positioning tool and remained clear of the pinch point during alignment. The task took place at Moran Field. The task was in its preparation stage. The supervisor was notified and the area was made safe.",0,"[""Safe Mechanical Lifting"", ""Line of Fire""]",SYNTHETIC-DEMO-EVENT-SYN-DEMO-0630,train,false,true,Unsafe Condition,Moran Field,Production,2025-01-10T08:00:00+05:30,ASCENSION_TEMPLATE_GENERATOR,"SYNTHETIC_DEVELOPMENT_ONLY; not a real incident, HSE label or validation record."
SYN-DEMO-0631,"Following a toolbox talk, A crew member entered beneath a suspended load while the load was being repositioned. A worker placed a hand between moving equipment and a fixed support during alignment. The task took place at Moran Field. The task was in its preparation stage. The supervisor was notified and the area was made safe.",1,"[""Safe Mechanical Lifting"", ""Line of Fire""]",SYNTHETIC-DEMO-EVENT-SYN-DEMO-0631,train,false,true,Unsafe Act,Digboi Refinery,Maintenance,2025-01-11T08:00:00+05:30,ASCENSION_TEMPLATE_GENERATOR,"SYNTHETIC_DEVELOPMENT_ONLY; not a real incident, HSE label or validation record."
SYN-DEMO-0632,"During routine operations, The load was repositioned with an exclusion zone in place and all crew remained clear of the suspended load. The worker used a positioning tool and remained clear of the pinch point during alignment. The task took place at Digboi Refinery. The task was in its preparation stage. No injury was reported; the exposure pathway was documented for follow-up.",0,"[""Safe Mechanical Lifting"", ""Line of Fire""]",SYNTHETIC-DEMO-EVENT-SYN-DEMO-0632,train,false,true,Unsafe Act,Digboi Refinery,Maintenance,2025-01-11T08:00:00+05:30,ASCENSION_TEMPLATE_GENERATOR,"SYNTHETIC_DEVELOPMENT_ONLY; not a real incident, HSE label or validation record."
SYN-DEMO-0633,"During routine operations, A crew member entered beneath a suspended load while the load was being repositioned. A worker placed a hand between moving equipment and a fixed support during alignment. The task took place at Digboi Refinery. The task was in its preparation stage. No injury was reported; the exposure pathway was documented for follow-up.",1,"[""Safe Mechanical Lifting"", ""Line of Fire""]",SYNTHETIC-DEMO-EVENT-SYN-DEMO-0633,validation,false,true,Incident,Naharkatiya Field,Projects,2025-01-12T08:00:00+05:30,ASCENSION_TEMPLATE_GENERATOR,"SYNTHETIC_DEVELOPMENT_ONLY; not a real incident, HSE label or validation record."
SYN-DEMO-0634,"At the start of the task, The load was repositioned with an exclusion zone in place and all crew remained clear of the suspended load. The worker used a positioning tool and remained clear of the pinch point during alignment. The task took place at Naharkatiya Field. The task was in its preparation stage. The event was recorded for HSE review and corrective action.",0,"[""Safe Mechanical Lifting"", ""Line of Fire""]",SYNTHETIC-DEMO-EVENT-SYN-DEMO-0634,validation,false,true,Incident,Naharkatiya Field,Projects,2025-01-12T08:00:00+05:30,ASCENSION_TEMPLATE_GENERATOR,"SYNTHETIC_DEVELOPMENT_ONLY; not a real incident, HSE label or validation record."
SYN-DEMO-0635,"At the start of the task, A crew member entered beneath a suspended load while the load was being repositioned. A worker placed a hand between moving equipment and a fixed support during alignment. The task took place at Naharkatiya Field. The task was in its preparation stage. The event was recorded for HSE review and corrective action.",1,"[""Safe Mechanical Lifting"", ""Line of Fire""]",SYNTHETIC-DEMO-EVENT-SYN-DEMO-0635,validation,false,true,Near Miss,Duliajan Field,Drilling,2025-01-13T08:00:00+05:30,ASCENSION_TEMPLATE_GENERATOR,"SYNTHETIC_DEVELOPMENT_ONLY; not a real incident, HSE label or validation record."
SYN-DEMO-0636,"During the shift handover, The load was repositioned with an exclusion zone in place and all crew remained clear of the suspended load. The worker used a positioning tool and remained clear of the pinch point during alignment. The task took place at Duliajan Field. The task was in its preparation stage. The task was stopped and escalated for review.",0,"[""Safe Mechanical Lifting"", ""Line of Fire""]",SYNTHETIC-DEMO-EVENT-SYN-DEMO-0636,train,false,true,Near Miss,Duliajan Field,Drilling,2025-01-13T08:00:00+05:30,ASCENSION_TEMPLATE_GENERATOR,"SYNTHETIC_DEVELOPMENT_ONLY; not a real incident, HSE label or validation record."
SYN-DEMO-0637,"During the shift handover, A crew member entered beneath a suspended load while the load was being repositioned. A worker placed a hand between moving equipment and a fixed support during alignment. The task took place at Duliajan Field. The task was in its positioning stage. The task was stopped and escalated for review.",1,"[""Safe Mechanical Lifting"", ""Line of Fire""]",SYNTHETIC-DEMO-EVENT-SYN-DEMO-0637,train,false,true,Unsafe Condition,Moran Field,Production,2025-01-14T08:00:00+05:30,ASCENSION_TEMPLATE_GENERATOR,"SYNTHETIC_DEVELOPMENT_ONLY; not a real incident, HSE label or validation record."
SYN-DEMO-0638,"During planned work, The load was repositioned with an exclusion zone in place and all crew remained clear of the suspended load. The worker used a positioning tool and remained clear of the pinch point during alignment. The task took place at Moran Field. The task was in its positioning stage. The supervisor was notified and the area was made safe.",0,"[""Safe Mechanical Lifting"", ""Line of Fire""]",SYNTHETIC-DEMO-EVENT-SYN-DEMO-0638,train,false,true,Unsafe Condition,Moran Field,Production,2025-01-14T08:00:00+05:30,ASCENSION_TEMPLATE_GENERATOR,"SYNTHETIC_DEVELOPMENT_ONLY; not a real incident, HSE label or validation record."
SYN-DEMO-0639,"During planned work, A crew member entered beneath a suspended load while the load was being repositioned. A worker placed a hand between moving equipment and a fixed support during alignment. The task took place at Moran Field. The task was in its positioning stage. The supervisor was notified and the area was made safe.",1,"[""Safe Mechanical Lifting"", ""Line of Fire""]",SYNTHETIC-DEMO-EVENT-SYN-DEMO-0639,train,false,true,Unsafe Act,Digboi Refinery,Maintenance,2025-01-15T08:00:00+05:30,ASCENSION_TEMPLATE_GENERATOR,"SYNTHETIC_DEVELOPMENT_ONLY; not a real incident, HSE label or validation record."
SYN-DEMO-0640,"While the task was under way, The load was repositioned with an exclusion zone in place and all crew remained clear of the suspended load. The worker used a positioning tool and remained clear of the pinch point during alignment. The task took place at Digboi Refinery. The task was in its positioning stage. No injury was reported; the exposure pathway was documented for follow-up.",0,"[""Safe Mechanical Lifting"", ""Line of Fire""]",SYNTHETIC-DEMO-EVENT-SYN-DEMO-0640,train,false,true,Unsafe Act,Digboi Refinery,Maintenance,2025-01-15T08:00:00+05:30,ASCENSION_TEMPLATE_GENERATOR,"SYNTHETIC_DEVELOPMENT_ONLY; not a real incident, HSE label or validation record."
SYN-DEMO-0641,"While the task was under way, A crew member entered beneath a suspended load while the load was being repositioned. A worker placed a hand between moving equipment and a fixed support during alignment. The task took place at Digboi Refinery. The task was in its positioning stage. No injury was reported; the exposure pathway was documented for follow-up.",1,"[""Safe Mechanical Lifting"", ""Line of Fire""]",SYNTHETIC-DEMO-EVENT-SYN-DEMO-0641,calibration,false,true,Incident,Naharkatiya Field,Projects,2025-01-16T08:00:00+05:30,ASCENSION_TEMPLATE_GENERATOR,"SYNTHETIC_DEVELOPMENT_ONLY; not a real incident, HSE label or validation record."
SYN-DEMO-0642,"Following a toolbox talk, The load was repositioned with an exclusion zone in place and all crew remained clear of the suspended load. The worker used a positioning tool and remained clear of the pinch point during alignment. The task took place at Naharkatiya Field. The task was in its positioning stage. The event was recorded for HSE review and corrective action.",0,"[""Safe Mechanical Lifting"", ""Line of Fire""]",SYNTHETIC-DEMO-EVENT-SYN-DEMO-0642,validation,false,true,Incident,Naharkatiya Field,Projects,2025-01-16T08:00:00+05:30,ASCENSION_TEMPLATE_GENERATOR,"SYNTHETIC_DEVELOPMENT_ONLY; not a real incident, HSE label or validation record."
SYN-DEMO-0643,"Following a toolbox talk, A crew member entered beneath a suspended load while the load was being repositioned. A worker placed a hand between moving equipment and a fixed support during alignment. The task took place at Naharkatiya Field. The task was in its positioning stage. The event was recorded for HSE review and corrective action.",1,"[""Safe Mechanical Lifting"", ""Line of Fire""]",SYNTHETIC-DEMO-EVENT-SYN-DEMO-0643,calibration,false,true,Near Miss,Duliajan Field,Drilling,2025-01-17T08:00:00+05:30,ASCENSION_TEMPLATE_GENERATOR,"SYNTHETIC_DEVELOPMENT_ONLY; not a real incident, HSE label or validation record."
SYN-DEMO-0644,"During routine operations, The load was repositioned with an exclusion zone in place and all crew remained clear of the suspended load. The worker used a positioning tool and remained clear of the pinch point during alignment. The task took place at Duliajan Field. The task was in its positioning stage. The task was stopped and escalated for review.",0,"[""Safe Mechanical Lifting"", ""Line of Fire""]",SYNTHETIC-DEMO-EVENT-SYN-DEMO-0644,train,false,true,Near Miss,Duliajan Field,Drilling,2025-01-17T08:00:00+05:30,ASCENSION_TEMPLATE_GENERATOR,"SYNTHETIC_DEVELOPMENT_ONLY; not a real incident, HSE label or validation record."
SYN-DEMO-0645,"During routine operations, A crew member entered beneath a suspended load while the load was being repositioned. A worker placed a hand between moving equipment and a fixed support during alignment. The task took place at Duliajan Field. The task was in its positioning stage. The task was stopped and escalated for review.",1,"[""Safe Mechanical Lifting"", ""Line of Fire""]",SYNTHETIC-DEMO-EVENT-SYN-DEMO-0645,train,false,true,Unsafe Condition,Moran Field,Production,2025-01-18T08:00:00+05:30,ASCENSION_TEMPLATE_GENERATOR,"SYNTHETIC_DEVELOPMENT_ONLY; not a real incident, HSE label or validation record."
SYN-DEMO-0646,"At the start of the task, The load was repositioned with an exclusion zone in place and all crew remained clear of the suspended load. The worker used a positioning tool and remained clear of the pinch point during alignment. The task took place at Moran Field. The task was in its positioning stage. The supervisor was notified and the area was made safe.",0,"[""Safe Mechanical Lifting"", ""Line of Fire""]",SYNTHETIC-DEMO-EVENT-SYN-DEMO-0646,validation,false,true,Unsafe Condition,Moran Field,Production,2025-01-18T08:00:00+05:30,ASCENSION_TEMPLATE_GENERATOR,"SYNTHETIC_DEVELOPMENT_ONLY; not a real incident, HSE label or validation record."
SYN-DEMO-0647,"At the start of the task, A crew member entered beneath a suspended load while the load was being repositioned. A worker placed a hand between moving equipment and a fixed support during alignment. The task took place at Moran Field. The task was in its positioning stage. The supervisor was notified and the area was made safe.",1,"[""Safe Mechanical Lifting"", ""Line of Fire""]",SYNTHETIC-DEMO-EVENT-SYN-DEMO-0647,train,false,true,Unsafe Act,Digboi Refinery,Maintenance,2025-01-19T08:00:00+05:30,ASCENSION_TEMPLATE_GENERATOR,"SYNTHETIC_DEVELOPMENT_ONLY; not a real incident, HSE label or validation record."
SYN-DEMO-0648,"During the shift handover, The load was repositioned with an exclusion zone in place and all crew remained clear of the suspended load. The worker used a positioning tool and remained clear of the pinch point during alignment. The task took place at Digboi Refinery. The task was in its positioning stage. No injury was reported; the exposure pathway was documented for follow-up.",0,"[""Safe Mechanical Lifting"", ""Line of Fire""]",SYNTHETIC-DEMO-EVENT-SYN-DEMO-0648,train,false,true,Unsafe Act,Digboi Refinery,Maintenance,2025-01-19T08:00:00+05:30,ASCENSION_TEMPLATE_GENERATOR,"SYNTHETIC_DEVELOPMENT_ONLY; not a real incident, HSE label or validation record."
SYN-DEMO-0649,"During the shift handover, Grinding began near a hydrocarbon line without a gas test or fire watch in place. Work on a live process line continued after the permit conditions changed without reauthorisation. The task took place at Duliajan Field. The task was in its preparation stage. The task was stopped and escalated for review.",1,"[""Hot Work"", ""Work Authorisation""]",SYNTHETIC-DEMO-EVENT-SYN-DEMO-0649,train,false,true,Unsafe Condition,Moran Field,Production,2025-01-02T08:00:00+05:30,ASCENSION_TEMPLATE_GENERATOR,"SYNTHETIC_DEVELOPMENT_ONLY; not a real incident, HSE label or validation record."
SYN-DEMO-0650,"During planned work, Grinding near the hydrocarbon line began after gas testing and a fire watch were confirmed. Work on the process line resumed only after the changed conditions were reviewed and the permit was reauthorised. The task took place at Moran Field. The task was in its preparation stage. The supervisor was notified and the area was made safe.",0,"[""Hot Work"", ""Work Authorisation""]",SYNTHETIC-DEMO-EVENT-SYN-DEMO-0650,validation,false,true,Unsafe Condition,Moran Field,Production,2025-01-02T08:00:00+05:30,ASCENSION_TEMPLATE_GENERATOR,"SYNTHETIC_DEVELOPMENT_ONLY; not a real incident, HSE label or validation record."
SYN-DEMO-0651,"During planned work, Grinding began near a hydrocarbon line without a gas test or fire watch in place. Work on a live process line continued after the permit conditions changed without reauthorisation. The task took place at Moran Field. The task was in its preparation stage. The supervisor was notified and the area was made safe.",1,"[""Hot Work"", ""Work Authorisation""]",SYNTHETIC-DEMO-EVENT-SYN-DEMO-0651,train,false,true,Unsafe Act,Digboi Refinery,Maintenance,2025-01-03T08:00:00+05:30,ASCENSION_TEMPLATE_GENERATOR,"SYNTHETIC_DEVELOPMENT_ONLY; not a real incident, HSE label or validation record."
SYN-DEMO-0652,"While the task was under way, Grinding near the hydrocarbon line began after gas testing and a fire watch were confirmed. Work on the process line resumed only after the changed conditions were reviewed and the permit was reauthorised. The task took place at Digboi Refinery. The task was in its preparation stage. No injury was reported; the exposure pathway was documented for follow-up.",0,"[""Hot Work"", ""Work Authorisation""]",SYNTHETIC-DEMO-EVENT-SYN-DEMO-0652,train,false,true,Unsafe Act,Digboi Refinery,Maintenance,2025-01-03T08:00:00+05:30,ASCENSION_TEMPLATE_GENERATOR,"SYNTHETIC_DEVELOPMENT_ONLY; not a real incident, HSE label or validation record."
SYN-DEMO-0653,"While the task was under way, Grinding began near a hydrocarbon line without a gas test or fire watch in place. Work on a live process line continued after the permit conditions changed without reauthorisation. The task took place at Digboi Refinery. The task was in its preparation stage. No injury was reported; the exposure pathway was documented for follow-up.",1,"[""Hot Work"", ""Work Authorisation""]",SYNTHETIC-DEMO-EVENT-SYN-DEMO-0653,calibration,false,true,Incident,Naharkatiya Field,Projects,2025-01-04T08:00:00+05:30,ASCENSION_TEMPLATE_GENERATOR,"SYNTHETIC_DEVELOPMENT_ONLY; not a real incident, HSE label or validation record."
SYN-DEMO-0654,"Following a toolbox talk, Grinding near the hydrocarbon line began after gas testing and a fire watch were confirmed. Work on the process line resumed only after the changed conditions were reviewed and the permit was reauthorised. The task took place at Naharkatiya Field. The task was in its preparation stage. The event was recorded for HSE review and corrective action.",0,"[""Hot Work"", ""Work Authorisation""]",SYNTHETIC-DEMO-EVENT-SYN-DEMO-0654,validation,false,true,Incident,Naharkatiya Field,Projects,2025-01-04T08:00:00+05:30,ASCENSION_TEMPLATE_GENERATOR,"SYNTHETIC_DEVELOPMENT_ONLY; not a real incident, HSE label or validation record."
SYN-DEMO-0655,"Following a toolbox talk, Grinding began near a hydrocarbon line without a gas test or fire watch in place. Work on a live process line continued after the permit conditions changed without reauthorisation. The task took place at Naharkatiya Field. The task was in its preparation stage. The event was recorded for HSE review and corrective action.",1,"[""Hot Work"", ""Work Authorisation""]",SYNTHETIC-DEMO-EVENT-SYN-DEMO-0655,train,false,true,Near Miss,Duliajan Field,Drilling,2025-01-05T08:00:00+05:30,ASCENSION_TEMPLATE_GENERATOR,"SYNTHETIC_DEVELOPMENT_ONLY; not a real incident, HSE label or validation record."
SYN-DEMO-0656,"During routine operations, Grinding near the hydrocarbon line began after gas testing and a fire watch were confirmed. Work on the process line resumed only after the changed conditions were reviewed and the permit was reauthorised. The task took place at Duliajan Field. The task was in its preparation stage. The task was stopped and escalated for review.",0,"[""Hot Work"", ""Work Authorisation""]",SYNTHETIC-DEMO-EVENT-SYN-DEMO-0656,validation,false,true,Near Miss,Duliajan Field,Drilling,2025-01-05T08:00:00+05:30,ASCENSION_TEMPLATE_GENERATOR,"SYNTHETIC_DEVELOPMENT_ONLY; not a real incident, HSE label or validation record."
SYN-DEMO-0657,"During routine operations, Grinding began near a hydrocarbon line without a gas test or fire watch in place. Work on a live process line continued after the permit conditions changed without reauthorisation. The task took place at Duliajan Field. The task was in its preparation stage. The task was stopped and escalated for review.",1,"[""Hot Work"", ""Work Authorisation""]",SYNTHETIC-DEMO-EVENT-SYN-DEMO-0657,train,false,true,Unsafe Condition,Moran Field,Production,2025-01-06T08:00:00+05:30,ASCENSION_TEMPLATE_GENERATOR,"SYNTHETIC_DEVELOPMENT_ONLY; not a real incident, HSE label or validation record."
SYN-DEMO-0658,"At the start of the task, Grinding near the hydrocarbon line began after gas testing and a fire watch were confirmed. Work on the process line resumed only after the changed conditions were reviewed and the permit was reauthorised. The task took place at Moran Field. The task was in its preparation stage. The supervisor was notified and the area was made safe.",0,"[""Hot Work"", ""Work Authorisation""]",SYNTHETIC-DEMO-EVENT-SYN-DEMO-0658,calibration,false,true,Unsafe Condition,Moran Field,Production,2025-01-06T08:00:00+05:30,ASCENSION_TEMPLATE_GENERATOR,"SYNTHETIC_DEVELOPMENT_ONLY; not a real incident, HSE label or validation record."
SYN-DEMO-0659,"At the start of the task, Grinding began near a hydrocarbon line without a gas test or fire watch in place. Work on a live process line continued after the permit conditions changed without reauthorisation. The task took place at Moran Field. The task was in its preparation stage. The supervisor was notified and the area was made safe.",1,"[""Hot Work"", ""Work Authorisation""]",SYNTHETIC-DEMO-EVENT-SYN-DEMO-0659,train,false,true,Unsafe Act,Digboi Refinery,Maintenance,2025-01-07T08:00:00+05:30,ASCENSION_TEMPLATE_GENERATOR,"SYNTHETIC_DEVELOPMENT_ONLY; not a real incident, HSE label or validation record."
SYN-DEMO-0660,"During the shift handover, Grinding near the hydrocarbon line began after gas testing and a fire watch were confirmed. Work on the process line resumed only after the changed conditions were reviewed and the permit was reauthorised. The task took place at Digboi Refinery. The task was in its preparation stage. No injury was reported; the exposure pathway was documented for follow-up.",0,"[""Hot Work"", ""Work Authorisation""]",SYNTHETIC-DEMO-EVENT-SYN-DEMO-0660,validation,false,true,Unsafe Act,Digboi Refinery,Maintenance,2025-01-07T08:00:00+05:30,ASCENSION_TEMPLATE_GENERATOR,"SYNTHETIC_DEVELOPMENT_ONLY; not a real incident, HSE label or validation record."
SYN-DEMO-0661,"During the shift handover, Grinding began near a hydrocarbon line without a gas test or fire watch in place. Work on a live process line continued after the permit conditions changed without reauthorisation. The task took place at Digboi Refinery. The task was in its preparation stage. No injury was reported; the exposure pathway was documented for follow-up.",1,"[""Hot Work"", ""Work Authorisation""]",SYNTHETIC-DEMO-EVENT-SYN-DEMO-0661,test,false,true,Incident,Naharkatiya Field,Projects,2025-01-08T08:00:00+05:30,ASCENSION_TEMPLATE_GENERATOR,"SYNTHETIC_DEVELOPMENT_ONLY; not a real incident, HSE label or validation record."
SYN-DEMO-0662,"During planned work, Grinding near the hydrocarbon line began after gas testing and a fire watch were confirmed. Work on the process line resumed only after the changed conditions were reviewed and the permit was reauthorised. The task took place at Naharkatiya Field. The task was in its preparation stage. The event was recorded for HSE review and corrective action.",0,"[""Hot Work"", ""Work Authorisation""]",SYNTHETIC-DEMO-EVENT-SYN-DEMO-0662,train,false,true,Incident,Naharkatiya Field,Projects,2025-01-08T08:00:00+05:30,ASCENSION_TEMPLATE_GENERATOR,"SYNTHETIC_DEVELOPMENT_ONLY; not a real incident, HSE label or validation record."
SYN-DEMO-0663,"During planned work, Grinding began near a hydrocarbon line without a gas test or fire watch in place. Work on a live process line continued after the permit conditions changed without reauthorisation. The task took place at Naharkatiya Field. The task was in its preparation stage. The event was recorded for HSE review and corrective action.",1,"[""Hot Work"", ""Work Authorisation""]",SYNTHETIC-DEMO-EVENT-SYN-DEMO-0663,train,false,true,Near Miss,Duliajan Field,Drilling,2025-01-09T08:00:00+05:30,ASCENSION_TEMPLATE_GENERATOR,"SYNTHETIC_DEVELOPMENT_ONLY; not a real incident, HSE label or validation record."
SYN-DEMO-0664,"While the task was under way, Grinding near the hydrocarbon line began after gas testing and a fire watch were confirmed. Work on the process line resumed only after the changed conditions were reviewed and the permit was reauthorised. The task took place at Duliajan Field. The task was in its preparation stage. The task was stopped and escalated for review.",0,"[""Hot Work"", ""Work Authorisation""]",SYNTHETIC-DEMO-EVENT-SYN-DEMO-0664,calibration,false,true,Near Miss,Duliajan Field,Drilling,2025-01-09T08:00:00+05:30,ASCENSION_TEMPLATE_GENERATOR,"SYNTHETIC_DEVELOPMENT_ONLY; not a real incident, HSE label or validation record."
SYN-DEMO-0665,"While the task was under way, Grinding began near a hydrocarbon line without a gas test or fire watch in place. Work on a live process line continued after the permit conditions changed without reauthorisation. The task took place at Duliajan Field. The task was in its preparation stage. The task was stopped and escalated for review.",1,"[""Hot Work"", ""Work Authorisation""]",SYNTHETIC-DEMO-EVENT-SYN-DEMO-0665,calibration,false,true,Unsafe Condition,Moran Field,Production,2025-01-10T08:00:00+05:30,ASCENSION_TEMPLATE_GENERATOR,"SYNTHETIC_DEVELOPMENT_ONLY; not a real incident, HSE label or validation record."
SYN-DEMO-0666,"Following a toolbox talk, Grinding near the hydrocarbon line began after gas testing and a fire watch were confirmed. Work on the process line resumed only after the changed conditions were reviewed and the permit was reauthorised. The task took place at Moran Field. The task was in its preparation stage. The supervisor was notified and the area was made safe.",0,"[""Hot Work"", ""Work Authorisation""]",SYNTHETIC-DEMO-EVENT-SYN-DEMO-0666,train,false,true,Unsafe Condition,Moran Field,Production,2025-01-10T08:00:00+05:30,ASCENSION_TEMPLATE_GENERATOR,"SYNTHETIC_DEVELOPMENT_ONLY; not a real incident, HSE label or validation record."
SYN-DEMO-0667,"Following a toolbox talk, Grinding began near a hydrocarbon line without a gas test or fire watch in place. Work on a live process line continued after the permit conditions changed without reauthorisation. The task took place at Moran Field. The task was in its preparation stage. The supervisor was notified and the area was made safe.",1,"[""Hot Work"", ""Work Authorisation""]",SYNTHETIC-DEMO-EVENT-SYN-DEMO-0667,train,false,true,Unsafe Act,Digboi Refinery,Maintenance,2025-01-11T08:00:00+05:30,ASCENSION_TEMPLATE_GENERATOR,"SYNTHETIC_DEVELOPMENT_ONLY; not a real incident, HSE label or validation record."
SYN-DEMO-0668,"During routine operations, Grinding near the hydrocarbon line began after gas testing and a fire watch were confirmed. Work on the process line resumed only after the changed conditions were reviewed and the permit was reauthorised. The task took place at Digboi Refinery. The task was in its preparation stage. No injury was reported; the exposure pathway was documented for follow-up.",0,"[""Hot Work"", ""Work Authorisation""]",SYNTHETIC-DEMO-EVENT-SYN-DEMO-0668,train,false,true,Unsafe Act,Digboi Refinery,Maintenance,2025-01-11T08:00:00+05:30,ASCENSION_TEMPLATE_GENERATOR,"SYNTHETIC_DEVELOPMENT_ONLY; not a real incident, HSE label or validation record."
SYN-DEMO-0669,"During routine operations, Grinding began near a hydrocarbon line without a gas test or fire watch in place. Work on a live process line continued after the permit conditions changed without reauthorisation. The task took place at Digboi Refinery. The task was in its preparation stage. No injury was reported; the exposure pathway was documented for follow-up.",1,"[""Hot Work"", ""Work Authorisation""]",SYNTHETIC-DEMO-EVENT-SYN-DEMO-0669,train,false,true,Incident,Naharkatiya Field,Projects,2025-01-12T08:00:00+05:30,ASCENSION_TEMPLATE_GENERATOR,"SYNTHETIC_DEVELOPMENT_ONLY; not a real incident, HSE label or validation record."
SYN-DEMO-0670,"At the start of the task, Grinding near the hydrocarbon line began after gas testing and a fire watch were confirmed. Work on the process line resumed only after the changed conditions were reviewed and the permit was reauthorised. The task took place at Naharkatiya Field. The task was in its preparation stage. The event was recorded for HSE review and corrective action.",0,"[""Hot Work"", ""Work Authorisation""]",SYNTHETIC-DEMO-EVENT-SYN-DEMO-0670,calibration,false,true,Incident,Naharkatiya Field,Projects,2025-01-12T08:00:00+05:30,ASCENSION_TEMPLATE_GENERATOR,"SYNTHETIC_DEVELOPMENT_ONLY; not a real incident, HSE label or validation record."
SYN-DEMO-0671,"At the start of the task, Grinding began near a hydrocarbon line without a gas test or fire watch in place. Work on a live process line continued after the permit conditions changed without reauthorisation. The task took place at Naharkatiya Field. The task was in its preparation stage. The event was recorded for HSE review and corrective action.",1,"[""Hot Work"", ""Work Authorisation""]",SYNTHETIC-DEMO-EVENT-SYN-DEMO-0671,train,false,true,Near Miss,Duliajan Field,Drilling,2025-01-13T08:00:00+05:30,ASCENSION_TEMPLATE_GENERATOR,"SYNTHETIC_DEVELOPMENT_ONLY; not a real incident, HSE label or validation record."
SYN-DEMO-0672,"During the shift handover, Grinding near the hydrocarbon line began after gas testing and a fire watch were confirmed. Work on the process line resumed only after the changed conditions were reviewed and the permit was reauthorised. The task took place at Duliajan Field. The task was in its preparation stage. The task was stopped and escalated for review.",0,"[""Hot Work"", ""Work Authorisation""]",SYNTHETIC-DEMO-EVENT-SYN-DEMO-0672,train,false,true,Near Miss,Duliajan Field,Drilling,2025-01-13T08:00:00+05:30,ASCENSION_TEMPLATE_GENERATOR,"SYNTHETIC_DEVELOPMENT_ONLY; not a real incident, HSE label or validation record."
SYN-DEMO-0673,"During the shift handover, Grinding began near a hydrocarbon line without a gas test or fire watch in place. Work on a live process line continued after the permit conditions changed without reauthorisation. The task took place at Duliajan Field. The task was in its positioning stage. The task was stopped and escalated for review.",1,"[""Hot Work"", ""Work Authorisation""]",SYNTHETIC-DEMO-EVENT-SYN-DEMO-0673,train,false,true,Unsafe Condition,Moran Field,Production,2025-01-14T08:00:00+05:30,ASCENSION_TEMPLATE_GENERATOR,"SYNTHETIC_DEVELOPMENT_ONLY; not a real incident, HSE label or validation record."
SYN-DEMO-0674,"During planned work, Grinding near the hydrocarbon line began after gas testing and a fire watch were confirmed. Work on the process line resumed only after the changed conditions were reviewed and the permit was reauthorised. The task took place at Moran Field. The task was in its positioning stage. The supervisor was notified and the area was made safe.",0,"[""Hot Work"", ""Work Authorisation""]",SYNTHETIC-DEMO-EVENT-SYN-DEMO-0674,calibration,false,true,Unsafe Condition,Moran Field,Production,2025-01-14T08:00:00+05:30,ASCENSION_TEMPLATE_GENERATOR,"SYNTHETIC_DEVELOPMENT_ONLY; not a real incident, HSE label or validation record."
SYN-DEMO-0675,"During planned work, Grinding began near a hydrocarbon line without a gas test or fire watch in place. Work on a live process line continued after the permit conditions changed without reauthorisation. The task took place at Moran Field. The task was in its positioning stage. The supervisor was notified and the area was made safe.",1,"[""Hot Work"", ""Work Authorisation""]",SYNTHETIC-DEMO-EVENT-SYN-DEMO-0675,train,false,true,Unsafe Act,Digboi Refinery,Maintenance,2025-01-15T08:00:00+05:30,ASCENSION_TEMPLATE_GENERATOR,"SYNTHETIC_DEVELOPMENT_ONLY; not a real incident, HSE label or validation record."
SYN-DEMO-0676,"While the task was under way, Grinding near the hydrocarbon line began after gas testing and a fire watch were confirmed. Work on the process line resumed only after the changed conditions were reviewed and the permit was reauthorised. The task took place at Digboi Refinery. The task was in its positioning stage. No injury was reported; the exposure pathway was documented for follow-up.",0,"[""Hot Work"", ""Work Authorisation""]",SYNTHETIC-DEMO-EVENT-SYN-DEMO-0676,train,false,true,Unsafe Act,Digboi Refinery,Maintenance,2025-01-15T08:00:00+05:30,ASCENSION_TEMPLATE_GENERATOR,"SYNTHETIC_DEVELOPMENT_ONLY; not a real incident, HSE label or validation record."
SYN-DEMO-0677,"While the task was under way, Grinding began near a hydrocarbon line without a gas test or fire watch in place. Work on a live process line continued after the permit conditions changed without reauthorisation. The task took place at Digboi Refinery. The task was in its positioning stage. No injury was reported; the exposure pathway was documented for follow-up.",1,"[""Hot Work"", ""Work Authorisation""]",SYNTHETIC-DEMO-EVENT-SYN-DEMO-0677,train,false,true,Incident,Naharkatiya Field,Projects,2025-01-16T08:00:00+05:30,ASCENSION_TEMPLATE_GENERATOR,"SYNTHETIC_DEVELOPMENT_ONLY; not a real incident, HSE label or validation record."
SYN-DEMO-0678,"Following a toolbox talk, Grinding near the hydrocarbon line began after gas testing and a fire watch were confirmed. Work on the process line resumed only after the changed conditions were reviewed and the permit was reauthorised. The task took place at Naharkatiya Field. The task was in its positioning stage. The event was recorded for HSE review and corrective action.",0,"[""Hot Work"", ""Work Authorisation""]",SYNTHETIC-DEMO-EVENT-SYN-DEMO-0678,calibration,false,true,Incident,Naharkatiya Field,Projects,2025-01-16T08:00:00+05:30,ASCENSION_TEMPLATE_GENERATOR,"SYNTHETIC_DEVELOPMENT_ONLY; not a real incident, HSE label or validation record."
SYN-DEMO-0679,"Following a toolbox talk, Grinding began near a hydrocarbon line without a gas test or fire watch in place. Work on a live process line continued after the permit conditions changed without reauthorisation. The task took place at Naharkatiya Field. The task was in its positioning stage. The event was recorded for HSE review and corrective action.",1,"[""Hot Work"", ""Work Authorisation""]",SYNTHETIC-DEMO-EVENT-SYN-DEMO-0679,train,false,true,Near Miss,Duliajan Field,Drilling,2025-01-17T08:00:00+05:30,ASCENSION_TEMPLATE_GENERATOR,"SYNTHETIC_DEVELOPMENT_ONLY; not a real incident, HSE label or validation record."
SYN-DEMO-0680,"During routine operations, Grinding near the hydrocarbon line began after gas testing and a fire watch were confirmed. Work on the process line resumed only after the changed conditions were reviewed and the permit was reauthorised. The task took place at Duliajan Field. The task was in its positioning stage. The task was stopped and escalated for review.",0,"[""Hot Work"", ""Work Authorisation""]",SYNTHETIC-DEMO-EVENT-SYN-DEMO-0680,test,false,true,Near Miss,Duliajan Field,Drilling,2025-01-17T08:00:00+05:30,ASCENSION_TEMPLATE_GENERATOR,"SYNTHETIC_DEVELOPMENT_ONLY; not a real incident, HSE label or validation record."
SYN-DEMO-0681,"During routine operations, Grinding began near a hydrocarbon line without a gas test or fire watch in place. Work on a live process line continued after the permit conditions changed without reauthorisation. The task took place at Duliajan Field. The task was in its positioning stage. The task was stopped and escalated for review.",1,"[""Hot Work"", ""Work Authorisation""]",SYNTHETIC-DEMO-EVENT-SYN-DEMO-0681,calibration,false,true,Unsafe Condition,Moran Field,Production,2025-01-18T08:00:00+05:30,ASCENSION_TEMPLATE_GENERATOR,"SYNTHETIC_DEVELOPMENT_ONLY; not a real incident, HSE label or validation record."
SYN-DEMO-0682,"At the start of the task, Grinding near the hydrocarbon line began after gas testing and a fire watch were confirmed. Work on the process line resumed only after the changed conditions were reviewed and the permit was reauthorised. The task took place at Moran Field. The task was in its positioning stage. The supervisor was notified and the area was made safe.",0,"[""Hot Work"", ""Work Authorisation""]",SYNTHETIC-DEMO-EVENT-SYN-DEMO-0682,train,false,true,Unsafe Condition,Moran Field,Production,2025-01-18T08:00:00+05:30,ASCENSION_TEMPLATE_GENERATOR,"SYNTHETIC_DEVELOPMENT_ONLY; not a real incident, HSE label or validation record."
SYN-DEMO-0683,"At the start of the task, Grinding began near a hydrocarbon line without a gas test or fire watch in place. Work on a live process line continued after the permit conditions changed without reauthorisation. The task took place at Moran Field. The task was in its positioning stage. The supervisor was notified and the area was made safe.",1,"[""Hot Work"", ""Work Authorisation""]",SYNTHETIC-DEMO-EVENT-SYN-DEMO-0683,calibration,false,true,Unsafe Act,Digboi Refinery,Maintenance,2025-01-19T08:00:00+05:30,ASCENSION_TEMPLATE_GENERATOR,"SYNTHETIC_DEVELOPMENT_ONLY; not a real incident, HSE label or validation record."
SYN-DEMO-0684,"During the shift handover, Grinding near the hydrocarbon line began after gas testing and a fire watch were confirmed. Work on the process line resumed only after the changed conditions were reviewed and the permit was reauthorised. The task took place at Digboi Refinery. The task was in its positioning stage. No injury was reported; the exposure pathway was documented for follow-up.",0,"[""Hot Work"", ""Work Authorisation""]",SYNTHETIC-DEMO-EVENT-SYN-DEMO-0684,calibration,false,true,Unsafe Act,Digboi Refinery,Maintenance,2025-01-19T08:00:00+05:30,ASCENSION_TEMPLATE_GENERATOR,"SYNTHETIC_DEVELOPMENT_ONLY; not a real incident, HSE label or validation record."
SYN-DEMO-0685,"During the shift handover, A technician entered a vessel before atmosphere testing was completed and without a documented entry permit. Work on a live process line continued after the permit conditions changed without reauthorisation. The task took place at Duliajan Field. The task was in its preparation stage. The task was stopped and escalated for review.",1,"[""Confined Space"", ""Work Authorisation""]",SYNTHETIC-DEMO-EVENT-SYN-DEMO-0685,validation,false,true,Unsafe Condition,Moran Field,Production,2025-01-02T08:00:00+05:30,ASCENSION_TEMPLATE_GENERATOR,"SYNTHETIC_DEVELOPMENT_ONLY; not a real incident, HSE label or validation record."
SYN-DEMO-0686,"During planned work, A technician entered the vessel after atmosphere testing, an entry permit and a standby attendant were confirmed. Work on the process line resumed only after the changed conditions were reviewed and the permit was reauthorised. The task took place at Moran Field. The task was in its preparation stage. The supervisor was notified and the area was made safe.",0,"[""Confined Space"", ""Work Authorisation""]",SYNTHETIC-DEMO-EVENT-SYN-DEMO-0686,test,false,true,Unsafe Condition,Moran Field,Production,2025-01-02T08:00:00+05:30,ASCENSION_TEMPLATE_GENERATOR,"SYNTHETIC_DEVELOPMENT_ONLY; not a real incident, HSE label or validation record."
SYN-DEMO-0687,"During planned work, A technician entered a vessel before atmosphere testing was completed and without a documented entry permit. Work on a live process line continued after the permit conditions changed without reauthorisation. The task took place at Moran Field. The task was in its preparation stage. The supervisor was notified and the area was made safe.",1,"[""Confined Space"", ""Work Authorisation""]",SYNTHETIC-DEMO-EVENT-SYN-DEMO-0687,calibration,false,true,Unsafe Act,Digboi Refinery,Maintenance,2025-01-03T08:00:00+05:30,ASCENSION_TEMPLATE_GENERATOR,"SYNTHETIC_DEVELOPMENT_ONLY; not a real incident, HSE label or validation record."
SYN-DEMO-0688,"While the task was under way, A technician entered the vessel after atmosphere testing, an entry permit and a standby attendant were confirmed. Work on the process line resumed only after the changed conditions were reviewed and the permit was reauthorised. The task took place at Digboi Refinery. The task was in its preparation stage. No injury was reported; the exposure pathway was documented for follow-up.",0,"[""Confined Space"", ""Work Authorisation""]",SYNTHETIC-DEMO-EVENT-SYN-DEMO-0688,train,false,true,Unsafe Act,Digboi Refinery,Maintenance,2025-01-03T08:00:00+05:30,ASCENSION_TEMPLATE_GENERATOR,"SYNTHETIC_DEVELOPMENT_ONLY; not a real incident, HSE label or validation record."
SYN-DEMO-0689,"While the task was under way, A technician entered a vessel before atmosphere testing was completed and without a documented entry permit. Work on a live process line continued after the permit conditions changed without reauthorisation. The task took place at Digboi Refinery. The task was in its preparation stage. No injury was reported; the exposure pathway was documented for follow-up.",1,"[""Confined Space"", ""Work Authorisation""]",SYNTHETIC-DEMO-EVENT-SYN-DEMO-0689,train,false,true,Incident,Naharkatiya Field,Projects,2025-01-04T08:00:00+05:30,ASCENSION_TEMPLATE_GENERATOR,"SYNTHETIC_DEVELOPMENT_ONLY; not a real incident, HSE label or validation record."
SYN-DEMO-0690,"Following a toolbox talk, A technician entered the vessel after atmosphere testing, an entry permit and a standby attendant were confirmed. Work on the process line resumed only after the changed conditions were reviewed and the permit was reauthorised. The task took place at Naharkatiya Field. The task was in its preparation stage. The event was recorded for HSE review and corrective action.",0,"[""Confined Space"", ""Work Authorisation""]",SYNTHETIC-DEMO-EVENT-SYN-DEMO-0690,train,false,true,Incident,Naharkatiya Field,Projects,2025-01-04T08:00:00+05:30,ASCENSION_TEMPLATE_GENERATOR,"SYNTHETIC_DEVELOPMENT_ONLY; not a real incident, HSE label or validation record."
SYN-DEMO-0691,"Following a toolbox talk, A technician entered a vessel before atmosphere testing was completed and without a documented entry permit. Work on a live process line continued after the permit conditions changed without reauthorisation. The task took place at Naharkatiya Field. The task was in its preparation stage. The event was recorded for HSE review and corrective action.",1,"[""Confined Space"", ""Work Authorisation""]",SYNTHETIC-DEMO-EVENT-SYN-DEMO-0691,calibration,false,true,Near Miss,Duliajan Field,Drilling,2025-01-05T08:00:00+05:30,ASCENSION_TEMPLATE_GENERATOR,"SYNTHETIC_DEVELOPMENT_ONLY; not a real incident, HSE label or validation record."
SYN-DEMO-0692,"During routine operations, A technician entered the vessel after atmosphere testing, an entry permit and a standby attendant were confirmed. Work on the process line resumed only after the changed conditions were reviewed and the permit was reauthorised. The task took place at Duliajan Field. The task was in its preparation stage. The task was stopped and escalated for review.",0,"[""Confined Space"", ""Work Authorisation""]",SYNTHETIC-DEMO-EVENT-SYN-DEMO-0692,test,false,true,Near Miss,Duliajan Field,Drilling,2025-01-05T08:00:00+05:30,ASCENSION_TEMPLATE_GENERATOR,"SYNTHETIC_DEVELOPMENT_ONLY; not a real incident, HSE label or validation record."
SYN-DEMO-0693,"During routine operations, A technician entered a vessel before atmosphere testing was completed and without a documented entry permit. Work on a live process line continued after the permit conditions changed without reauthorisation. The task took place at Duliajan Field. The task was in its preparation stage. The task was stopped and escalated for review.",1,"[""Confined Space"", ""Work Authorisation""]",SYNTHETIC-DEMO-EVENT-SYN-DEMO-0693,test,false,true,Unsafe Condition,Moran Field,Production,2025-01-06T08:00:00+05:30,ASCENSION_TEMPLATE_GENERATOR,"SYNTHETIC_DEVELOPMENT_ONLY; not a real incident, HSE label or validation record."
SYN-DEMO-0694,"At the start of the task, A technician entered the vessel after atmosphere testing, an entry permit and a standby attendant were confirmed. Work on the process line resumed only after the changed conditions were reviewed and the permit was reauthorised. The task took place at Moran Field. The task was in its preparation stage. The supervisor was notified and the area was made safe.",0,"[""Confined Space"", ""Work Authorisation""]",SYNTHETIC-DEMO-EVENT-SYN-DEMO-0694,train,false,true,Unsafe Condition,Moran Field,Production,2025-01-06T08:00:00+05:30,ASCENSION_TEMPLATE_GENERATOR,"SYNTHETIC_DEVELOPMENT_ONLY; not a real incident, HSE label or validation record."
SYN-DEMO-0695,"At the start of the task, A technician entered a vessel before atmosphere testing was completed and without a documented entry permit. Work on a live process line continued after the permit conditions changed without reauthorisation. The task took place at Moran Field. The task was in its preparation stage. The supervisor was notified and the area was made safe.",1,"[""Confined Space"", ""Work Authorisation""]",SYNTHETIC-DEMO-EVENT-SYN-DEMO-0695,train,false,true,Unsafe Act,Digboi Refinery,Maintenance,2025-01-07T08:00:00+05:30,ASCENSION_TEMPLATE_GENERATOR,"SYNTHETIC_DEVELOPMENT_ONLY; not a real incident, HSE label or validation record."
SYN-DEMO-0696,"During the shift handover, A technician entered the vessel after atmosphere testing, an entry permit and a standby attendant were confirmed. Work on the process line resumed only after the changed conditions were reviewed and the permit was reauthorised. The task took place at Digboi Refinery. The task was in its preparation stage. No injury was reported; the exposure pathway was documented for follow-up.",0,"[""Confined Space"", ""Work Authorisation""]",SYNTHETIC-DEMO-EVENT-SYN-DEMO-0696,train,false,true,Unsafe Act,Digboi Refinery,Maintenance,2025-01-07T08:00:00+05:30,ASCENSION_TEMPLATE_GENERATOR,"SYNTHETIC_DEVELOPMENT_ONLY; not a real incident, HSE label or validation record."
SYN-DEMO-0697,"During the shift handover, A technician entered a vessel before atmosphere testing was completed and without a documented entry permit. Work on a live process line continued after the permit conditions changed without reauthorisation. The task took place at Digboi Refinery. The task was in its preparation stage. No injury was reported; the exposure pathway was documented for follow-up.",1,"[""Confined Space"", ""Work Authorisation""]",SYNTHETIC-DEMO-EVENT-SYN-DEMO-0697,test,false,true,Incident,Naharkatiya Field,Projects,2025-01-08T08:00:00+05:30,ASCENSION_TEMPLATE_GENERATOR,"SYNTHETIC_DEVELOPMENT_ONLY; not a real incident, HSE label or validation record."
SYN-DEMO-0698,"During planned work, A technician entered the vessel after atmosphere testing, an entry permit and a standby attendant were confirmed. Work on the process line resumed only after the changed conditions were reviewed and the permit was reauthorised. The task took place at Naharkatiya Field. The task was in its preparation stage. The event was recorded for HSE review and corrective action.",0,"[""Confined Space"", ""Work Authorisation""]",SYNTHETIC-DEMO-EVENT-SYN-DEMO-0698,train,false,true,Incident,Naharkatiya Field,Projects,2025-01-08T08:00:00+05:30,ASCENSION_TEMPLATE_GENERATOR,"SYNTHETIC_DEVELOPMENT_ONLY; not a real incident, HSE label or validation record."
SYN-DEMO-0699,"During planned work, A technician entered a vessel before atmosphere testing was completed and without a documented entry permit. Work on a live process line continued after the permit conditions changed without reauthorisation. The task took place at Naharkatiya Field. The task was in its preparation stage. The event was recorded for HSE review and corrective action.",1,"[""Confined Space"", ""Work Authorisation""]",SYNTHETIC-DEMO-EVENT-SYN-DEMO-0699,train,false,true,Near Miss,Duliajan Field,Drilling,2025-01-09T08:00:00+05:30,ASCENSION_TEMPLATE_GENERATOR,"SYNTHETIC_DEVELOPMENT_ONLY; not a real incident, HSE label or validation record."
SYN-DEMO-0700,"While the task was under way, A technician entered the vessel after atmosphere testing, an entry permit and a standby attendant were confirmed. Work on the process line resumed only after the changed conditions were reviewed and the permit was reauthorised. The task took place at Duliajan Field. The task was in its preparation stage. The task was stopped and escalated for review.",0,"[""Confined Space"", ""Work Authorisation""]",SYNTHETIC-DEMO-EVENT-SYN-DEMO-0700,calibration,false,true,Near Miss,Duliajan Field,Drilling,2025-01-09T08:00:00+05:30,ASCENSION_TEMPLATE_GENERATOR,"SYNTHETIC_DEVELOPMENT_ONLY; not a real incident, HSE label or validation record."
SYN-DEMO-0701,"While the task was under way, A technician entered a vessel before atmosphere testing was completed and without a documented entry permit. Work on a live process line continued after the permit conditions changed without reauthorisation. The task took place at Duliajan Field. The task was in its preparation stage. The task was stopped and escalated for review.",1,"[""Confined Space"", ""Work Authorisation""]",SYNTHETIC-DEMO-EVENT-SYN-DEMO-0701,train,false,true,Unsafe Condition,Moran Field,Production,2025-01-10T08:00:00+05:30,ASCENSION_TEMPLATE_GENERATOR,"SYNTHETIC_DEVELOPMENT_ONLY; not a real incident, HSE label or validation record."
SYN-DEMO-0702,"Following a toolbox talk, A technician entered the vessel after atmosphere testing, an entry permit and a standby attendant were confirmed. Work on the process line resumed only after the changed conditions were reviewed and the permit was reauthorised. The task took place at Moran Field. The task was in its preparation stage. The supervisor was notified and the area was made safe.",0,"[""Confined Space"", ""Work Authorisation""]",SYNTHETIC-DEMO-EVENT-SYN-DEMO-0702,calibration,false,true,Unsafe Condition,Moran Field,Production,2025-01-10T08:00:00+05:30,ASCENSION_TEMPLATE_GENERATOR,"SYNTHETIC_DEVELOPMENT_ONLY; not a real incident, HSE label or validation record."
SYN-DEMO-0703,"Following a toolbox talk, A technician entered a vessel before atmosphere testing was completed and without a documented entry permit. Work on a live process line continued after the permit conditions changed without reauthorisation. The task took place at Moran Field. The task was in its preparation stage. The supervisor was notified and the area was made safe.",1,"[""Confined Space"", ""Work Authorisation""]",SYNTHETIC-DEMO-EVENT-SYN-DEMO-0703,test,false,true,Unsafe Act,Digboi Refinery,Maintenance,2025-01-11T08:00:00+05:30,ASCENSION_TEMPLATE_GENERATOR,"SYNTHETIC_DEVELOPMENT_ONLY; not a real incident, HSE label or validation record."
SYN-DEMO-0704,"During routine operations, A technician entered the vessel after atmosphere testing, an entry permit and a standby attendant were confirmed. Work on the process line resumed only after the changed conditions were reviewed and the permit was reauthorised. The task took place at Digboi Refinery. The task was in its preparation stage. No injury was reported; the exposure pathway was documented for follow-up.",0,"[""Confined Space"", ""Work Authorisation""]",SYNTHETIC-DEMO-EVENT-SYN-DEMO-0704,train,false,true,Unsafe Act,Digboi Refinery,Maintenance,2025-01-11T08:00:00+05:30,ASCENSION_TEMPLATE_GENERATOR,"SYNTHETIC_DEVELOPMENT_ONLY; not a real incident, HSE label or validation record."
SYN-DEMO-0705,"During routine operations, A technician entered a vessel before atmosphere testing was completed and without a documented entry permit. Work on a live process line continued after the permit conditions changed without reauthorisation. The task took place at Digboi Refinery. The task was in its preparation stage. No injury was reported; the exposure pathway was documented for follow-up.",1,"[""Confined Space"", ""Work Authorisation""]",SYNTHETIC-DEMO-EVENT-SYN-DEMO-0705,calibration,false,true,Incident,Naharkatiya Field,Projects,2025-01-12T08:00:00+05:30,ASCENSION_TEMPLATE_GENERATOR,"SYNTHETIC_DEVELOPMENT_ONLY; not a real incident, HSE label or validation record."
SYN-DEMO-0706,"At the start of the task, A technician entered the vessel after atmosphere testing, an entry permit and a standby attendant were confirmed. Work on the process line resumed only after the changed conditions were reviewed and the permit was reauthorised. The task took place at Naharkatiya Field. The task was in its preparation stage. The event was recorded for HSE review and corrective action.",0,"[""Confined Space"", ""Work Authorisation""]",SYNTHETIC-DEMO-EVENT-SYN-DEMO-0706,train,false,true,Incident,Naharkatiya Field,Projects,2025-01-12T08:00:00+05:30,ASCENSION_TEMPLATE_GENERATOR,"SYNTHETIC_DEVELOPMENT_ONLY; not a real incident, HSE label or validation record."
SYN-DEMO-0707,"At the start of the task, A technician entered a vessel before atmosphere testing was completed and without a documented entry permit. Work on a live process line continued after the permit conditions changed without reauthorisation. The task took place at Naharkatiya Field. The task was in its preparation stage. The event was recorded for HSE review and corrective action.",1,"[""Confined Space"", ""Work Authorisation""]",SYNTHETIC-DEMO-EVENT-SYN-DEMO-0707,train,false,true,Near Miss,Duliajan Field,Drilling,2025-01-13T08:00:00+05:30,ASCENSION_TEMPLATE_GENERATOR,"SYNTHETIC_DEVELOPMENT_ONLY; not a real incident, HSE label or validation record."
SYN-DEMO-0708,"During the shift handover, A technician entered the vessel after atmosphere testing, an entry permit and a standby attendant were confirmed. Work on the process line resumed only after the changed conditions were reviewed and the permit was reauthorised. The task took place at Duliajan Field. The task was in its preparation stage. The task was stopped and escalated for review.",0,"[""Confined Space"", ""Work Authorisation""]",SYNTHETIC-DEMO-EVENT-SYN-DEMO-0708,validation,false,true,Near Miss,Duliajan Field,Drilling,2025-01-13T08:00:00+05:30,ASCENSION_TEMPLATE_GENERATOR,"SYNTHETIC_DEVELOPMENT_ONLY; not a real incident, HSE label or validation record."
SYN-DEMO-0709,"During the shift handover, A technician entered a vessel before atmosphere testing was completed and without a documented entry permit. Work on a live process line continued after the permit conditions changed without reauthorisation. The task took place at Duliajan Field. The task was in its positioning stage. The task was stopped and escalated for review.",1,"[""Confined Space"", ""Work Authorisation""]",SYNTHETIC-DEMO-EVENT-SYN-DEMO-0709,calibration,false,true,Unsafe Condition,Moran Field,Production,2025-01-14T08:00:00+05:30,ASCENSION_TEMPLATE_GENERATOR,"SYNTHETIC_DEVELOPMENT_ONLY; not a real incident, HSE label or validation record."
SYN-DEMO-0710,"During planned work, A technician entered the vessel after atmosphere testing, an entry permit and a standby attendant were confirmed. Work on the process line resumed only after the changed conditions were reviewed and the permit was reauthorised. The task took place at Moran Field. The task was in its positioning stage. The supervisor was notified and the area was made safe.",0,"[""Confined Space"", ""Work Authorisation""]",SYNTHETIC-DEMO-EVENT-SYN-DEMO-0710,calibration,false,true,Unsafe Condition,Moran Field,Production,2025-01-14T08:00:00+05:30,ASCENSION_TEMPLATE_GENERATOR,"SYNTHETIC_DEVELOPMENT_ONLY; not a real incident, HSE label or validation record."
SYN-DEMO-0711,"During planned work, A technician entered a vessel before atmosphere testing was completed and without a documented entry permit. Work on a live process line continued after the permit conditions changed without reauthorisation. The task took place at Moran Field. The task was in its positioning stage. The supervisor was notified and the area was made safe.",1,"[""Confined Space"", ""Work Authorisation""]",SYNTHETIC-DEMO-EVENT-SYN-DEMO-0711,train,false,true,Unsafe Act,Digboi Refinery,Maintenance,2025-01-15T08:00:00+05:30,ASCENSION_TEMPLATE_GENERATOR,"SYNTHETIC_DEVELOPMENT_ONLY; not a real incident, HSE label or validation record."
SYN-DEMO-0712,"While the task was under way, A technician entered the vessel after atmosphere testing, an entry permit and a standby attendant were confirmed. Work on the process line resumed only after the changed conditions were reviewed and the permit was reauthorised. The task took place at Digboi Refinery. The task was in its positioning stage. No injury was reported; the exposure pathway was documented for follow-up.",0,"[""Confined Space"", ""Work Authorisation""]",SYNTHETIC-DEMO-EVENT-SYN-DEMO-0712,calibration,false,true,Unsafe Act,Digboi Refinery,Maintenance,2025-01-15T08:00:00+05:30,ASCENSION_TEMPLATE_GENERATOR,"SYNTHETIC_DEVELOPMENT_ONLY; not a real incident, HSE label or validation record."
SYN-DEMO-0713,"While the task was under way, A technician entered a vessel before atmosphere testing was completed and without a documented entry permit. Work on a live process line continued after the permit conditions changed without reauthorisation. The task took place at Digboi Refinery. The task was in its positioning stage. No injury was reported; the exposure pathway was documented for follow-up.",1,"[""Confined Space"", ""Work Authorisation""]",SYNTHETIC-DEMO-EVENT-SYN-DEMO-0713,train,false,true,Incident,Naharkatiya Field,Projects,2025-01-16T08:00:00+05:30,ASCENSION_TEMPLATE_GENERATOR,"SYNTHETIC_DEVELOPMENT_ONLY; not a real incident, HSE label or validation record."
SYN-DEMO-0714,"Following a toolbox talk, A technician entered the vessel after atmosphere testing, an entry permit and a standby attendant were confirmed. Work on the process line resumed only after the changed conditions were reviewed and the permit was reauthorised. The task took place at Naharkatiya Field. The task was in its positioning stage. The event was recorded for HSE review and corrective action.",0,"[""Confined Space"", ""Work Authorisation""]",SYNTHETIC-DEMO-EVENT-SYN-DEMO-0714,train,false,true,Incident,Naharkatiya Field,Projects,2025-01-16T08:00:00+05:30,ASCENSION_TEMPLATE_GENERATOR,"SYNTHETIC_DEVELOPMENT_ONLY; not a real incident, HSE label or validation record."
SYN-DEMO-0715,"Following a toolbox talk, A technician entered a vessel before atmosphere testing was completed and without a documented entry permit. Work on a live process line continued after the permit conditions changed without reauthorisation. The task took place at Naharkatiya Field. The task was in its positioning stage. The event was recorded for HSE review and corrective action.",1,"[""Confined Space"", ""Work Authorisation""]",SYNTHETIC-DEMO-EVENT-SYN-DEMO-0715,train,false,true,Near Miss,Duliajan Field,Drilling,2025-01-17T08:00:00+05:30,ASCENSION_TEMPLATE_GENERATOR,"SYNTHETIC_DEVELOPMENT_ONLY; not a real incident, HSE label or validation record."
SYN-DEMO-0716,"During routine operations, A technician entered the vessel after atmosphere testing, an entry permit and a standby attendant were confirmed. Work on the process line resumed only after the changed conditions were reviewed and the permit was reauthorised. The task took place at Duliajan Field. The task was in its positioning stage. The task was stopped and escalated for review.",0,"[""Confined Space"", ""Work Authorisation""]",SYNTHETIC-DEMO-EVENT-SYN-DEMO-0716,test,false,true,Near Miss,Duliajan Field,Drilling,2025-01-17T08:00:00+05:30,ASCENSION_TEMPLATE_GENERATOR,"SYNTHETIC_DEVELOPMENT_ONLY; not a real incident, HSE label or validation record."
SYN-DEMO-0717,"During routine operations, A technician entered a vessel before atmosphere testing was completed and without a documented entry permit. Work on a live process line continued after the permit conditions changed without reauthorisation. The task took place at Duliajan Field. The task was in its positioning stage. The task was stopped and escalated for review.",1,"[""Confined Space"", ""Work Authorisation""]",SYNTHETIC-DEMO-EVENT-SYN-DEMO-0717,train,false,true,Unsafe Condition,Moran Field,Production,2025-01-18T08:00:00+05:30,ASCENSION_TEMPLATE_GENERATOR,"SYNTHETIC_DEVELOPMENT_ONLY; not a real incident, HSE label or validation record."
SYN-DEMO-0718,"At the start of the task, A technician entered the vessel after atmosphere testing, an entry permit and a standby attendant were confirmed. Work on the process line resumed only after the changed conditions were reviewed and the permit was reauthorised. The task took place at Moran Field. The task was in its positioning stage. The supervisor was notified and the area was made safe.",0,"[""Confined Space"", ""Work Authorisation""]",SYNTHETIC-DEMO-EVENT-SYN-DEMO-0718,train,false,true,Unsafe Condition,Moran Field,Production,2025-01-18T08:00:00+05:30,ASCENSION_TEMPLATE_GENERATOR,"SYNTHETIC_DEVELOPMENT_ONLY; not a real incident, HSE label or validation record."
SYN-DEMO-0719,"At the start of the task, A technician entered a vessel before atmosphere testing was completed and without a documented entry permit. Work on a live process line continued after the permit conditions changed without reauthorisation. The task took place at Moran Field. The task was in its positioning stage. The supervisor was notified and the area was made safe.",1,"[""Confined Space"", ""Work Authorisation""]",SYNTHETIC-DEMO-EVENT-SYN-DEMO-0719,train,false,true,Unsafe Act,Digboi Refinery,Maintenance,2025-01-19T08:00:00+05:30,ASCENSION_TEMPLATE_GENERATOR,"SYNTHETIC_DEVELOPMENT_ONLY; not a real incident, HSE label or validation record."
SYN-DEMO-0720,"During the shift handover, A technician entered the vessel after atmosphere testing, an entry permit and a standby attendant were confirmed. Work on the process line resumed only after the changed conditions were reviewed and the permit was reauthorised. The task took place at Digboi Refinery. The task was in its positioning stage. No injury was reported; the exposure pathway was documented for follow-up.",0,"[""Confined Space"", ""Work Authorisation""]",SYNTHETIC-DEMO-EVENT-SYN-DEMO-0720,train,false,true,Unsafe Act,Digboi Refinery,Maintenance,2025-01-19T08:00:00+05:30,ASCENSION_TEMPLATE_GENERATOR,"SYNTHETIC_DEVELOPMENT_ONLY; not a real incident, HSE label or validation record."
SYN-DEMO-0721,"During the shift handover, A reversing service vehicle moved through a pedestrian work area without a spotter or separation barrier. A worker placed a hand between moving equipment and a fixed support during alignment. The task took place at Duliajan Field. The task was in its preparation stage. The task was stopped and escalated for review.",1,"[""Driving"", ""Line of Fire""]",SYNTHETIC-DEMO-EVENT-SYN-DEMO-0721,calibration,false,true,Unsafe Condition,Moran Field,Production,2025-01-02T08:00:00+05:30,ASCENSION_TEMPLATE_GENERATOR,"SYNTHETIC_DEVELOPMENT_ONLY; not a real incident, HSE label or validation record."
SYN-DEMO-0722,"During planned work, A reversing service vehicle used a spotter and the pedestrian route was segregated before movement began. The worker used a positioning tool and remained clear of the pinch point during alignment. The task took place at Moran Field. The task was in its preparation stage. The supervisor was notified and the area was made safe.",0,"[""Driving"", ""Line of Fire""]",SYNTHETIC-DEMO-EVENT-SYN-DEMO-0722,test,false,true,Unsafe Condition,Moran Field,Production,2025-01-02T08:00:00+05:30,ASCENSION_TEMPLATE_GENERATOR,"SYNTHETIC_DEVELOPMENT_ONLY; not a real incident, HSE label or validation record."
SYN-DEMO-0723,"During planned work, A reversing service vehicle moved through a pedestrian work area without a spotter or separation barrier. A worker placed a hand between moving equipment and a fixed support during alignment. The task took place at Moran Field. The task was in its preparation stage. The supervisor was notified and the area was made safe.",1,"[""Driving"", ""Line of Fire""]",SYNTHETIC-DEMO-EVENT-SYN-DEMO-0723,test,false,true,Unsafe Act,Digboi Refinery,Maintenance,2025-01-03T08:00:00+05:30,ASCENSION_TEMPLATE_GENERATOR,"SYNTHETIC_DEVELOPMENT_ONLY; not a real incident, HSE label or validation record."
SYN-DEMO-0724,"While the task was under way, A reversing service vehicle used a spotter and the pedestrian route was segregated before movement began. The worker used a positioning tool and remained clear of the pinch point during alignment. The task took place at Digboi Refinery. The task was in its preparation stage. No injury was reported; the exposure pathway was documented for follow-up.",0,"[""Driving"", ""Line of Fire""]",SYNTHETIC-DEMO-EVENT-SYN-DEMO-0724,train,false,true,Unsafe Act,Digboi Refinery,Maintenance,2025-01-03T08:00:00+05:30,ASCENSION_TEMPLATE_GENERATOR,"SYNTHETIC_DEVELOPMENT_ONLY; not a real incident, HSE label or validation record."
SYN-DEMO-0725,"While the task was under way, A reversing service vehicle moved through a pedestrian work area without a spotter or separation barrier. A worker placed a hand between moving equipment and a fixed support during alignment. The task took place at Digboi Refinery. The task was in its preparation stage. No injury was reported; the exposure pathway was documented for follow-up.",1,"[""Driving"", ""Line of Fire""]",SYNTHETIC-DEMO-EVENT-SYN-DEMO-0725,train,false,true,Incident,Naharkatiya Field,Projects,2025-01-04T08:00:00+05:30,ASCENSION_TEMPLATE_GENERATOR,"SYNTHETIC_DEVELOPMENT_ONLY; not a real incident, HSE label or validation record."
SYN-DEMO-0726,"Following a toolbox talk, A reversing service vehicle used a spotter and the pedestrian route was segregated before movement began. The worker used a positioning tool and remained clear of the pinch point during alignment. The task took place at Naharkatiya Field. The task was in its preparation stage. The event was recorded for HSE review and corrective action.",0,"[""Driving"", ""Line of Fire""]",SYNTHETIC-DEMO-EVENT-SYN-DEMO-0726,train,false,true,Incident,Naharkatiya Field,Projects,2025-01-04T08:00:00+05:30,ASCENSION_TEMPLATE_GENERATOR,"SYNTHETIC_DEVELOPMENT_ONLY; not a real incident, HSE label or validation record."
SYN-DEMO-0727,"Following a toolbox talk, A reversing service vehicle moved through a pedestrian work area without a spotter or separation barrier. A worker placed a hand between moving equipment and a fixed support during alignment. The task took place at Naharkatiya Field. The task was in its preparation stage. The event was recorded for HSE review and corrective action.",1,"[""Driving"", ""Line of Fire""]",SYNTHETIC-DEMO-EVENT-SYN-DEMO-0727,train,false,true,Near Miss,Duliajan Field,Drilling,2025-01-05T08:00:00+05:30,ASCENSION_TEMPLATE_GENERATOR,"SYNTHETIC_DEVELOPMENT_ONLY; not a real incident, HSE label or validation record."
SYN-DEMO-0728,"During routine operations, A reversing service vehicle used a spotter and the pedestrian route was segregated before movement began. The worker used a positioning tool and remained clear of the pinch point during alignment. The task took place at Duliajan Field. The task was in its preparation stage. The task was stopped and escalated for review.",0,"[""Driving"", ""Line of Fire""]",SYNTHETIC-DEMO-EVENT-SYN-DEMO-0728,train,false,true,Near Miss,Duliajan Field,Drilling,2025-01-05T08:00:00+05:30,ASCENSION_TEMPLATE_GENERATOR,"SYNTHETIC_DEVELOPMENT_ONLY; not a real incident, HSE label or validation record."
SYN-DEMO-0729,"During routine operations, A reversing service vehicle moved through a pedestrian work area without a spotter or separation barrier. A worker placed a hand between moving equipment and a fixed support during alignment. The task took place at Duliajan Field. The task was in its preparation stage. The task was stopped and escalated for review.",1,"[""Driving"", ""Line of Fire""]",SYNTHETIC-DEMO-EVENT-SYN-DEMO-0729,train,false,true,Unsafe Condition,Moran Field,Production,2025-01-06T08:00:00+05:30,ASCENSION_TEMPLATE_GENERATOR,"SYNTHETIC_DEVELOPMENT_ONLY; not a real incident, HSE label or validation record."
SYN-DEMO-0730,"At the start of the task, A reversing service vehicle used a spotter and the pedestrian route was segregated before movement began. The worker used a positioning tool and remained clear of the pinch point during alignment. The task took place at Moran Field. The task was in its preparation stage. The supervisor was notified and the area was made safe.",0,"[""Driving"", ""Line of Fire""]",SYNTHETIC-DEMO-EVENT-SYN-DEMO-0730,calibration,false,true,Unsafe Condition,Moran Field,Production,2025-01-06T08:00:00+05:30,ASCENSION_TEMPLATE_GENERATOR,"SYNTHETIC_DEVELOPMENT_ONLY; not a real incident, HSE label or validation record."
SYN-DEMO-0731,"At the start of the task, A reversing service vehicle moved through a pedestrian work area without a spotter or separation barrier. A worker placed a hand between moving equipment and a fixed support during alignment. The task took place at Moran Field. The task was in its preparation stage. The supervisor was notified and the area was made safe.",1,"[""Driving"", ""Line of Fire""]",SYNTHETIC-DEMO-EVENT-SYN-DEMO-0731,train,false,true,Unsafe Act,Digboi Refinery,Maintenance,2025-01-07T08:00:00+05:30,ASCENSION_TEMPLATE_GENERATOR,"SYNTHETIC_DEVELOPMENT_ONLY; not a real incident, HSE label or validation record."
SYN-DEMO-0732,"During the shift handover, A reversing service vehicle used a spotter and the pedestrian route was segregated before movement began. The worker used a positioning tool and remained clear of the pinch point during alignment. The task took place at Digboi Refinery. The task was in its preparation stage. No injury was reported; the exposure pathway was documented for follow-up.",0,"[""Driving"", ""Line of Fire""]",SYNTHETIC-DEMO-EVENT-SYN-DEMO-0732,test,false,true,Unsafe Act,Digboi Refinery,Maintenance,2025-01-07T08:00:00+05:30,ASCENSION_TEMPLATE_GENERATOR,"SYNTHETIC_DEVELOPMENT_ONLY; not a real incident, HSE label or validation record."
SYN-DEMO-0733,"During the shift handover, A reversing service vehicle moved through a pedestrian work area without a spotter or separation barrier. A worker placed a hand between moving equipment and a fixed support during alignment. The task took place at Digboi Refinery. The task was in its preparation stage. No injury was reported; the exposure pathway was documented for follow-up.",1,"[""Driving"", ""Line of Fire""]",SYNTHETIC-DEMO-EVENT-SYN-DEMO-0733,calibration,false,true,Incident,Naharkatiya Field,Projects,2025-01-08T08:00:00+05:30,ASCENSION_TEMPLATE_GENERATOR,"SYNTHETIC_DEVELOPMENT_ONLY; not a real incident, HSE label or validation record."
SYN-DEMO-0734,"During planned work, A reversing service vehicle used a spotter and the pedestrian route was segregated before movement began. The worker used a positioning tool and remained clear of the pinch point during alignment. The task took place at Naharkatiya Field. The task was in its preparation stage. The event was recorded for HSE review and corrective action.",0,"[""Driving"", ""Line of Fire""]",SYNTHETIC-DEMO-EVENT-SYN-DEMO-0734,train,false,true,Incident,Naharkatiya Field,Projects,2025-01-08T08:00:00+05:30,ASCENSION_TEMPLATE_GENERATOR,"SYNTHETIC_DEVELOPMENT_ONLY; not a real incident, HSE label or validation record."
SYN-DEMO-0735,"During planned work, A reversing service vehicle moved through a pedestrian work area without a spotter or separation barrier. A worker placed a hand between moving equipment and a fixed support during alignment. The task took place at Naharkatiya Field. The task was in its preparation stage. The event was recorded for HSE review and corrective action.",1,"[""Driving"", ""Line of Fire""]",SYNTHETIC-DEMO-EVENT-SYN-DEMO-0735,train,false,true,Near Miss,Duliajan Field,Drilling,2025-01-09T08:00:00+05:30,ASCENSION_TEMPLATE_GENERATOR,"SYNTHETIC_DEVELOPMENT_ONLY; not a real incident, HSE label or validation record."
SYN-DEMO-0736,"While the task was under way, A reversing service vehicle used a spotter and the pedestrian route was segregated before movement began. The worker used a positioning tool and remained clear of the pinch point during alignment. The task took place at Duliajan Field. The task was in its preparation stage. The task was stopped and escalated for review.",0,"[""Driving"", ""Line of Fire""]",SYNTHETIC-DEMO-EVENT-SYN-DEMO-0736,train,false,true,Near Miss,Duliajan Field,Drilling,2025-01-09T08:00:00+05:30,ASCENSION_TEMPLATE_GENERATOR,"SYNTHETIC_DEVELOPMENT_ONLY; not a real incident, HSE label or validation record."
SYN-DEMO-0737,"While the task was under way, A reversing service vehicle moved through a pedestrian work area without a spotter or separation barrier. A worker placed a hand between moving equipment and a fixed support during alignment. The task took place at Duliajan Field. The task was in its preparation stage. The task was stopped and escalated for review.",1,"[""Driving"", ""Line of Fire""]",SYNTHETIC-DEMO-EVENT-SYN-DEMO-0737,test,false,true,Unsafe Condition,Moran Field,Production,2025-01-10T08:00:00+05:30,ASCENSION_TEMPLATE_GENERATOR,"SYNTHETIC_DEVELOPMENT_ONLY; not a real incident, HSE label or validation record."
SYN-DEMO-0738,"Following a toolbox talk, A reversing service vehicle used a spotter and the pedestrian route was segregated before movement began. The worker used a positioning tool and remained clear of the pinch point during alignment. The task took place at Moran Field. The task was in its preparation stage. The supervisor was notified and the area was made safe.",0,"[""Driving"", ""Line of Fire""]",SYNTHETIC-DEMO-EVENT-SYN-DEMO-0738,train,false,true,Unsafe Condition,Moran Field,Production,2025-01-10T08:00:00+05:30,ASCENSION_TEMPLATE_GENERATOR,"SYNTHETIC_DEVELOPMENT_ONLY; not a real incident, HSE label or validation record."
SYN-DEMO-0739,"Following a toolbox talk, A reversing service vehicle moved through a pedestrian work area without a spotter or separation barrier. A worker placed a hand between moving equipment and a fixed support during alignment. The task took place at Moran Field. The task was in its preparation stage. The supervisor was notified and the area was made safe.",1,"[""Driving"", ""Line of Fire""]",SYNTHETIC-DEMO-EVENT-SYN-DEMO-0739,train,false,true,Unsafe Act,Digboi Refinery,Maintenance,2025-01-11T08:00:00+05:30,ASCENSION_TEMPLATE_GENERATOR,"SYNTHETIC_DEVELOPMENT_ONLY; not a real incident, HSE label or validation record."
SYN-DEMO-0740,"During routine operations, A reversing service vehicle used a spotter and the pedestrian route was segregated before movement began. The worker used a positioning tool and remained clear of the pinch point during alignment. The task took place at Digboi Refinery. The task was in its preparation stage. No injury was reported; the exposure pathway was documented for follow-up.",0,"[""Driving"", ""Line of Fire""]",SYNTHETIC-DEMO-EVENT-SYN-DEMO-0740,train,false,true,Unsafe Act,Digboi Refinery,Maintenance,2025-01-11T08:00:00+05:30,ASCENSION_TEMPLATE_GENERATOR,"SYNTHETIC_DEVELOPMENT_ONLY; not a real incident, HSE label or validation record."
SYN-DEMO-0741,"During routine operations, A reversing service vehicle moved through a pedestrian work area without a spotter or separation barrier. A worker placed a hand between moving equipment and a fixed support during alignment. The task took place at Digboi Refinery. The task was in its preparation stage. No injury was reported; the exposure pathway was documented for follow-up.",1,"[""Driving"", ""Line of Fire""]",SYNTHETIC-DEMO-EVENT-SYN-DEMO-0741,test,false,true,Incident,Naharkatiya Field,Projects,2025-01-12T08:00:00+05:30,ASCENSION_TEMPLATE_GENERATOR,"SYNTHETIC_DEVELOPMENT_ONLY; not a real incident, HSE label or validation record."
SYN-DEMO-0742,"At the start of the task, A reversing service vehicle used a spotter and the pedestrian route was segregated before movement began. The worker used a positioning tool and remained clear of the pinch point during alignment. The task took place at Naharkatiya Field. The task was in its preparation stage. The event was recorded for HSE review and corrective action.",0,"[""Driving"", ""Line of Fire""]",SYNTHETIC-DEMO-EVENT-SYN-DEMO-0742,train,false,true,Incident,Naharkatiya Field,Projects,2025-01-12T08:00:00+05:30,ASCENSION_TEMPLATE_GENERATOR,"SYNTHETIC_DEVELOPMENT_ONLY; not a real incident, HSE label or validation record."
SYN-DEMO-0743,"At the start of the task, A reversing service vehicle moved through a pedestrian work area without a spotter or separation barrier. A worker placed a hand between moving equipment and a fixed support during alignment. The task took place at Naharkatiya Field. The task was in its preparation stage. The event was recorded for HSE review and corrective action.",1,"[""Driving"", ""Line of Fire""]",SYNTHETIC-DEMO-EVENT-SYN-DEMO-0743,train,false,true,Near Miss,Duliajan Field,Drilling,2025-01-13T08:00:00+05:30,ASCENSION_TEMPLATE_GENERATOR,"SYNTHETIC_DEVELOPMENT_ONLY; not a real incident, HSE label or validation record."
SYN-DEMO-0744,"During the shift handover, A reversing service vehicle used a spotter and the pedestrian route was segregated before movement began. The worker used a positioning tool and remained clear of the pinch point during alignment. The task took place at Duliajan Field. The task was in its preparation stage. The task was stopped and escalated for review.",0,"[""Driving"", ""Line of Fire""]",SYNTHETIC-DEMO-EVENT-SYN-DEMO-0744,train,false,true,Near Miss,Duliajan Field,Drilling,2025-01-13T08:00:00+05:30,ASCENSION_TEMPLATE_GENERATOR,"SYNTHETIC_DEVELOPMENT_ONLY; not a real incident, HSE label or validation record."
SYN-DEMO-0745,"During the shift handover, A reversing service vehicle moved through a pedestrian work area without a spotter or separation barrier. A worker placed a hand between moving equipment and a fixed support during alignment. The task took place at Duliajan Field. The task was in its positioning stage. The task was stopped and escalated for review.",1,"[""Driving"", ""Line of Fire""]",SYNTHETIC-DEMO-EVENT-SYN-DEMO-0745,test,false,true,Unsafe Condition,Moran Field,Production,2025-01-14T08:00:00+05:30,ASCENSION_TEMPLATE_GENERATOR,"SYNTHETIC_DEVELOPMENT_ONLY; not a real incident, HSE label or validation record."
SYN-DEMO-0746,"During planned work, A reversing service vehicle used a spotter and the pedestrian route was segregated before movement began. The worker used a positioning tool and remained clear of the pinch point during alignment. The task took place at Moran Field. The task was in its positioning stage. The supervisor was notified and the area was made safe.",0,"[""Driving"", ""Line of Fire""]",SYNTHETIC-DEMO-EVENT-SYN-DEMO-0746,validation,false,true,Unsafe Condition,Moran Field,Production,2025-01-14T08:00:00+05:30,ASCENSION_TEMPLATE_GENERATOR,"SYNTHETIC_DEVELOPMENT_ONLY; not a real incident, HSE label or validation record."
SYN-DEMO-0747,"During planned work, A reversing service vehicle moved through a pedestrian work area without a spotter or separation barrier. A worker placed a hand between moving equipment and a fixed support during alignment. The task took place at Moran Field. The task was in its positioning stage. The supervisor was notified and the area was made safe.",1,"[""Driving"", ""Line of Fire""]",SYNTHETIC-DEMO-EVENT-SYN-DEMO-0747,train,false,true,Unsafe Act,Digboi Refinery,Maintenance,2025-01-15T08:00:00+05:30,ASCENSION_TEMPLATE_GENERATOR,"SYNTHETIC_DEVELOPMENT_ONLY; not a real incident, HSE label or validation record."
SYN-DEMO-0748,"While the task was under way, A reversing service vehicle used a spotter and the pedestrian route was segregated before movement began. The worker used a positioning tool and remained clear of the pinch point during alignment. The task took place at Digboi Refinery. The task was in its positioning stage. No injury was reported; the exposure pathway was documented for follow-up.",0,"[""Driving"", ""Line of Fire""]",SYNTHETIC-DEMO-EVENT-SYN-DEMO-0748,validation,false,true,Unsafe Act,Digboi Refinery,Maintenance,2025-01-15T08:00:00+05:30,ASCENSION_TEMPLATE_GENERATOR,"SYNTHETIC_DEVELOPMENT_ONLY; not a real incident, HSE label or validation record."
SYN-DEMO-0749,"While the task was under way, A reversing service vehicle moved through a pedestrian work area without a spotter or separation barrier. A worker placed a hand between moving equipment and a fixed support during alignment. The task took place at Digboi Refinery. The task was in its positioning stage. No injury was reported; the exposure pathway was documented for follow-up.",1,"[""Driving"", ""Line of Fire""]",SYNTHETIC-DEMO-EVENT-SYN-DEMO-0749,validation,false,true,Incident,Naharkatiya Field,Projects,2025-01-16T08:00:00+05:30,ASCENSION_TEMPLATE_GENERATOR,"SYNTHETIC_DEVELOPMENT_ONLY; not a real incident, HSE label or validation record."
SYN-DEMO-0750,"Following a toolbox talk, A reversing service vehicle used a spotter and the pedestrian route was segregated before movement began. The worker used a positioning tool and remained clear of the pinch point during alignment. The task took place at Naharkatiya Field. The task was in its positioning stage. The event was recorded for HSE review and corrective action.",0,"[""Driving"", ""Line of Fire""]",SYNTHETIC-DEMO-EVENT-SYN-DEMO-0750,train,false,true,Incident,Naharkatiya Field,Projects,2025-01-16T08:00:00+05:30,ASCENSION_TEMPLATE_GENERATOR,"SYNTHETIC_DEVELOPMENT_ONLY; not a real incident, HSE label or validation record."
SYN-DEMO-0751,"Following a toolbox talk, A reversing service vehicle moved through a pedestrian work area without a spotter or separation barrier. A worker placed a hand between moving equipment and a fixed support during alignment. The task took place at Naharkatiya Field. The task was in its positioning stage. The event was recorded for HSE review and corrective action.",1,"[""Driving"", ""Line of Fire""]",SYNTHETIC-DEMO-EVENT-SYN-DEMO-0751,calibration,false,true,Near Miss,Duliajan Field,Drilling,2025-01-17T08:00:00+05:30,ASCENSION_TEMPLATE_GENERATOR,"SYNTHETIC_DEVELOPMENT_ONLY; not a real incident, HSE label or validation record."
SYN-DEMO-0752,"During routine operations, A reversing service vehicle used a spotter and the pedestrian route was segregated before movement began. The worker used a positioning tool and remained clear of the pinch point during alignment. The task took place at Duliajan Field. The task was in its positioning stage. The task was stopped and escalated for review.",0,"[""Driving"", ""Line of Fire""]",SYNTHETIC-DEMO-EVENT-SYN-DEMO-0752,calibration,false,true,Near Miss,Duliajan Field,Drilling,2025-01-17T08:00:00+05:30,ASCENSION_TEMPLATE_GENERATOR,"SYNTHETIC_DEVELOPMENT_ONLY; not a real incident, HSE label or validation record."
SYN-DEMO-0753,"During routine operations, A reversing service vehicle moved through a pedestrian work area without a spotter or separation barrier. A worker placed a hand between moving equipment and a fixed support during alignment. The task took place at Duliajan Field. The task was in its positioning stage. The task was stopped and escalated for review.",1,"[""Driving"", ""Line of Fire""]",SYNTHETIC-DEMO-EVENT-SYN-DEMO-0753,train,false,true,Unsafe Condition,Moran Field,Production,2025-01-18T08:00:00+05:30,ASCENSION_TEMPLATE_GENERATOR,"SYNTHETIC_DEVELOPMENT_ONLY; not a real incident, HSE label or validation record."
SYN-DEMO-0754,"At the start of the task, A reversing service vehicle used a spotter and the pedestrian route was segregated before movement began. The worker used a positioning tool and remained clear of the pinch point during alignment. The task took place at Moran Field. The task was in its positioning stage. The supervisor was notified and the area was made safe.",0,"[""Driving"", ""Line of Fire""]",SYNTHETIC-DEMO-EVENT-SYN-DEMO-0754,train,false,true,Unsafe Condition,Moran Field,Production,2025-01-18T08:00:00+05:30,ASCENSION_TEMPLATE_GENERATOR,"SYNTHETIC_DEVELOPMENT_ONLY; not a real incident, HSE label or validation record."
SYN-DEMO-0755,"At the start of the task, A reversing service vehicle moved through a pedestrian work area without a spotter or separation barrier. A worker placed a hand between moving equipment and a fixed support during alignment. The task took place at Moran Field. The task was in its positioning stage. The supervisor was notified and the area was made safe.",1,"[""Driving"", ""Line of Fire""]",SYNTHETIC-DEMO-EVENT-SYN-DEMO-0755,train,false,true,Unsafe Act,Digboi Refinery,Maintenance,2025-01-19T08:00:00+05:30,ASCENSION_TEMPLATE_GENERATOR,"SYNTHETIC_DEVELOPMENT_ONLY; not a real incident, HSE label or validation record."
SYN-DEMO-0756,"During the shift handover, A reversing service vehicle used a spotter and the pedestrian route was segregated before movement began. The worker used a positioning tool and remained clear of the pinch point during alignment. The task took place at Digboi Refinery. The task was in its positioning stage. No injury was reported; the exposure pathway was documented for follow-up.",0,"[""Driving"", ""Line of Fire""]",SYNTHETIC-DEMO-EVENT-SYN-DEMO-0756,train,false,true,Unsafe Act,Digboi Refinery,Maintenance,2025-01-19T08:00:00+05:30,ASCENSION_TEMPLATE_GENERATOR,"SYNTHETIC_DEVELOPMENT_ONLY; not a real incident, HSE label or validation record."
SYN-DEMO-0757,"During the shift handover, A housekeeping observation was recorded with no identified high-energy hazard, direct exposure or weakened critical control. The observation was logged at Duliajan Field by Drilling. The task was in its preparation stage. The task was stopped and escalated for review.",0,[],SYNTHETIC-DEMO-EVENT-SYN-DEMO-0757,train,false,true,Unsafe Condition,Moran Field,Production,2025-01-02T08:00:00+05:30,ASCENSION_TEMPLATE_GENERATOR,"SYNTHETIC_DEVELOPMENT_ONLY; not a real incident, HSE label or validation record."
SYN-DEMO-0758,"During planned work, A housekeeping observation was recorded with no identified high-energy hazard, direct exposure or weakened critical control. The observation was logged at Moran Field by Drilling. The task was in its preparation stage. The supervisor was notified and the area was made safe.",0,[],SYNTHETIC-DEMO-EVENT-SYN-DEMO-0758,test,false,true,Unsafe Act,Digboi Refinery,Maintenance,2025-01-03T08:00:00+05:30,ASCENSION_TEMPLATE_GENERATOR,"SYNTHETIC_DEVELOPMENT_ONLY; not a real incident, HSE label or validation record."
SYN-DEMO-0759,"While the task was under way, A housekeeping observation was recorded with no identified high-energy hazard, direct exposure or weakened critical control. The observation was logged at Digboi Refinery by Drilling. The task was in its preparation stage. No injury was reported; the exposure pathway was documented for follow-up.",0,[],SYNTHETIC-DEMO-EVENT-SYN-DEMO-0759,train,false,true,Incident,Naharkatiya Field,Projects,2025-01-04T08:00:00+05:30,ASCENSION_TEMPLATE_GENERATOR,"SYNTHETIC_DEVELOPMENT_ONLY; not a real incident, HSE label or validation record."
SYN-DEMO-0760,"Following a toolbox talk, A housekeeping observation was recorded with no identified high-energy hazard, direct exposure or weakened critical control. The observation was logged at Naharkatiya Field by Drilling. The task was in its preparation stage. The event was recorded for HSE review and corrective action.",0,[],SYNTHETIC-DEMO-EVENT-SYN-DEMO-0760,train,false,true,Near Miss,Duliajan Field,Drilling,2025-01-05T08:00:00+05:30,ASCENSION_TEMPLATE_GENERATOR,"SYNTHETIC_DEVELOPMENT_ONLY; not a real incident, HSE label or validation record."
SYN-DEMO-0761,"During routine operations, A housekeeping observation was recorded with no identified high-energy hazard, direct exposure or weakened critical control. The observation was logged at Duliajan Field by Production. The task was in its preparation stage. The task was stopped and escalated for review.",0,[],SYNTHETIC-DEMO-EVENT-SYN-DEMO-0761,validation,false,true,Unsafe Condition,Moran Field,Production,2025-01-06T08:00:00+05:30,ASCENSION_TEMPLATE_GENERATOR,"SYNTHETIC_DEVELOPMENT_ONLY; not a real incident, HSE label or validation record."
SYN-DEMO-0762,"At the start of the task, A housekeeping observation was recorded with no identified high-energy hazard, direct exposure or weakened critical control. The observation was logged at Moran Field by Production. The task was in its preparation stage. The supervisor was notified and the area was made safe.",0,[],SYNTHETIC-DEMO-EVENT-SYN-DEMO-0762,train,false,true,Unsafe Act,Digboi Refinery,Maintenance,2025-01-07T08:00:00+05:30,ASCENSION_TEMPLATE_GENERATOR,"SYNTHETIC_DEVELOPMENT_ONLY; not a real incident, HSE label or validation record."
SYN-DEMO-0763,"During the shift handover, A housekeeping observation was recorded with no identified high-energy hazard, direct exposure or weakened critical control. The observation was logged at Digboi Refinery by Production. The task was in its preparation stage. No injury was reported; the exposure pathway was documented for follow-up.",0,[],SYNTHETIC-DEMO-EVENT-SYN-DEMO-0763,train,false,true,Incident,Naharkatiya Field,Projects,2025-01-08T08:00:00+05:30,ASCENSION_TEMPLATE_GENERATOR,"SYNTHETIC_DEVELOPMENT_ONLY; not a real incident, HSE label or validation record."
SYN-DEMO-0764,"During planned work, A housekeeping observation was recorded with no identified high-energy hazard, direct exposure or weakened critical control. The observation was logged at Naharkatiya Field by Production. The task was in its preparation stage. The event was recorded for HSE review and corrective action.",0,[],SYNTHETIC-DEMO-EVENT-SYN-DEMO-0764,validation,false,true,Near Miss,Duliajan Field,Drilling,2025-01-09T08:00:00+05:30,ASCENSION_TEMPLATE_GENERATOR,"SYNTHETIC_DEVELOPMENT_ONLY; not a real incident, HSE label or validation record."
SYN-DEMO-0765,"While the task was under way, A housekeeping observation was recorded with no identified high-energy hazard, direct exposure or weakened critical control. The observation was logged at Duliajan Field by Maintenance. The task was in its preparation stage. The task was stopped and escalated for review.",0,[],SYNTHETIC-DEMO-EVENT-SYN-DEMO-0765,validation,false,true,Unsafe Condition,Moran Field,Production,2025-01-10T08:00:00+05:30,ASCENSION_TEMPLATE_GENERATOR,"SYNTHETIC_DEVELOPMENT_ONLY; not a real incident, HSE label or validation record."
SYN-DEMO-0766,"Following a toolbox talk, A housekeeping observation was recorded with no identified high-energy hazard, direct exposure or weakened critical control. The observation was logged at Moran Field by Maintenance. The task was in its preparation stage. The supervisor was notified and the area was made safe.",0,[],SYNTHETIC-DEMO-EVENT-SYN-DEMO-0766,train,false,true,Unsafe Act,Digboi Refinery,Maintenance,2025-01-11T08:00:00+05:30,ASCENSION_TEMPLATE_GENERATOR,"SYNTHETIC_DEVELOPMENT_ONLY; not a real incident, HSE label or validation record."
SYN-DEMO-0767,"During routine operations, A housekeeping observation was recorded with no identified high-energy hazard, direct exposure or weakened critical control. The observation was logged at Digboi Refinery by Maintenance. The task was in its preparation stage. No injury was reported; the exposure pathway was documented for follow-up.",0,[],SYNTHETIC-DEMO-EVENT-SYN-DEMO-0767,validation,false,true,Incident,Naharkatiya Field,Projects,2025-01-12T08:00:00+05:30,ASCENSION_TEMPLATE_GENERATOR,"SYNTHETIC_DEVELOPMENT_ONLY; not a real incident, HSE label or validation record."
SYN-DEMO-0768,"At the start of the task, A housekeeping observation was recorded with no identified high-energy hazard, direct exposure or weakened critical control. The observation was logged at Naharkatiya Field by Maintenance. The task was in its preparation stage. The event was recorded for HSE review and corrective action.",0,[],SYNTHETIC-DEMO-EVENT-SYN-DEMO-0768,train,false,true,Near Miss,Duliajan Field,Drilling,2025-01-13T08:00:00+05:30,ASCENSION_TEMPLATE_GENERATOR,"SYNTHETIC_DEVELOPMENT_ONLY; not a real incident, HSE label or validation record."
SYN-DEMO-0769,"During the shift handover, A housekeeping observation was recorded with no identified high-energy hazard, direct exposure or weakened critical control. The observation was logged at Duliajan Field by Projects. The task was in its positioning stage. The task was stopped and escalated for review.",0,[],SYNTHETIC-DEMO-EVENT-SYN-DEMO-0769,train,false,true,Unsafe Condition,Moran Field,Production,2025-01-14T08:00:00+05:30,ASCENSION_TEMPLATE_GENERATOR,"SYNTHETIC_DEVELOPMENT_ONLY; not a real incident, HSE label or validation record."
SYN-DEMO-0770,"During planned work, A housekeeping observation was recorded with no identified high-energy hazard, direct exposure or weakened critical control. The observation was logged at Moran Field by Projects. The task was in its positioning stage. The supervisor was notified and the area was made safe.",0,[],SYNTHETIC-DEMO-EVENT-SYN-DEMO-0770,test,false,true,Unsafe Act,Digboi Refinery,Maintenance,2025-01-15T08:00:00+05:30,ASCENSION_TEMPLATE_GENERATOR,"SYNTHETIC_DEVELOPMENT_ONLY; not a real incident, HSE label or validation record."
SYN-DEMO-0771,"While the task was under way, A housekeeping observation was recorded with no identified high-energy hazard, direct exposure or weakened critical control. The observation was logged at Digboi Refinery by Projects. The task was in its positioning stage. No injury was reported; the exposure pathway was documented for follow-up.",0,[],SYNTHETIC-DEMO-EVENT-SYN-DEMO-0771,test,false,true,Incident,Naharkatiya Field,Projects,2025-01-16T08:00:00+05:30,ASCENSION_TEMPLATE_GENERATOR,"SYNTHETIC_DEVELOPMENT_ONLY; not a real incident, HSE label or validation record."
SYN-DEMO-0772,"Following a toolbox talk, A housekeeping observation was recorded with no identified high-energy hazard, direct exposure or weakened critical control. The observation was logged at Naharkatiya Field by Projects. The task was in its positioning stage. The event was recorded for HSE review and corrective action.",0,[],SYNTHETIC-DEMO-EVENT-SYN-DEMO-0772,validation,false,true,Near Miss,Duliajan Field,Drilling,2025-01-17T08:00:00+05:30,ASCENSION_TEMPLATE_GENERATOR,"SYNTHETIC_DEVELOPMENT_ONLY; not a real incident, HSE label or validation record."
SYN-DEMO-0773,"During routine operations, A housekeeping observation was recorded with no identified high-energy hazard, direct exposure or weakened critical control. The observation was logged at Duliajan Field by Drilling. The task was in its positioning stage. The task was stopped and escalated for review.",0,[],SYNTHETIC-DEMO-EVENT-SYN-DEMO-0773,train,false,true,Unsafe Condition,Moran Field,Production,2025-01-18T08:00:00+05:30,ASCENSION_TEMPLATE_GENERATOR,"SYNTHETIC_DEVELOPMENT_ONLY; not a real incident, HSE label or validation record."
SYN-DEMO-0774,"At the start of the task, A housekeeping observation was recorded with no identified high-energy hazard, direct exposure or weakened critical control. The observation was logged at Moran Field by Drilling. The task was in its positioning stage. The supervisor was notified and the area was made safe.",0,[],SYNTHETIC-DEMO-EVENT-SYN-DEMO-0774,train,false,true,Unsafe Act,Digboi Refinery,Maintenance,2025-01-19T08:00:00+05:30,ASCENSION_TEMPLATE_GENERATOR,"SYNTHETIC_DEVELOPMENT_ONLY; not a real incident, HSE label or validation record."
SYN-DEMO-0775,"During the shift handover, A housekeeping observation was recorded with no identified high-energy hazard, direct exposure or weakened critical control. The observation was logged at Digboi Refinery by Drilling. The task was in its positioning stage. No injury was reported; the exposure pathway was documented for follow-up.",0,[],SYNTHETIC-DEMO-EVENT-SYN-DEMO-0775,train,false,true,Incident,Naharkatiya Field,Projects,2025-01-20T08:00:00+05:30,ASCENSION_TEMPLATE_GENERATOR,"SYNTHETIC_DEVELOPMENT_ONLY; not a real incident, HSE label or validation record."
SYN-DEMO-0776,"During planned work, A housekeeping observation was recorded with no identified high-energy hazard, direct exposure or weakened critical control. The observation was logged at Naharkatiya Field by Drilling. The task was in its positioning stage. The event was recorded for HSE review and corrective action.",0,[],SYNTHETIC-DEMO-EVENT-SYN-DEMO-0776,validation,false,true,Near Miss,Duliajan Field,Drilling,2025-01-21T08:00:00+05:30,ASCENSION_TEMPLATE_GENERATOR,"SYNTHETIC_DEVELOPMENT_ONLY; not a real incident, HSE label or validation record."
SYN-DEMO-0777,"While the task was under way, A housekeeping observation was recorded with no identified high-energy hazard, direct exposure or weakened critical control. The observation was logged at Duliajan Field by Production. The task was in its positioning stage. The task was stopped and escalated for review.",0,[],SYNTHETIC-DEMO-EVENT-SYN-DEMO-0777,test,false,true,Unsafe Condition,Moran Field,Production,2025-01-22T08:00:00+05:30,ASCENSION_TEMPLATE_GENERATOR,"SYNTHETIC_DEVELOPMENT_ONLY; not a real incident, HSE label or validation record."
SYN-DEMO-0778,"Following a toolbox talk, A housekeeping observation was recorded with no identified high-energy hazard, direct exposure or weakened critical control. The observation was logged at Moran Field by Production. The task was in its positioning stage. The supervisor was notified and the area was made safe.",0,[],SYNTHETIC-DEMO-EVENT-SYN-DEMO-0778,train,false,true,Unsafe Act,Digboi Refinery,Maintenance,2025-01-23T08:00:00+05:30,ASCENSION_TEMPLATE_GENERATOR,"SYNTHETIC_DEVELOPMENT_ONLY; not a real incident, HSE label or validation record."
SYN-DEMO-0779,"During routine operations, A housekeeping observation was recorded with no identified high-energy hazard, direct exposure or weakened critical control. The observation was logged at Digboi Refinery by Production. The task was in its positioning stage. No injury was reported; the exposure pathway was documented for follow-up.",0,[],SYNTHETIC-DEMO-EVENT-SYN-DEMO-0779,train,false,true,Incident,Naharkatiya Field,Projects,2025-01-24T08:00:00+05:30,ASCENSION_TEMPLATE_GENERATOR,"SYNTHETIC_DEVELOPMENT_ONLY; not a real incident, HSE label or validation record."
SYN-DEMO-0780,"At the start of the task, A housekeeping observation was recorded with no identified high-energy hazard, direct exposure or weakened critical control. The observation was logged at Naharkatiya Field by Production. The task was in its positioning stage. The event was recorded for HSE review and corrective action.",0,[],SYNTHETIC-DEMO-EVENT-SYN-DEMO-0780,test,false,true,Near Miss,Duliajan Field,Drilling,2025-01-25T08:00:00+05:30,ASCENSION_TEMPLATE_GENERATOR,"SYNTHETIC_DEVELOPMENT_ONLY; not a real incident, HSE label or validation record."
SYN-DEMO-0781,"During the shift handover, A housekeeping observation was recorded with no identified high-energy hazard, direct exposure or weakened critical control. The observation was logged at Duliajan Field by Maintenance. The task was in its execution stage. The task was stopped and escalated for review.",0,[],SYNTHETIC-DEMO-EVENT-SYN-DEMO-0781,train,false,true,Unsafe Condition,Moran Field,Production,2025-01-26T08:00:00+05:30,ASCENSION_TEMPLATE_GENERATOR,"SYNTHETIC_DEVELOPMENT_ONLY; not a real incident, HSE label or validation record."
SYN-DEMO-0782,"During planned work, A housekeeping observation was recorded with no identified high-energy hazard, direct exposure or weakened critical control. The observation was logged at Moran Field by Maintenance. The task was in its execution stage. The supervisor was notified and the area was made safe.",0,[],SYNTHETIC-DEMO-EVENT-SYN-DEMO-0782,train,false,true,Unsafe Act,Digboi Refinery,Maintenance,2025-01-27T08:00:00+05:30,ASCENSION_TEMPLATE_GENERATOR,"SYNTHETIC_DEVELOPMENT_ONLY; not a real incident, HSE label or validation record."
SYN-DEMO-0783,"While the task was under way, A housekeeping observation was recorded with no identified high-energy hazard, direct exposure or weakened critical control. The observation was logged at Digboi Refinery by Maintenance. The task was in its execution stage. No injury was reported; the exposure pathway was documented for follow-up.",0,[],SYNTHETIC-DEMO-EVENT-SYN-DEMO-0783,train,false,true,Incident,Naharkatiya Field,Projects,2025-01-28T08:00:00+05:30,ASCENSION_TEMPLATE_GENERATOR,"SYNTHETIC_DEVELOPMENT_ONLY; not a real incident, HSE label or validation record."
SYN-DEMO-0784,"Following a toolbox talk, A housekeeping observation was recorded with no identified high-energy hazard, direct exposure or weakened critical control. The observation was logged at Naharkatiya Field by Maintenance. The task was in its execution stage. The event was recorded for HSE review and corrective action.",0,[],SYNTHETIC-DEMO-EVENT-SYN-DEMO-0784,train,false,true,Near Miss,Duliajan Field,Drilling,2025-01-29T08:00:00+05:30,ASCENSION_TEMPLATE_GENERATOR,"SYNTHETIC_DEVELOPMENT_ONLY; not a real incident, HSE label or validation record."
SYN-DEMO-0785,"During routine operations, A housekeeping observation was recorded with no identified high-energy hazard, direct exposure or weakened critical control. The observation was logged at Duliajan Field by Projects. The task was in its execution stage. The task was stopped and escalated for review.",0,[],SYNTHETIC-DEMO-EVENT-SYN-DEMO-0785,train,false,true,Unsafe Condition,Moran Field,Production,2025-01-30T08:00:00+05:30,ASCENSION_TEMPLATE_GENERATOR,"SYNTHETIC_DEVELOPMENT_ONLY; not a real incident, HSE label or validation record."
SYN-DEMO-0786,"At the start of the task, A housekeeping observation was recorded with no identified high-energy hazard, direct exposure or weakened critical control. The observation was logged at Moran Field by Projects. The task was in its execution stage. The supervisor was notified and the area was made safe.",0,[],SYNTHETIC-DEMO-EVENT-SYN-DEMO-0786,test,false,true,Unsafe Act,Digboi Refinery,Maintenance,2025-01-31T08:00:00+05:30,ASCENSION_TEMPLATE_GENERATOR,"SYNTHETIC_DEVELOPMENT_ONLY; not a real incident, HSE label or validation record."
SYN-DEMO-0787,"During the shift handover, A housekeeping observation was recorded with no identified high-energy hazard, direct exposure or weakened critical control. The observation was logged at Digboi Refinery by Projects. The task was in its execution stage. No injury was reported; the exposure pathway was documented for follow-up.",0,[],SYNTHETIC-DEMO-EVENT-SYN-DEMO-0787,train,false,true,Incident,Naharkatiya Field,Projects,2025-02-01T08:00:00+05:30,ASCENSION_TEMPLATE_GENERATOR,"SYNTHETIC_DEVELOPMENT_ONLY; not a real incident, HSE label or validation record."
SYN-DEMO-0788,"During planned work, A housekeeping observation was recorded with no identified high-energy hazard, direct exposure or weakened critical control. The observation was logged at Naharkatiya Field by Projects. The task was in its execution stage. The event was recorded for HSE review and corrective action.",0,[],SYNTHETIC-DEMO-EVENT-SYN-DEMO-0788,test,false,true,Near Miss,Duliajan Field,Drilling,2025-02-02T08:00:00+05:30,ASCENSION_TEMPLATE_GENERATOR,"SYNTHETIC_DEVELOPMENT_ONLY; not a real incident, HSE label or validation record."
SYN-DEMO-0789,"While the task was under way, A housekeeping observation was recorded with no identified high-energy hazard, direct exposure or weakened critical control. The observation was logged at Duliajan Field by Drilling. The task was in its execution stage. The task was stopped and escalated for review.",0,[],SYNTHETIC-DEMO-EVENT-SYN-DEMO-0789,train,false,true,Unsafe Condition,Moran Field,Production,2025-02-03T08:00:00+05:30,ASCENSION_TEMPLATE_GENERATOR,"SYNTHETIC_DEVELOPMENT_ONLY; not a real incident, HSE label or validation record."
SYN-DEMO-0790,"Following a toolbox talk, A housekeeping observation was recorded with no identified high-energy hazard, direct exposure or weakened critical control. The observation was logged at Moran Field by Drilling. The task was in its execution stage. The supervisor was notified and the area was made safe.",0,[],SYNTHETIC-DEMO-EVENT-SYN-DEMO-0790,train,false,true,Unsafe Act,Digboi Refinery,Maintenance,2025-02-04T08:00:00+05:30,ASCENSION_TEMPLATE_GENERATOR,"SYNTHETIC_DEVELOPMENT_ONLY; not a real incident, HSE label or validation record."
SYN-DEMO-0791,"During routine operations, A housekeeping observation was recorded with no identified high-energy hazard, direct exposure or weakened critical control. The observation was logged at Digboi Refinery by Drilling. The task was in its execution stage. No injury was reported; the exposure pathway was documented for follow-up.",0,[],SYNTHETIC-DEMO-EVENT-SYN-DEMO-0791,test,false,true,Incident,Naharkatiya Field,Projects,2025-02-05T08:00:00+05:30,ASCENSION_TEMPLATE_GENERATOR,"SYNTHETIC_DEVELOPMENT_ONLY; not a real incident, HSE label or validation record."
SYN-DEMO-0792,"At the start of the task, A housekeeping observation was recorded with no identified high-energy hazard, direct exposure or weakened critical control. The observation was logged at Naharkatiya Field by Drilling. The task was in its execution stage. The event was recorded for HSE review and corrective action.",0,[],SYNTHETIC-DEMO-EVENT-SYN-DEMO-0792,train,false,true,Near Miss,Duliajan Field,Drilling,2025-02-06T08:00:00+05:30,ASCENSION_TEMPLATE_GENERATOR,"SYNTHETIC_DEVELOPMENT_ONLY; not a real incident, HSE label or validation record."
SYN-DEMO-0793,"During the shift handover, A housekeeping observation was recorded with no identified high-energy hazard, direct exposure or weakened critical control. The observation was logged at Duliajan Field by Production. The task was in its close-out stage. The task was stopped and escalated for review.",0,[],SYNTHETIC-DEMO-EVENT-SYN-DEMO-0793,train,false,true,Unsafe Condition,Moran Field,Production,2025-02-07T08:00:00+05:30,ASCENSION_TEMPLATE_GENERATOR,"SYNTHETIC_DEVELOPMENT_ONLY; not a real incident, HSE label or validation record."
SYN-DEMO-0794,"During planned work, A housekeeping observation was recorded with no identified high-energy hazard, direct exposure or weakened critical control. The observation was logged at Moran Field by Production. The task was in its close-out stage. The supervisor was notified and the area was made safe.",0,[],SYNTHETIC-DEMO-EVENT-SYN-DEMO-0794,train,false,true,Unsafe Act,Digboi Refinery,Maintenance,2025-02-08T08:00:00+05:30,ASCENSION_TEMPLATE_GENERATOR,"SYNTHETIC_DEVELOPMENT_ONLY; not a real incident, HSE label or validation record."
SYN-DEMO-0795,"While the task was under way, A housekeeping observation was recorded with no identified high-energy hazard, direct exposure or weakened critical control. The observation was logged at Digboi Refinery by Production. The task was in its close-out stage. No injury was reported; the exposure pathway was documented for follow-up.",0,[],SYNTHETIC-DEMO-EVENT-SYN-DEMO-0795,validation,false,true,Incident,Naharkatiya Field,Projects,2025-02-09T08:00:00+05:30,ASCENSION_TEMPLATE_GENERATOR,"SYNTHETIC_DEVELOPMENT_ONLY; not a real incident, HSE label or validation record."
SYN-DEMO-0796,"Following a toolbox talk, A housekeeping observation was recorded with no identified high-energy hazard, direct exposure or weakened critical control. The observation was logged at Naharkatiya Field by Production. The task was in its close-out stage. The event was recorded for HSE review and corrective action.",0,[],SYNTHETIC-DEMO-EVENT-SYN-DEMO-0796,calibration,false,true,Near Miss,Duliajan Field,Drilling,2025-02-10T08:00:00+05:30,ASCENSION_TEMPLATE_GENERATOR,"SYNTHETIC_DEVELOPMENT_ONLY; not a real incident, HSE label or validation record."
SYN-DEMO-0797,"During routine operations, A housekeeping observation was recorded with no identified high-energy hazard, direct exposure or weakened critical control. The observation was logged at Duliajan Field by Maintenance. The task was in its close-out stage. The task was stopped and escalated for review.",0,[],SYNTHETIC-DEMO-EVENT-SYN-DEMO-0797,train,false,true,Unsafe Condition,Moran Field,Production,2025-02-11T08:00:00+05:30,ASCENSION_TEMPLATE_GENERATOR,"SYNTHETIC_DEVELOPMENT_ONLY; not a real incident, HSE label or validation record."
SYN-DEMO-0798,"At the start of the task, A housekeeping observation was recorded with no identified high-energy hazard, direct exposure or weakened critical control. The observation was logged at Moran Field by Maintenance. The task was in its close-out stage. The supervisor was notified and the area was made safe.",0,[],SYNTHETIC-DEMO-EVENT-SYN-DEMO-0798,train,false,true,Unsafe Act,Digboi Refinery,Maintenance,2025-02-12T08:00:00+05:30,ASCENSION_TEMPLATE_GENERATOR,"SYNTHETIC_DEVELOPMENT_ONLY; not a real incident, HSE label or validation record."
SYN-DEMO-0799,"During the shift handover, A housekeeping observation was recorded with no identified high-energy hazard, direct exposure or weakened critical control. The observation was logged at Digboi Refinery by Maintenance. The task was in its close-out stage. No injury was reported; the exposure pathway was documented for follow-up.",0,[],SYNTHETIC-DEMO-EVENT-SYN-DEMO-0799,validation,false,true,Incident,Naharkatiya Field,Projects,2025-02-13T08:00:00+05:30,ASCENSION_TEMPLATE_GENERATOR,"SYNTHETIC_DEVELOPMENT_ONLY; not a real incident, HSE label or validation record."
SYN-DEMO-0800,"During planned work, A housekeeping observation was recorded with no identified high-energy hazard, direct exposure or weakened critical control. The observation was logged at Naharkatiya Field by Maintenance. The task was in its close-out stage. The event was recorded for HSE review and corrective action.",0,[],SYNTHETIC-DEMO-EVENT-SYN-DEMO-0800,train,false,true,Near Miss,Duliajan Field,Drilling,2025-02-14T08:00:00+05:30,ASCENSION_TEMPLATE_GENERATOR,"SYNTHETIC_DEVELOPMENT_ONLY; not a real incident, HSE label or validation record."
SYN-DEMO-0801,"While the task was under way, A housekeeping observation was recorded with no identified high-energy hazard, direct exposure or weakened critical control. The observation was logged at Duliajan Field by Projects. The task was in its close-out stage. The task was stopped and escalated for review.",0,[],SYNTHETIC-DEMO-EVENT-SYN-DEMO-0801,train,false,true,Unsafe Condition,Moran Field,Production,2025-02-15T08:00:00+05:30,ASCENSION_TEMPLATE_GENERATOR,"SYNTHETIC_DEVELOPMENT_ONLY; not a real incident, HSE label or validation record."
SYN-DEMO-0802,"Following a toolbox talk, A housekeeping observation was recorded with no identified high-energy hazard, direct exposure or weakened critical control. The observation was logged at Moran Field by Projects. The task was in its close-out stage. The supervisor was notified and the area was made safe.",0,[],SYNTHETIC-DEMO-EVENT-SYN-DEMO-0802,train,false,true,Unsafe Act,Digboi Refinery,Maintenance,2025-02-16T08:00:00+05:30,ASCENSION_TEMPLATE_GENERATOR,"SYNTHETIC_DEVELOPMENT_ONLY; not a real incident, HSE label or validation record."
SYN-DEMO-0803,"During routine operations, A housekeeping observation was recorded with no identified high-energy hazard, direct exposure or weakened critical control. The observation was logged at Digboi Refinery by Projects. The task was in its close-out stage. No injury was reported; the exposure pathway was documented for follow-up.",0,[],SYNTHETIC-DEMO-EVENT-SYN-DEMO-0803,train,false,true,Incident,Naharkatiya Field,Projects,2025-02-17T08:00:00+05:30,ASCENSION_TEMPLATE_GENERATOR,"SYNTHETIC_DEVELOPMENT_ONLY; not a real incident, HSE label or validation record."
SYN-DEMO-0804,"At the start of the task, A housekeeping observation was recorded with no identified high-energy hazard, direct exposure or weakened critical control. The observation was logged at Naharkatiya Field by Projects. The task was in its close-out stage. The event was recorded for HSE review and corrective action.",0,[],SYNTHETIC-DEMO-EVENT-SYN-DEMO-0804,train,false,true,Near Miss,Duliajan Field,Drilling,2025-02-18T08:00:00+05:30,ASCENSION_TEMPLATE_GENERATOR,"SYNTHETIC_DEVELOPMENT_ONLY; not a real incident, HSE label or validation record."
SYN-DEMO-0805,"During the shift handover, A housekeeping observation was recorded with no identified high-energy hazard, direct exposure or weakened critical control. The observation was logged at Duliajan Field by Drilling. The task was being restarted after a pause. The task was stopped and escalated for review.",0,[],SYNTHETIC-DEMO-EVENT-SYN-DEMO-0805,train,false,true,Unsafe Condition,Moran Field,Production,2025-02-19T08:00:00+05:30,ASCENSION_TEMPLATE_GENERATOR,"SYNTHETIC_DEVELOPMENT_ONLY; not a real incident, HSE label or validation record."
SYN-DEMO-0806,"During planned work, A housekeeping observation was recorded with no identified high-energy hazard, direct exposure or weakened critical control. The observation was logged at Moran Field by Drilling. The task was being restarted after a pause. The supervisor was notified and the area was made safe.",0,[],SYNTHETIC-DEMO-EVENT-SYN-DEMO-0806,validation,false,true,Unsafe Act,Digboi Refinery,Maintenance,2025-02-20T08:00:00+05:30,ASCENSION_TEMPLATE_GENERATOR,"SYNTHETIC_DEVELOPMENT_ONLY; not a real incident, HSE label or validation record."
SYN-DEMO-0807,"While the task was under way, A housekeeping observation was recorded with no identified high-energy hazard, direct exposure or weakened critical control. The observation was logged at Digboi Refinery by Drilling. The task was being restarted after a pause. No injury was reported; the exposure pathway was documented for follow-up.",0,[],SYNTHETIC-DEMO-EVENT-SYN-DEMO-0807,validation,false,true,Incident,Naharkatiya Field,Projects,2025-02-21T08:00:00+05:30,ASCENSION_TEMPLATE_GENERATOR,"SYNTHETIC_DEVELOPMENT_ONLY; not a real incident, HSE label or validation record."
SYN-DEMO-0808,"Following a toolbox talk, A housekeeping observation was recorded with no identified high-energy hazard, direct exposure or weakened critical control. The observation was logged at Naharkatiya Field by Drilling. The task was being restarted after a pause. The event was recorded for HSE review and corrective action.",0,[],SYNTHETIC-DEMO-EVENT-SYN-DEMO-0808,test,false,true,Near Miss,Duliajan Field,Drilling,2025-02-22T08:00:00+05:30,ASCENSION_TEMPLATE_GENERATOR,"SYNTHETIC_DEVELOPMENT_ONLY; not a real incident, HSE label or validation record."
SYN-DEMO-0809,"During routine operations, A housekeeping observation was recorded with no identified high-energy hazard, direct exposure or weakened critical control. The observation was logged at Duliajan Field by Production. The task was being restarted after a pause. The task was stopped and escalated for review.",0,[],SYNTHETIC-DEMO-EVENT-SYN-DEMO-0809,validation,false,true,Unsafe Condition,Moran Field,Production,2025-02-23T08:00:00+05:30,ASCENSION_TEMPLATE_GENERATOR,"SYNTHETIC_DEVELOPMENT_ONLY; not a real incident, HSE label or validation record."
SYN-DEMO-0810,"At the start of the task, A housekeeping observation was recorded with no identified high-energy hazard, direct exposure or weakened critical control. The observation was logged at Moran Field by Production. The task was being restarted after a pause. The supervisor was notified and the area was made safe.",0,[],SYNTHETIC-DEMO-EVENT-SYN-DEMO-0810,train,false,true,Unsafe Act,Digboi Refinery,Maintenance,2025-02-24T08:00:00+05:30,ASCENSION_TEMPLATE_GENERATOR,"SYNTHETIC_DEVELOPMENT_ONLY; not a real incident, HSE label or validation record."
SYN-DEMO-0811,"During the shift handover, A housekeeping observation was recorded with no identified high-energy hazard, direct exposure or weakened critical control. The observation was logged at Digboi Refinery by Production. The task was being restarted after a pause. No injury was reported; the exposure pathway was documented for follow-up.",0,[],SYNTHETIC-DEMO-EVENT-SYN-DEMO-0811,calibration,false,true,Incident,Naharkatiya Field,Projects,2025-02-25T08:00:00+05:30,ASCENSION_TEMPLATE_GENERATOR,"SYNTHETIC_DEVELOPMENT_ONLY; not a real incident, HSE label or validation record."
SYN-DEMO-0812,"During planned work, A housekeeping observation was recorded with no identified high-energy hazard, direct exposure or weakened critical control. The observation was logged at Naharkatiya Field by Production. The task was being restarted after a pause. The event was recorded for HSE review and corrective action.",0,[],SYNTHETIC-DEMO-EVENT-SYN-DEMO-0812,calibration,false,true,Near Miss,Duliajan Field,Drilling,2025-02-26T08:00:00+05:30,ASCENSION_TEMPLATE_GENERATOR,"SYNTHETIC_DEVELOPMENT_ONLY; not a real incident, HSE label or validation record."
SYN-DEMO-0813,"While the task was under way, A housekeeping observation was recorded with no identified high-energy hazard, direct exposure or weakened critical control. The observation was logged at Duliajan Field by Maintenance. The task was being restarted after a pause. The task was stopped and escalated for review.",0,[],SYNTHETIC-DEMO-EVENT-SYN-DEMO-0813,train,false,true,Unsafe Condition,Moran Field,Production,2025-02-27T08:00:00+05:30,ASCENSION_TEMPLATE_GENERATOR,"SYNTHETIC_DEVELOPMENT_ONLY; not a real incident, HSE label or validation record."
SYN-DEMO-0814,"Following a toolbox talk, A housekeeping observation was recorded with no identified high-energy hazard, direct exposure or weakened critical control. The observation was logged at Moran Field by Maintenance. The task was being restarted after a pause. The supervisor was notified and the area was made safe.",0,[],SYNTHETIC-DEMO-EVENT-SYN-DEMO-0814,train,false,true,Unsafe Act,Digboi Refinery,Maintenance,2025-02-28T08:00:00+05:30,ASCENSION_TEMPLATE_GENERATOR,"SYNTHETIC_DEVELOPMENT_ONLY; not a real incident, HSE label or validation record."
SYN-DEMO-0815,"During routine operations, A housekeeping observation was recorded with no identified high-energy hazard, direct exposure or weakened critical control. The observation was logged at Digboi Refinery by Maintenance. The task was being restarted after a pause. No injury was reported; the exposure pathway was documented for follow-up.",0,[],SYNTHETIC-DEMO-EVENT-SYN-DEMO-0815,calibration,false,true,Incident,Naharkatiya Field,Projects,2025-03-01T08:00:00+05:30,ASCENSION_TEMPLATE_GENERATOR,"SYNTHETIC_DEVELOPMENT_ONLY; not a real incident, HSE label or validation record."
SYN-DEMO-0816,"At the start of the task, A housekeeping observation was recorded with no identified high-energy hazard, direct exposure or weakened critical control. The observation was logged at Naharkatiya Field by Maintenance. The task was being restarted after a pause. The event was recorded for HSE review and corrective action.",0,[],SYNTHETIC-DEMO-EVENT-SYN-DEMO-0816,train,false,true,Near Miss,Duliajan Field,Drilling,2025-03-02T08:00:00+05:30,ASCENSION_TEMPLATE_GENERATOR,"SYNTHETIC_DEVELOPMENT_ONLY; not a real incident, HSE label or validation record."
SYN-DEMO-0817,"During the shift handover, A housekeeping observation was recorded with no identified high-energy hazard, direct exposure or weakened critical control. The observation was logged at Duliajan Field by Projects. The task was under routine supervision. The task was stopped and escalated for review.",0,[],SYNTHETIC-DEMO-EVENT-SYN-DEMO-0817,train,false,true,Unsafe Condition,Moran Field,Production,2025-03-03T08:00:00+05:30,ASCENSION_TEMPLATE_GENERATOR,"SYNTHETIC_DEVELOPMENT_ONLY; not a real incident, HSE label or validation record."
SYN-DEMO-0818,"During planned work, A housekeeping observation was recorded with no identified high-energy hazard, direct exposure or weakened critical control. The observation was logged at Moran Field by Projects. The task was under routine supervision. The supervisor was notified and the area was made safe.",0,[],SYNTHETIC-DEMO-EVENT-SYN-DEMO-0818,train,false,true,Unsafe Act,Digboi Refinery,Maintenance,2025-03-04T08:00:00+05:30,ASCENSION_TEMPLATE_GENERATOR,"SYNTHETIC_DEVELOPMENT_ONLY; not a real incident, HSE label or validation record."
SYN-DEMO-0819,"While the task was under way, A housekeeping observation was recorded with no identified high-energy hazard, direct exposure or weakened critical control. The observation was logged at Digboi Refinery by Projects. The task was under routine supervision. No injury was reported; the exposure pathway was documented for follow-up.",0,[],SYNTHETIC-DEMO-EVENT-SYN-DEMO-0819,train,false,true,Incident,Naharkatiya Field,Projects,2025-03-05T08:00:00+05:30,ASCENSION_TEMPLATE_GENERATOR,"SYNTHETIC_DEVELOPMENT_ONLY; not a real incident, HSE label or validation record."
SYN-DEMO-0820,"Following a toolbox talk, A housekeeping observation was recorded with no identified high-energy hazard, direct exposure or weakened critical control. The observation was logged at Naharkatiya Field by Projects. The task was under routine supervision. The event was recorded for HSE review and corrective action.",0,[],SYNTHETIC-DEMO-EVENT-SYN-DEMO-0820,train,false,true,Near Miss,Duliajan Field,Drilling,2025-03-06T08:00:00+05:30,ASCENSION_TEMPLATE_GENERATOR,"SYNTHETIC_DEVELOPMENT_ONLY; not a real incident, HSE label or validation record."
SYN-DEMO-0821,"During routine operations, A housekeeping observation was recorded with no identified high-energy hazard, direct exposure or weakened critical control. The observation was logged at Duliajan Field by Drilling. The task was under routine supervision. The task was stopped and escalated for review.",0,[],SYNTHETIC-DEMO-EVENT-SYN-DEMO-0821,test,false,true,Unsafe Condition,Moran Field,Production,2025-03-07T08:00:00+05:30,ASCENSION_TEMPLATE_GENERATOR,"SYNTHETIC_DEVELOPMENT_ONLY; not a real incident, HSE label or validation record."
SYN-DEMO-0822,"At the start of the task, A housekeeping observation was recorded with no identified high-energy hazard, direct exposure or weakened critical control. The observation was logged at Moran Field by Drilling. The task was under routine supervision. The supervisor was notified and the area was made safe.",0,[],SYNTHETIC-DEMO-EVENT-SYN-DEMO-0822,train,false,true,Unsafe Act,Digboi Refinery,Maintenance,2025-03-08T08:00:00+05:30,ASCENSION_TEMPLATE_GENERATOR,"SYNTHETIC_DEVELOPMENT_ONLY; not a real incident, HSE label or validation record."
SYN-DEMO-0823,"During the shift handover, A housekeeping observation was recorded with no identified high-energy hazard, direct exposure or weakened critical control. The observation was logged at Digboi Refinery by Drilling. The task was under routine supervision. No injury was reported; the exposure pathway was documented for follow-up.",0,[],SYNTHETIC-DEMO-EVENT-SYN-DEMO-0823,validation,false,true,Incident,Naharkatiya Field,Projects,2025-03-09T08:00:00+05:30,ASCENSION_TEMPLATE_GENERATOR,"SYNTHETIC_DEVELOPMENT_ONLY; not a real incident, HSE label or validation record."
SYN-DEMO-0824,"During planned work, A housekeeping observation was recorded with no identified high-energy hazard, direct exposure or weakened critical control. The observation was logged at Naharkatiya Field by Drilling. The task was under routine supervision. The event was recorded for HSE review and corrective action.",0,[],SYNTHETIC-DEMO-EVENT-SYN-DEMO-0824,calibration,false,true,Near Miss,Duliajan Field,Drilling,2025-03-10T08:00:00+05:30,ASCENSION_TEMPLATE_GENERATOR,"SYNTHETIC_DEVELOPMENT_ONLY; not a real incident, HSE label or validation record."
SYN-DEMO-0825,"While the task was under way, A housekeeping observation was recorded with no identified high-energy hazard, direct exposure or weakened critical control. The observation was logged at Duliajan Field by Production. The task was under routine supervision. The task was stopped and escalated for review.",0,[],SYNTHETIC-DEMO-EVENT-SYN-DEMO-0825,train,false,true,Unsafe Condition,Moran Field,Production,2025-03-11T08:00:00+05:30,ASCENSION_TEMPLATE_GENERATOR,"SYNTHETIC_DEVELOPMENT_ONLY; not a real incident, HSE label or validation record."
SYN-DEMO-0826,"Following a toolbox talk, A housekeeping observation was recorded with no identified high-energy hazard, direct exposure or weakened critical control. The observation was logged at Moran Field by Production. The task was under routine supervision. The supervisor was notified and the area was made safe.",0,[],SYNTHETIC-DEMO-EVENT-SYN-DEMO-0826,train,false,true,Unsafe Act,Digboi Refinery,Maintenance,2025-03-12T08:00:00+05:30,ASCENSION_TEMPLATE_GENERATOR,"SYNTHETIC_DEVELOPMENT_ONLY; not a real incident, HSE label or validation record."
SYN-DEMO-0827,"During routine operations, A housekeeping observation was recorded with no identified high-energy hazard, direct exposure or weakened critical control. The observation was logged at Digboi Refinery by Production. The task was under routine supervision. No injury was reported; the exposure pathway was documented for follow-up.",0,[],SYNTHETIC-DEMO-EVENT-SYN-DEMO-0827,train,false,true,Incident,Naharkatiya Field,Projects,2025-03-13T08:00:00+05:30,ASCENSION_TEMPLATE_GENERATOR,"SYNTHETIC_DEVELOPMENT_ONLY; not a real incident, HSE label or validation record."
SYN-DEMO-0828,"At the start of the task, A housekeeping observation was recorded with no identified high-energy hazard, direct exposure or weakened critical control. The observation was logged at Naharkatiya Field by Production. The task was under routine supervision. The event was recorded for HSE review and corrective action.",0,[],SYNTHETIC-DEMO-EVENT-SYN-DEMO-0828,calibration,false,true,Near Miss,Duliajan Field,Drilling,2025-03-14T08:00:00+05:30,ASCENSION_TEMPLATE_GENERATOR,"SYNTHETIC_DEVELOPMENT_ONLY; not a real incident, HSE label or validation record."
